Workbook

Sheet 销售需求表
A1: 2025年7月外贸印尼计划需求
A2: 产品名称
A3: ID10.00-20-14PR[CR918]威狮 | B3: 450 | C3: 北美 | D3: =MID(A3,FIND("-",A3)+1,2) | E3: 载重 | F3: =E3&D3&"寸"
A4: ID10.00-20-16PR[CR952]146/142G 威狮 | B4: 280 | C4: 亚 | D4: =MID(A4,FIND("-",A4)+1,2) | E4: 载重 | F4: =E4&D4&"寸"
A5: ID10.00-20-16PR[R9037]146/142G 朝阳 | B5: 2000 | C5: 亚 | D5: =MID(A5,FIND("-",A5)+1,2) | E5: 载重 | F5: =E5&D5&"寸"
A6: ID10.00-20-16PR[R9037]146/142G 金冠 | B6: 2000 | C6: 亚 | D6: =MID(A6,FIND("-",A6)+1,2) | E6: 载重 | F6: =E6&D6&"寸"
A7: ID10.00-20-18PR[AB111]150/145G ASCENDO | B7: 180 | C7: 亚 | D7: =MID(A7,FIND("-",A7)+1,2) | E7: 载重 | F7: =E7&D7&"寸"
A8: ID10.00-20-18PR[AB316]150/145G ASCENDO | B8: 500 | C8: 亚 | D8: =MID(A8,FIND("-",A8)+1,2) | E8: 载重 | F8: =E8&D8&"寸"
A9: ID10.00-20-18PR[CL956]150/145G 金冠 | B9: 1000 | C9: 亚 | D9: =MID(A9,FIND("-",A9)+1,2) | E9: 载重 | F9: =E9&D9&"寸"
A10: ID10.00-20-18PR[CR952]150/145G TRAZANO(全诺) | B10: 2000 | C10: 亚 | D10: =MID(A10,FIND("-",A10)+1,2) | E10: 载重 | F10: =E10&D10&"寸"
A11: ID10.00-20-18PR[CR952]150/145G 金冠 | B11: 2000 | C11: 亚 | D11: =MID(A11,FIND("-",A11)+1,2) | E11: 载重 | F11: =E11&D11&"寸"
A12: ID10.00-20-18PR[CR952]150/145G 威狮 | B12: 560 | C12: 亚 | D12: =MID(A12,FIND("-",A12)+1,2) | E12: 载重 | F12: =E12&D12&"寸"
A13: ID10.00-20-18PR[M9097]150/145G 朝阳 | B13: 2000 | C13: 亚 | D13: =MID(A13,FIND("-",A13)+1,2) | E13: 载重 | F13: =E13&D13&"寸"
A14: ID10.00-20-18PR[M9097]150/145G 金冠 | B14: 850 | C14: 亚 | D14: =MID(A14,FIND("-",A14)+1,2) | E14: 载重 | F14: =E14&D14&"寸"
... A41: ID7.50-16LT-14PR[MX882]122/118K 威狮 | B41: 1300 | C41: 亚 | D41: =MID(A41,FIND("-",A41)+1,2) | E41: 轻卡 | F41: =E41&D41&"寸"
A42: IDST205/75D15-6PR[TE898]101/97L TRANSEAGLE无内 | B42: 500 | C42: 北美 | D42: =MID(A42,FIND("-",A42)-2,2) | E42: ST | F42: =E42&D42&"寸"
A43: IDST205/75R14-8PR[ST Radial]105/101M Tamarack无内 NR | B43: 12000 | C43: 北美 | D43: =MID(A43,FIND("-",A43)-2,2) | E43: 半钢ST | F43: =E43&D43&"寸"
A44: IDST205/75R15-8PR[ST226]107/102L CASTLE ROCK无内 NR | B44: 5900 | C44: 北美 | D44: =MID(A44,FIND("-",A44)-2,2) | E44: 半钢ST | F44: =E44&D44&"寸"
A45: IDST225/75R15-10PR[ST Radial]117/112M Tamarack无内 NR | B45: 1000 | C45: 北美 | D45: =MID(A45,FIND("-",A45)-2,2) | E45: 半钢ST | F45: =E45&D45&"寸"
A46: IDST225/75R15-8PR[ST Radial]113/108M Tamarack无内 NR | B46: 1300 | C46: 北美 | D46: =MID(A46,FIND("-",A46)-2,2) | E46: 半钢ST | F46: =E46&D46&"寸"
A47: IDST235/80R16-10PR[ST226]124/120L CASTLE ROCK无内 NR | B47: 5300 | C47: 北美 | D47: =MID(A47,FIND("-",A47)-2,2) | E47: 半钢ST | F47: =E47&D47&"寸"
A48: IDST235/85R16-12PR[ST Radial]128/124M Tamarack无内 NR | B48: 350 | C48: 北美 | D48: =MID(A48,FIND("-",A48)-2,2) | E48: 半钢ST | F48: =E48&D48&"寸"
A49: ID14.5/75-16.1SL-10PR[STRONG GUARD F-3]121A8 HERCULES无内 | B49: 140 | C49: 天津 | D49: =MID(A49,FIND("-",A49)+1,4) | E49: ATD | F49: =E49&D49&"寸"
A50: ID23.5-25-20PR[T318]天力 | B50: 40 | C50: OTR | D50: =MID(A50,FIND("-",A50)+1,2) | E50: 工程胎 | F50: =E50&D50&"寸"
A51: ID23.5-25-24PR[CL728]威狮 东南亚 | B51: 240 | C51: 亚 | D51: =MID(A51,FIND("-",A51)+1,2) | E51: 工程胎 | F51: =E51&D51&"寸"
A52: ID23×8.50-12-6PR[STRONG GUARD SS]101A2 HERCULES无内 | B52: 160 | C52: 天津 | D52: =MID(A52,FIND("-",A52)+1,2) | E52: ATD | F52: =E52&D52&"寸"
A53: ID26×12-12-8PR[STRONG GUARD R1]119A2 HERCULES无内 | B53: 250 | C53: 天津 | D53: =MID(A53,FIND("-",A53)+1,2) | E53: ATD | F53: =E53&D53&"寸"
A54: ID27×8.5-15-8PR[STRONG GUARD SS]HERCULES无内 | B54: 420 | C54: 天津 | D54: =MID(A54,FIND("-",A54)+1,2) | E54: ATD | F54: =E54&D54&"寸"
A55: ID29×12.5-15-8PR[STRONG GUARD R1]123A2 HERCULES无内 | B55: 100 | C55: 天津 | D55: =MID(A55,FIND("-",A55)+1,2) | E55: ATD | F55: =E55&D55&"寸"
A56: ID5.70-12-6PR[STRONG GUARD SS]97A2 HERCULES无内 | B56: 180 | C56: 天津 | D56: =MID(A56,FIND("-",A56)+1,2) | E56: ATD | F56: =E56&D56&"寸"
B58: =SUM(B3:B57)
A63: ID11R22.5-14PR(144/142M)[AT552]ARISUN无内 | B63: 700 | C63: 亚 | D63: =MID(A63,FIND("R",A63)+1,4) | E63: =_xlfn.XLOOKUP(A63,'7月排产计划'!G:G,'7月排产计划'!B:B) | F63: =E63&D63&"寸" | G63: 全钢 | H63: =D63&G63
A64: ID11R22.5-14PR(144/142M)[AT563]ARISUN无内 | B64: 300 | C64: 北美 | D64: =MID(A64,FIND("R",A64)+1,4) | E64: =_xlfn.XLOOKUP(A64,'7月排产计划'!G:G,'7月排产计划'!B:B) | F64: =E64&D64&"寸" | G64: 全钢 | H64: =D64&G64
A65: ID11R22.5-14PR(144/142M)[CR915]威狮无内 | B65: 500 | C65: 北美 | D65: =MID(A65,FIND("R",A65)+1,4) | E65: =_xlfn.XLOOKUP(A65,'7月排产计划'!G:G,'7月排产计划'!B:B) | F65: =E65&D65&"寸" | G65: 全钢 | H65: =D65&G65
A66: ID11R22.5-14PR(144/142M)[HT1 Plus]SUPERMAX无内 | B66: 580 | C66: 北美 | D66: =MID(A66,FIND("R",A66)+1,4) | E66: =_xlfn.XLOOKUP(A66,'7月排产计划'!G:G,'7月排产计划'!B:B) | F66: =E66&D66&"寸" | G66: 全钢 | H66: =D66&G66
A67: ID11R22.5-14PR(144/142M)[I-48T]IRONMAN无内 SMARTWAY | B67: 800 | C67: 北美 | D67: =MID(A67,FIND("R",A67)+1,4) | E67: =_xlfn.XLOOKUP(A67,'7月排产计划'!G:G,'7月排产计划'!B:B) | F67: =E67&D67&"寸" | G67: 全钢 | H67: =D67&G67
A68: ID11R22.5-14PR(144/142M)[M-TRAC TR]MASTERTRACK无内 | B68: 620 | C68: 北美 | D68: =MID(A68,FIND("R",A68)+1,4) | E68: =_xlfn.XLOOKUP(A68,'7月排产计划'!G:G,'7月排产计划'!B:B) | F68: =E68&D68&"寸" | G68: 全钢 | H68: =D68&G68
A69: ID11R22.5-14PR(144/142M)[Strong Guard H-TL]HERCULES无内 | B69: 280 | C69: 北美 | D69: =MID(A69,FIND("R",A69)+1,4) | E69: =_xlfn.XLOOKUP(A69,'7月排产计划'!G:G,'7月排产计划'!B:B) | F69: =E69&D69&"寸" | G69: 全钢 | H69: =D69&G69
A70: ID11R22.5-16PR(146/143L)[DOMINATE D01]BLACKARROW无内 | B70: 280 | C70: 北美 | D70: =MID(A70,FIND("R",A70)+1,4) | E70: =_xlfn.XLOOKUP(A70,'7月排产计划'!G:G,'7月排产计划'!B:B) | F70: =E70&D70&"寸" | G70: 全钢 | H70: =D70&G70
A71: ID11R22.5-16PR(146/143L)[HD1 PlusX]SUPERMAX ECO无内 | B71: 750 | C71: 北美 | D71: =MID(A71,FIND("R",A71)+1,4) | E71: =_xlfn.XLOOKUP(A71,'7月排产计划'!G:G,'7月排产计划'!B:B) | F71: =E71&D71&"寸" | G71: 全钢 | H71: =D71&G71
A72: ID11R22.5-16PR(146/143L)[KOBE DPM]ITARO无内 | B72: 1700 | C72: 北美 | D72: =MID(A72,FIND("R",A72)+1,4) | E72: =_xlfn.XLOOKUP(A72,'7月排产计划'!G:G,'7月排产计划'!B:B) | F72: =E72&D72&"寸" | G72: 全钢 | H72: =D72&G72
A73: ID11R22.5-16PR(146/143L)[M-TRAC CSD+]MASTERTRACK无内 | B73: 280 | C73: 北美 | D73: =MID(A73,FIND("R",A73)+1,4) | E73: =_xlfn.XLOOKUP(A73,'7月排产计划'!G:G,'7月排产计划'!B:B) | F73: =E73&D73&"寸" | G73: 全钢 | H73: =D73&G73
A74: ID11R22.5-16PR(146/143L)[M-TRAC HS+]MASTERTRACK无内 | B74: 280 | C74: 北美 | D74: =MID(A74,FIND("R",A74)+1,4) | E74: =_xlfn.XLOOKUP(A74,'7月排产计划'!G:G,'7月排产计划'!B:B) | F74: =E74&D74&"寸" | G74: 全钢 | H74: =D74&G74
... A281: ID315/80R22.5-20PR(161/157K)[VA996]VITOUR无内 | B281: 300 | C281: 亚 | D281: =MID(A281,FIND("R",A281)+1,4) | E281: =_xlfn.XLOOKUP(A281,'7月排产计划'!G:G,'7月排产计划'!B:B) | F281: =E281&D281&"寸" | G281: 全钢 | H281: =D281&G281
A282: ID325/95R24-22PR(162/160F)[CB972]威狮无内 | B282: 600 | C282: 亚 | D282: =MID(A282,FIND("R",A282)+1,2) | E282: =_xlfn.XLOOKUP(A282,'7月排产计划'!G:G,'7月排产计划'!B:B) | F282: =E282&D282&"寸" | G282: 全钢 | H282: =D282&G282
A283: ID325/95R24-22PR(162/160K)[AZ828]威狮无内 | B283: 250 | C283: 非 | D283: =MID(A283,FIND("R",A283)+1,2) | E283: =_xlfn.XLOOKUP(A283,'7月排产计划'!G:G,'7月排产计划'!B:B) | F283: =E283&D283&"寸" | G283: 全钢 | H283: =D283&G283
A284: ID325/95R24-22PR(162/160K)[MD752]TRAZANO(全诺)无内 | B284: 100 | C284: 非 | D284: =MID(A284,FIND("R",A284)+1,2) | E284: =_xlfn.XLOOKUP(A284,'7月排产计划'!G:G,'7月排产计划'!B:B) | F284: =E284&D284&"寸" | G284: 全钢 | H284: =D284&G284
A285: ID325/95R24-22PR(162/160K)[MD752]威狮无内 | B285: 480 | C285: 非 | D285: =MID(A285,FIND("R",A285)+1,2) | E285: =_xlfn.XLOOKUP(A285,'7月排产计划'!G:G,'7月排产计划'!B:B) | F285: =E285&D285&"寸" | G285: 全钢 | H285: =D285&G285
A286: ID385/65R22.5-20PR(160K)[HA4 Plus]SUPERMAX无内 | B286: 320 | C286: 北美 | D286: =MID(A286,FIND("R",A286)+1,4) | E286: =_xlfn.XLOOKUP(A286,'7月排产计划'!G:G,'7月排产计划'!B:B) | F286: =E286&D286&"寸" | G286: 全钢 | H286: =D286&G286
A287: ID385/65R22.5-20PR(160K)[I-42W]IRONMAN无内 | B287: 320 | C287: 北美 | D287: =MID(A287,FIND("R",A287)+1,4) | E287: =_xlfn.XLOOKUP(A287,'7月排产计划'!G:G,'7月排产计划'!B:B) | F287: =E287&D287&"寸" | G287: 全钢 | H287: =D287&G287
A288: ID385/65R22.5-20PR(160K)[M-TRAC MSF]MASTERTRACK无内 | B288: 800 | C288: 北美 | D288: =MID(A288,FIND("R",A288)+1,4) | E288: =_xlfn.XLOOKUP(A288,'7月排产计划'!G:G,'7月排产计划'!B:B) | F288: =E288&D288&"寸" | G288: 全钢 | H288: =D288&G288
A289: ID385/65R22.5-20PR(160K)[Strong Guard H-MW]HERCULES无内 | B289: 820 | C289: 北美 | D289: =MID(A289,FIND("R",A289)+1,4) | E289: =_xlfn.XLOOKUP(A289,'7月排产计划'!G:G,'7月排产计划'!B:B) | F289: =E289&D289&"寸" | G289: 全钢 | H289: =D289&G289
A290: ID385/65R22.5-20PR(160K)[VA916]VITOUR无内 | B290: 500 | C290: 亚 | D290: =MID(A290,FIND("R",A290)+1,4) | E290: =_xlfn.XLOOKUP(A290,'7月排产计划'!G:G,'7月排产计划'!B:B) | F290: =E290&D290&"寸" | G290: 全钢 | H290: =D290&G290
A291: ID425/65R22.5-20PR(165K)[HA4 Plus]SUPERMAX无内 | B291: 280 | C291: 北美 | D291: =MID(A291,FIND("R",A291)+1,4) | E291: =_xlfn.XLOOKUP(A291,'7月排产计划'!G:G,'7月排产计划'!B:B) | F291: =E291&D291&"寸" | G291: 全钢 | H291: =D291&G291
A292: ID425/65R22.5-20PR(165K)[I-42W]IRONMAN无内 | B292: 500 | C292: 北美 | D292: =MID(A292,FIND("R",A292)+1,4) | E292: =_xlfn.XLOOKUP(A292,'7月排产计划'!G:G,'7月排产计划'!B:B) | F292: =E292&D292&"寸" | G292: 全钢 | H292: =D292&G292
A293: ID425/65R22.5-20PR(165K)[M-TRAC MSF]MASTERTRACK无内 | B293: 500 | C293: 北美 | D293: =MID(A293,FIND("R",A293)+1,4) | E293: =_xlfn.XLOOKUP(A293,'7月排产计划'!G:G,'7月排产计划'!B:B) | F293: =E293&D293&"寸" | G293: 全钢 | H293: =D293&G293
A294: ID425/65R22.5-20PR(165K)[Strong Guard H-MW]HERCULES无内 | B294: 920 | C294: 北美 | D294: =MID(A294,FIND("R",A294)+1,4) | E294: =_xlfn.XLOOKUP(A294,'7月排产计划'!G:G,'7月排产计划'!B:B) | F294: =E294&D294&"寸" | G294: 全钢 | H294: =D294&G294
A295: ID425/65R22.5-20PR(165K)[VA916]VITOUR无内 | B295: 500 | C295: 亚 | D295: =MID(A295,FIND("R",A295)+1,4) | E295: =_xlfn.XLOOKUP(A295,'7月排产计划'!G:G,'7月排产计划'!B:B) | F295: =E295&D295&"寸" | G295: 全钢 | H295: =D295&G295
A296: ID445/50R22.5-20PR(161L)[AD755]ARISUN无内 | B296: 160 | C296: 北美 | D296: =MID(A296,FIND("R",A296)+1,4) | E296: =_xlfn.XLOOKUP(A296,'7月排产计划'!G:G,'7月排产计划'!B:B) | F296: =E296&D296&"寸" | G296: 全钢 | H296: =D296&G296
A297: ID445/50R22.5-20PR(161L)[AD781]GOODRIDE(好运)无内 | B297: 270 | C297: 北美 | D297: =MID(A297,FIND("R",A297)+1,4) | E297: =_xlfn.XLOOKUP(A297,'7月排产计划'!G:G,'7月排产计划'!B:B) | F297: =E297&D297&"寸" | G297: 全钢 | H297: =D297&G297
... A302: ID445/65R22.5-20PR(169K)[I-42W]IRONMAN无内 | B302: 360 | C302: 北美 | D302: =MID(A302,FIND("R",A302)+1,4) | E302: =_xlfn.XLOOKUP(A302,'7月排产计划'!G:G,'7月排产计划'!B:B) | F302: =E302&D302&"寸" | G302: 全钢 | H302: =D302&G302
A303: ID10.00R20-18PR(149/146F)[CB332]威狮 | B303: 680 | C303: 亚 | D303: =MID(A303,FIND("R",A303)+1,2) | E303: =_xlfn.XLOOKUP(A303,'7月排产计划'!G:G,'7月排产计划'!B:B) | F303: =E303&D303&"寸" | G303: 全钢 | H303: =D303&G303
A304: ID10.00R20-18PR(149/146F)[CB972]威狮 | B304: 280 | C304: 亚 | D304: =MID(A304,FIND("R",A304)+1,2) | E304: =_xlfn.XLOOKUP(A304,'7月排产计划'!G:G,'7月排产计划'!B:B) | F304: =E304&D304&"寸" | G304: 全钢 | H304: =D304&G304
A305: ID10.00R20-18PR(149/146F)[MT100]UNITED | B305: 200 | C305: 亚 | D305: =MID(A305,FIND("R",A305)+1,2) | E305: =_xlfn.XLOOKUP(A305,'7月排产计划'!G:G,'7月排产计划'!B:B) | F305: =E305&D305&"寸" | G305: 全钢 | H305: =D305&G305
A306: ID10.00R20-18PR(149/146J)[AZ601]威狮 | B306: 1600 | C306: 亚 | D306: =MID(A306,FIND("R",A306)+1,2) | E306: =_xlfn.XLOOKUP(A306,'7月排产计划'!G:G,'7月排产计划'!B:B) | F306: =E306&D306&"寸" | G306: 全钢 | H306: =D306&G306
A307: ID10.00R20-18PR(149/146J)[AZ676]TRAZANO(全诺) | B307: 3800 | C307: 亚 | D307: =MID(A307,FIND("R",A307)+1,2) | E307: =_xlfn.XLOOKUP(A307,'7月排产计划'!G:G,'7月排产计划'!B:B) | F307: =E307&D307&"寸" | G307: 全钢 | H307: =D307&G307
A308: ID10.00R20-18PR(149/146J)[AZ686]GOODRIDE(好运) | B308: 200 | C308: 亚 | D308: =MID(A308,FIND("R",A308)+1,2) | E308: =_xlfn.XLOOKUP(A308,'7月排产计划'!G:G,'7月排产计划'!B:B) | F308: =E308&D308&"寸" | G308: 全钢 | H308: =D308&G308
A309: ID10.00R20-18PR(149/146J)[AZ686]雅度 | B309: 220 | C309: 亚 | D309: =MID(A309,FIND("R",A309)+1,2) | E309: =_xlfn.XLOOKUP(A309,'7月排产计划'!G:G,'7月排产计划'!B:B) | F309: =E309&D309&"寸" | G309: 全钢 | H309: =D309&G309
A310: ID10.00R20-18PR(149/146J)[AZ850]朝阳 | B310: 380 | C310: 亚 | D310: =MID(A310,FIND("R",A310)+1,2) | E310: =_xlfn.XLOOKUP(A310,'7月排产计划'!G:G,'7月排产计划'!B:B) | F310: =E310&D310&"寸" | G310: 全钢 | H310: =D310&G310
A311: ID10.00R20-18PR(149/146J)[AZ850]雅度 | B311: 220 | C311: 亚 | D311: =MID(A311,FIND("R",A311)+1,2) | E311: =_xlfn.XLOOKUP(A311,'7月排产计划'!G:G,'7月排产计划'!B:B) | F311: =E311&D311&"寸" | G311: 全钢 | H311: =D311&G311
A312: ID10.00R20-18PR(149/146J)[BMA08]BRANSALES | B312: 120 | C312: 南美 | D312: =MID(A312,FIND("R",A312)+1,2) | E312: =_xlfn.XLOOKUP(A312,'7月排产计划'!G:G,'7月排产计划'!B:B) | F312: =E312&D312&"寸" | G312: 全钢 | H312: =D312&G312
A313: ID10.00R20-18PR(149/146J)[CM988]威狮 | B313: 820 | C313: 亚 | D313: =MID(A313,FIND("R",A313)+1,2) | E313: =_xlfn.XLOOKUP(A313,'7月排产计划'!G:G,'7月排产计划'!B:B) | F313: =E313&D313&"寸" | G313: 全钢 | H313: =D313&G313
A314: ID10.00R20-18PR(149/146J)[CR926]GOODRIDE(好运) | B314: 3800 | C314: 亚 | D314: =MID(A314,FIND("R",A314)+1,2) | E314: =_xlfn.XLOOKUP(A314,'7月排产计划'!G:G,'7月排产计划'!B:B) | F314: =E314&D314&"寸" | G314: 全钢 | H314: =D314&G314
... A387: ID8.25R16-16PR(128/124L)[CR926]威狮 | B387: 300 | C387: 亚 | D387: =MID(A387,FIND("R",A387)+1,2) | E387: =_xlfn.XLOOKUP(A387,'7月排产计划'!G:G,'7月排产计划'!B:B) | F387: =E387&D387&"寸" | G387: 全钢 | H387: =D387&G387
B388: =SUM(B63:B387) | C388: 亚
A389: IDST205/75R14-8PR[STZC]105/101L 西湖无内 | B389: 1300 | C389: 北美 | D389: =MID(A389,FIND("R",A389)+1,2) | E389: 半钢ST | F389: =E389&D389&"寸"
A390: IDST205/75R15-8PR[ST100]107/102M ARISUN无内 | B390: 300 | C390: 北美 | D390: =MID(A390,FIND("R",A390)+1,2) | E390: 半钢ST | F390: =E390&D390&"寸"
A391: IDST205/75R15-8PR[STZC]107/102L 西湖无内 | B391: 1700 | C391: 北美 | D391: =MID(A391,FIND("R",A391)+1,2) | E391: 半钢ST | F391: =E391&D391&"寸"
A392: IDST225/75R15-10PR[ST100]117/112M ARISUN无内 | B392: 400 | C392: 北美 | D392: =MID(A392,FIND("R",A392)+1,2) | E392: 半钢ST | F392: =E392&D392&"寸"
A393: ID165/70R13PR[T-118]79T TRAZANO(全诺)无内 | B393: 5000 | C393: 南美 | D393: =MID(A393,FIND("R",A393)+1,2) | E393: 半钢ST | F393: =E393&D393&"寸"
A394: ID165/70R14PR[T-118]81T TRAZANO(全诺)无内 | B394: 2000 | C394: 南美 | D394: =MID(A394,FIND("R",A394)+1,2) | E394: 半钢ST | F394: =E394&D394&"寸"
A395: ID165/70R14PR[Z-108]81T 西湖无内 | B395: 3800 | C395: 南美 | D395: =MID(A395,FIND("R",A395)+1,2) | E395: 半钢ST | F395: =E395&D395&"寸"
A396: ID175/65R14PR[T-118]82H TRAZANO(全诺)无内 | B396: 25000 | C396: 南美 | D396: =MID(A396,FIND("R",A396)+1,2) | E396: 半钢ST | F396: =E396&D396&"寸"
A397: ID175/65R14PR[Z-108]82H 西湖无内 | B397: 17000 | C397: 南美 | D397: =MID(A397,FIND("R",A397)+1,2) | E397: 半钢ST | F397: =E397&D397&"寸"
A398: ID175/70R13PR[T-118]82T TRAZANO(全诺)无内 | B398: 10000 | C398: 南美 | D398: =MID(A398,FIND("R",A398)+1,2) | E398: 半钢ST | F398: =E398&D398&"寸"
A399: ID175/70R13PR[Z-108]82T 西湖无内 | B399: 6700 | C399: 南美 | D399: =MID(A399,FIND("R",A399)+1,2) | E399: 半钢ST | F399: =E399&D399&"寸"
A400: ID175/70R14PR[T-118]84T TRAZANO(全诺)无内 | B400: 25000 | C400: 南美 | D400: =MID(A400,FIND("R",A400)+1,2) | E400: 半钢ST | F400: =E400&D400&"寸"
... A405: ID185/70R14PR[Z-108]88T 西湖无内 | B405: 8000 | C405: 南美 | D405: =MID(A405,FIND("R",A405)+1,2) | E405: 半钢ST | F405: =E405&D405&"寸"
B406: =SUM(B389:B405)
A433: ID12.00R20-20PR(156/153F)[CB332]威狮 | C433: 亚
A434: ID12.00R24-20PR(160/157F)[CB972E]威狮 | C434: 亚
A435: ID7.50R16-14PR(122/118L)[CM988]威狮 | C435: 亚
A436: ID11.00R20-18PR(152/149F)[CB972]威狮 | C436: 亚
A437: ID11.00R20-18PR(152/149K)[CR926+]威狮 | C437: 亚
A438: ID11R24.5-16PR(149/146L)[KOBE APM]ITARO无内 | C438: 北美
A439: ID12.00R24-20PR(160/157F)[TRD-79]TRAZANO(全诺) | C439: 亚
A440: ID12.00R20-22PR(158/155F)[TRD-79]TRAZANO(全诺) 东南亚 | C440: 亚
A441: ID7.50R16-14PR(122/118F)[CB972pro]好运 | C441: 亚
A442: ID7.50R16-14PR(122/118F)[CB972pro]威狮 | C442: 亚

Sheet 7月排产计划
G1: , | I1: {=SUM((I3:I376)/2)} | L1: 350 | Q1: =SUM(Q3:Q375) | AZ1: 定额 | BE1: 计划产生
B2: 市场 | C2: 尺寸 | E2: 规格花纹 | G2: 全钢规格 | H2: 订单数 | I2: 模具 | J2: 发出模具 | K2: 优先级别 | L2: 硫化时间 | M2: 运转率 | N2: 轮胎库存 | O2: 单胎重量 | P2: 中策价 | Q2: 硫化机 条/天 | R2: 1 | S2: 2 | T2: 3 | U2: 4 | V2: 5 | W2: 6 | X2: 7 | Y2: 8 | Z2: 9 | AA2: 10 | AB2: 11 | AC2: 12 | AD2: 13 | AE2: 14 | AF2: 15 | AG2: 16 | AH2: 17 | AI2: 18 | AJ2: 19 | AK2: 20 | AL2: 21 | AM2: 22 | AN2: 23 | AO2: 24 | AP2: 25 | AQ2: 26 | AR2: 27 | AS2: 28 | AT2: 29 | AU2: 30 | AV2: 31 | AW2: 合计 | AX2: 吨位 | AY2: 产值(万元) | AZ2: 原材料 | BA2: 动力 | BB2: 工资 | BC2: 车间经费 | BE2: 原材料 | BF2: 动力 | BG2: 工资 | BH2: 车间经费 | BY2: =SUM(BY3:BY376) | BZ2: =SUM(BZ3:BZ376) | CA2: =SUM(CA3:CA376) | CB2: =SUM(CB3:CB376) | CD2: Label di Portal
B3: =_xlfn.XLOOKUP(G3,销售需求表!A:A,销售需求表!C:C) | C3: =IFERROR(MID(F3,FIND("R",F3)+1,4),"") | D3: =B3&C3&"寸" | E3: =LEFT(REPLACE(G3,1,2,""),FIND("[",REPLACE(G3,1,2,""))-1)&"-"&MID(REPLACE(G3,1,2,""),FIND("[",REPLACE(G3,1,2,""))+1,FIND("]",REPLACE(G3,1,2,""))-FIND("[",REPLACE(G3,1,2,""))-1) | F3: =IFERROR(MID(G3,3,FIND("(",G3)-3)&"-"&SUBSTITUTE(MID(G3,FIND("[",G3)+1,FIND("]",G3)-FIND("[",G3)-1),"Strong Guard ",""),"") | G3: ID11R22.5-14PR(144/142M)[AT552]ARISUN无内 | H3: 700 | J3: =IFERROR(LEFT(F3,FIND("-",F3))&MID(F3,FIND("PR",F3,FIND("-",F3))+3,LEN(F3)),F3) | K3: =_xlfn.XLOOKUP(F3,投产规格!E:E,投产规格!D:D,"未投产") | L3: =IFERROR(_xlfn.XLOOKUP(F3,硫化工艺!B:B,硫化工艺!C:C),"") | M3: =IF(L3="","",L3/(L3+$L$1/60)) | N3: =C3&"全钢" | O3: =IFERROR(_xlfn.XLOOKUP(F3,轮胎重量!J:J,轮胎重量!G:G),"") | P3: =IFERROR(_xlfn.XLOOKUP(G3,硫化工艺!I:I,硫化工艺!J:J),"") | Q3: =IFERROR(ROUND(1440/L3*(I3)*M3,0),"") | AR3: 130 | AS3: 130 | AT3: 130 | AU3: 130 | AV3: 130 | AW3: =IF(SUM(R3:AV3)=0,"",SUM(R3:AV3)) | AX3: =IFERROR(AW3*O3/1000,"") | AY3: =IFERROR(ROUND(AW3*P3/10000,3),"") | AZ3: 464.56 | BA3: 29.9 | BB3: 49.85 | BC3: 52.38 | BE3: =AZ3*AW3 | BF3: =BA3*AW3 | BG3: =BB3*AW3 | BH3: =BC3*AW3 | BJ3: {=_xlfn.LET(_xlpm.data,$R3:$AV3,_xlpm.starts,{1,8,16,23},_xlpm.lengths,{7,7,8,9},_xlpm.arr,_xlfn.MAP(_xlpm.starts,_xlpm.lengths,_xlfn.LAMBDA(_xlpm.s,_xlpm.l,SUM(INDEX(_xlpm.data,,_xlfn.SEQUENCE(,_xlpm.l,_xlpm.s))))),ROUND(_xlpm.arr*$O3/1000,2))} | BK3: 0 | BL3: 0 | BM3: 31.3 | BN3: =SUM(BJ3:BM3) | BO3: 0 | BP3: 0 | BQ3: 0 | BR3: 0 | BT3: {=_xlfn.HSTACK(SUM(INDEX($R3:$AV3,1,1):INDEX($R3:$AV3,1,7)),SUM(INDEX($R3:$AV3,1,7):INDEX($R3:$AV3,1,13)),SUM(INDEX($R3:$AV3,1,16):INDEX($R3:$AV3,1,23)),SUM(INDEX($R3:$AV3,1,23):INDEX($R3:$AV3,1,31)))} | BU3: 0 | BV3: 0 | BW3: 650 | BX3: 全钢 | BY3: =SUM(R3:X3) | BZ3: =SUM(Y3:AE3) | CA3: =SUM(AF3:AM3) | CB3: =SUM(AN3:AV3) | CD3: ADA | CE3: =ROUND(BY3*$O3/1000,2) | CF3: =ROUND(BZ3*$O3/1000,2) | CG3: =ROUND(CA3*$O3/1000,2) | CH3: =ROUND(CB3*$O3/1000,2) | CI3: =SUM(CE3:CH3) | CK3: =IFERROR(ROUND(BY3*$P3,2),"") | CL3: =IFERROR(ROUND(BZ3*$P3,2),"") | CM3: =IFERROR(ROUND(CA3*$P3,2),"") | CN3: =IFERROR(ROUND(CB3*$P3,2),"") | CO3: =SUM(CK3:CN3)
B4: =_xlfn.XLOOKUP(G4,销售需求表!A:A,销售需求表!C:C) | C4: =IFERROR(MID(F4,FIND("R",F4)+1,4),"") | D4: =B4&C4&"寸" | E4: =LEFT(REPLACE(G4,1,2,""),FIND("[",REPLACE(G4,1,2,""))-1)&"-"&MID(REPLACE(G4,1,2,""),FIND("[",REPLACE(G4,1,2,""))+1,FIND("]",REPLACE(G4,1,2,""))-FIND("[",REPLACE(G4,1,2,""))-1) | F4: =IFERROR(MID(G4,3,FIND("(",G4)-3)&"-"&SUBSTITUTE(MID(G4,FIND("[",G4)+1,FIND("]",G4)-FIND("[",G4)-1),"Strong Guard ",""),"") | G4: ID11R22.5-14PR(144/142M)[AT563]ARISUN无内 | H4: 300 | J4: =IFERROR(LEFT(F4,FIND("-",F4))&MID(F4,FIND("PR",F4,FIND("-",F4))+3,LEN(F4)),F4) | K4: =_xlfn.XLOOKUP(F4,投产规格!E:E,投产规格!D:D,"未投产") | L4: =IFERROR(_xlfn.XLOOKUP(F4,硫化工艺!B:B,硫化工艺!C:C),"") | M4: =IF(L4="","",L4/(L4+$L$1/60)) | N4: =C4&"全钢" | O4: =IFERROR(_xlfn.XLOOKUP(F4,轮胎重量!J:J,轮胎重量!G:G),"") | P4: =IFERROR(_xlfn.XLOOKUP(G4,硫化工艺!I:I,硫化工艺!J:J),"") | Q4: =IFERROR(ROUND(1440/L4*(I4)*M4,0),"") | AN4: 60 | AO4: 60 | AP4: 60 | AQ4: 60 | AR4: 60 | AS4: 60 | AT4: 60 | AU4: 60 | AV4: 60 | AW4: =IF(SUM(R4:AV4)=0,"",SUM(R4:AV4)) | AX4: =IFERROR(AW4*O4/1000,"") | AY4: =IFERROR(ROUND(AW4*P4/10000,3),"") | AZ4: 464.56 | BA4: 29.9 | BB4: 49.85 | BC4: 52.38 | BE4: =AZ4*AW4 | BF4: =BA4*AW4 | BG4: =BB4*AW4 | BH4: =BC4*AW4 | BJ4: {=_xlfn.LET(_xlpm.data,$R4:$AV4,_xlpm.starts,{1,8,16,23},_xlpm.lengths,{7,7,8,9},_xlpm.arr,_xlfn.MAP(_xlpm.starts,_xlpm.lengths,_xlfn.LAMBDA(_xlpm.s,_xlpm.l,SUM(INDEX(_xlpm.data,,_xlfn.SEQUENCE(,_xlpm.l,_xlpm.s))))),ROUND(_xlpm.arr*$O4/1000,2))} | BK4: 0 | BL4: 3.06 | BM4: 27.53 | BN4: =SUM(BJ4:BM4) | BO4: 0 | BP4: 0 | BQ4: 0 | BR4: 0 | BT4: {=_xlfn.HSTACK(SUM(INDEX($R4:$AV4,1,1):INDEX($R4:$AV4,1,7)),SUM(INDEX($R4:$AV4,1,7):INDEX($R4:$AV4,1,13)),SUM(INDEX($R4:$AV4,1,16):INDEX($R4:$AV4,1,23)),SUM(INDEX($R4:$AV4,1,23):INDEX($R4:$AV4,1,31)))} | BU4: 0 | BV4: 60 | BW4: 540 | BY4: =SUM(R4:X4) | BZ4: =SUM(Y4:AE4) | CA4: =SUM(AF4:AM4) | CB4: =SUM(AN4:AV4) | CD4: ADA | CE4: =ROUND(BY4*$O4/1000,2) | CF4: =ROUND(BZ4*$O4/1000,2) | CG4: =ROUND(CA4*$O4/1000,2) | CH4: =ROUND(CB4*$O4/1000,2) | CI4: =SUM(CE4:CH4) | CK4: =IFERROR(ROUND(BY4*$P4,2),"") | CL4: =IFERROR(ROUND(BZ4*$P4,2),"") | CM4: =IFERROR(ROUND(CA4*$P4,2),"") | CN4: =IFERROR(ROUND(CB4*$P4,2),"") | CO4: =SUM(CK4:CN4)
B5: =_xlfn.XLOOKUP(G5,销售需求表!A:A,销售需求表!C:C) | C5: =IFERROR(MID(F5,FIND("R",F5)+1,4),"") | D5: =B5&C5&"寸" | E5: =LEFT(REPLACE(G5,1,2,""),FIND("[",REPLACE(G5,1,2,""))-1)&"-"&MID(REPLACE(G5,1,2,""),FIND("[",REPLACE(G5,1,2,""))+1,FIND("]",REPLACE(G5,1,2,""))-FIND("[",REPLACE(G5,1,2,""))-1) | F5: =IFERROR(MID(G5,3,FIND("(",G5)-3)&"-"&SUBSTITUTE(MID(G5,FIND("[",G5)+1,FIND("]",G5)-FIND("[",G5)-1),"Strong Guard ",""),"") | G5: ID11R22.5-14PR(144/142M)[CR915]威狮无内 | H5: 500 | J5: =IFERROR(LEFT(F5,FIND("-",F5))&MID(F5,FIND("PR",F5,FIND("-",F5))+3,LEN(F5)),F5) | K5: =_xlfn.XLOOKUP(F5,投产规格!E:E,投产规格!D:D,"未投产") | L5: =IFERROR(_xlfn.XLOOKUP(F5,硫化工艺!B:B,硫化工艺!C:C),"") | M5: =IF(L5="","",L5/(L5+$L$1/60)) | N5: =C5&"全钢" | O5: =IFERROR(_xlfn.XLOOKUP(F5,轮胎重量!J:J,轮胎重量!G:G),"") | P5: =IFERROR(_xlfn.XLOOKUP(G5,硫化工艺!I:I,硫化工艺!J:J),"") | Q5: =IFERROR(ROUND(1440/L5*(I5)*M5,0),"") | AK5: 60 | AL5: 60 | AM5: 60 | AN5: 60 | AO5: 60 | AP5: 60 | AQ5: 60 | AR5: 60 | AS5: 60 | AT5: 60 | AU5: 60 | AV5: 60 | AW5: =IF(SUM(R5:AV5)=0,"",SUM(R5:AV5)) | AX5: =IFERROR(AW5*O5/1000,"") | AY5: =IFERROR(ROUND(AW5*P5/10000,3),"") | AZ5: 461.01 | BA5: 30.13 | BB5: 49.93 | BC5: 53.65 | BE5: =AZ5*AW5 | BF5: =BA5*AW5 | BG5: =BB5*AW5 | BH5: =BC5*AW5 | BJ5: {=_xlfn.LET(_xlpm.data,$R5:$AV5,_xlpm.starts,{1,8,16,23},_xlpm.lengths,{7,7,8,9},_xlpm.arr,_xlfn.MAP(_xlpm.starts,_xlpm.lengths,_xlfn.LAMBDA(_xlpm.s,_xlpm.l,SUM(INDEX(_xlpm.data,,_xlfn.SEQUENCE(,_xlpm.l,_xlpm.s))))),ROUND(_xlpm.arr*$O5/1000,2))} | BK5: 0 | BL5: 11.64 | BM5: 26.2 | BN5: =SUM(BJ5:BM5) | BO5: 111.71 | BP5: 91.4 | BQ5: 46.43 | BR5: 52.23 | BT5: {=_xlfn.HSTACK(SUM(INDEX($R5:$AV5,1,1):INDEX($R5:$AV5,1,7)),SUM(INDEX($R5:$AV5,1,7):INDEX($R5:$AV5,1,13)),SUM(INDEX($R5:$AV5,1,16):INDEX($R5:$AV5,1,23)),SUM(INDEX($R5:$AV5,1,23):INDEX($R5:$AV5,1,31)))} | BU5: 0 | BV5: 240 | BW5: 540 | BY5: =SUM(R5:X5) | BZ5: =SUM(Y5:AE5) | CA5: =SUM(AF5:AM5) | CB5: =SUM(AN5:AV5) | CD5: ADA | CE5: =ROUND(BY5*$O5/1000,2) | CF5: =ROUND(BZ5*$O5/1000,2) | CG5: =ROUND(CA5*$O5/1000,2) | CH5: =ROUND(CB5*$O5/1000,2) | CI5: =SUM(CE5:CH5) | CK5: =IFERROR(ROUND(BY5*$P5,2),"") | CL5: =IFERROR(ROUND(BZ5*$P5,2),"") | CM5: =IFERROR(ROUND(CA5*$P5,2),"") | CN5: =IFERROR(ROUND(CB5*$P5,2),"") | CO5: =SUM(CK5:CN5)
B6: =_xlfn.XLOOKUP(G6,销售需求表!A:A,销售需求表!C:C) | C6: =IFERROR(MID(F6,FIND("R",F6)+1,4),"") | D6: =B6&C6&"寸" | E6: =LEFT(REPLACE(G6,1,2,""),FIND("[",REPLACE(G6,1,2,""))-1)&"-"&MID(REPLACE(G6,1,2,""),FIND("[",REPLACE(G6,1,2,""))+1,FIND("]",REPLACE(G6,1,2,""))-FIND("[",REPLACE(G6,1,2,""))-1) | F6: =IFERROR(MID(G6,3,FIND("(",G6)-3)&"-"&SUBSTITUTE(MID(G6,FIND("[",G6)+1,FIND("]",G6)-FIND("[",G6)-1),"Strong Guard ",""),"") | G6: ID11R22.5-14PR(144/142M)[HT1 Plus]SUPERMAX无内 | H6: 580 | I6: 2 | J6: =IFERROR(LEFT(F6,FIND("-",F6))&MID(F6,FIND("PR",F6,FIND("-",F6))+3,LEN(F6)),F6) | K6: =_xlfn.XLOOKUP(F6,投产规格!E:E,投产规格!D:D,"未投产") | L6: =IFERROR(_xlfn.XLOOKUP(F6,硫化工艺!B:B,硫化工艺!C:C),"") | M6: =IF(L6="","",L6/(L6+$L$1/60)) | N6: =C6&"全钢" | O6: =IFERROR(_xlfn.XLOOKUP(F6,轮胎重量!J:J,轮胎重量!G:G),"") | P6: =O6*13.9 | Q6: =IFERROR(ROUND(1440/L6*(I6)*M6,0),"") | R6: 66 | S6: 66 | T6: 66 | U6: 66 | V6: 66 | AW6: =IF(SUM(R6:AV6)=0,"",SUM(R6:AV6)) | AX6: =IFERROR(AW6*O6/1000,"") | AY6: =IFERROR(ROUND(AW6*P6/10000,3),"") | BE6: =AZ6*AW6 | BF6: =BA6*AW6 | BG6: =BB6*AW6 | BH6: =BC6*AW6 | BJ6: {=_xlfn.LET(_xlpm.data,$R6:$AV6,_xlpm.starts,{1,8,16,23},_xlpm.lengths,{7,7,8,9},_xlpm.arr,_xlfn.MAP(_xlpm.starts,_xlpm.lengths,_xlfn.LAMBDA(_xlpm.s,_xlpm.l,SUM(INDEX(_xlpm.data,,_xlfn.SEQUENCE(,_xlpm.l,_xlpm.s))))),ROUND(_xlpm.arr*$O6/1000,2))} | BK6: 0 | BL6: 0 | BM6: 0 | BN6: =SUM(BJ6:BM6) | BO6: 15.39 | BP6: 0 | BQ6: 0 | BR6: 0 | BT6: {=_xlfn.HSTACK(SUM(INDEX($R6:$AV6,1,1):INDEX($R6:$AV6,1,7)),SUM(INDEX($R6:$AV6,1,7):INDEX($R6:$AV6,1,13)),SUM(INDEX($R6:$AV6,1,16):INDEX($R6:$AV6,1,23)),SUM(INDEX($R6:$AV6,1,23):INDEX($R6:$AV6,1,31)))} | BU6: 0 | BV6: 0 | BW6: 0 | BY6: =SUM(R6:X6) | BZ6: =SUM(Y6:AE6) | CA6: =SUM(AF6:AM6) | CB6: =SUM(AN6:AV6) | CD6: ADA | CE6: =ROUND(BY6*$O6/1000,2) | CF6: =ROUND(BZ6*$O6/1000,2) | CG6: =ROUND(CA6*$O6/1000,2) | CH6: =ROUND(CB6*$O6/1000,2) | CI6: =SUM(CE6:CH6) | CK6: =IFERROR(ROUND(BY6*$P6,2),"") | CL6: =IFERROR(ROUND(BZ6*$P6,2),"") | CM6: =IFERROR(ROUND(CA6*$P6,2),"") | CN6: =IFERROR(ROUND(CB6*$P6,2),"") | CO6: =SUM(CK6:CN6)
B7: =_xlfn.XLOOKUP(G7,销售需求表!A:A,销售需求表!C:C) | C7: =IFERROR(MID(F7,FIND("R",F7)+1,4),"") | D7: =B7&C7&"寸" | E7: =LEFT(REPLACE(G7,1,2,""),FIND("[",REPLACE(G7,1,2,""))-1)&"-"&MID(REPLACE(G7,1,2,""),FIND("[",REPLACE(G7,1,2,""))+1,FIND("]",REPLACE(G7,1,2,""))-FIND("[",REPLACE(G7,1,2,""))-1) | F7: =IFERROR(MID(G7,3,FIND("(",G7)-3)&"-"&SUBSTITUTE(MID(G7,FIND("[",G7)+1,FIND("]",G7)-FIND("[",G7)-1),"Strong Guard ",""),"") | G7: ID11R22.5-14PR(144/142M)[I-48T]IRONMAN无内 SMARTWAY | H7: 800 | J7: =IFERROR(LEFT(F7,FIND("-",F7))&MID(F7,FIND("PR",F7,FIND("-",F7))+3,LEN(F7)),F7) | K7: =_xlfn.XLOOKUP(F7,投产规格!E:E,投产规格!D:D,"未投产") | L7: =IFERROR(_xlfn.XLOOKUP(F7,硫化工艺!B:B,硫化工艺!C:C),"") | M7: =IF(L7="","",L7/(L7+$L$1/60)) | N7: =C7&"全钢" | O7: =IFERROR(_xlfn.XLOOKUP(F7,轮胎重量!J:J,轮胎重量!G:G),"") | P7: =IFERROR(_xlfn.XLOOKUP(G7,硫化工艺!I:I,硫化工艺!J:J),"") | Q7: =IFERROR(ROUND(1440/L7*(I7)*M7,0),"") | AI7: 60 | AJ7: 60 | AK7: 60 | AL7: 60 | AM7: 60 | AN7: 60 | AO7: 60 | AP7: 60 | AQ7: 60 | AR7: 60 | AS7: 60 | AT7: 60 | AU7: 60 | AV7: 60 | AW7: =IF(SUM(R7:AV7)=0,"",SUM(R7:AV7)) | AX7: =IFERROR(AW7*O7/1000,"") | AY7: =IFERROR(ROUND(AW7*P7/10000,3),"") | BE7: =AZ7*AW7 | BF7: =BA7*AW7 | BG7: =BB7*AW7 | BH7: =BC7*AW7 | BJ7: {=_xlfn.LET(_xlpm.data,$R7:$AV7,_xlpm.starts,{1,8,16,23},_xlpm.lengths,{7,7,8,9},_xlpm.arr,_xlfn.MAP(_xlpm.starts,_xlpm.lengths,_xlfn.LAMBDA(_xlpm.s,_xlpm.l,SUM(INDEX(_xlpm.data,,_xlfn.SEQUENCE(,_xlpm.l,_xlpm.s))))),ROUND(_xlpm.arr*$O7/1000,2))} | BK7: 0 | BL7: 17.46 | BM7: 26.2 | BN7: =SUM(BJ7:BM7) | BO7: 22.16 | BP7: 22.16 | BQ7: 25.32 | BR7: 28.49 | BT7: {=_xlfn.HSTACK(SUM(INDEX($R7:$AV7,1,1):INDEX($R7:$AV7,1,7)),SUM(INDEX($R7:$AV7,1,7):INDEX($R7:$AV7,1,13)),SUM(INDEX($R7:$AV7,1,16):INDEX($R7:$AV7,1,23)),SUM(INDEX($R7:$AV7,1,23):INDEX($R7:$AV7,1,31)))} | BU7: 0 | BV7: 360 | BW7: 540 | BY7: =SUM(R7:X7) | BZ7: =SUM(Y7:AE7) | CA7: =SUM(AF7:AM7) | CB7: =SUM(AN7:AV7) | CD7: ADA | CE7: =ROUND(BY7*$O7/1000,2) | CF7: =ROUND(BZ7*$O7/1000,2) | CG7: =ROUND(CA7*$O7/1000,2) | CH7: =ROUND(CB7*$O7/1000,2) | CI7: =SUM(CE7:CH7) | CK7: =IFERROR(ROUND(BY7*$P7,2),"") | CL7: =IFERROR(ROUND(BZ7*$P7,2),"") | CM7: =IFERROR(ROUND(CA7*$P7,2),"") | CN7: =IFERROR(ROUND(CB7*$P7,2),"") | CO7: =SUM(CK7:CN7)
B8: =_xlfn.XLOOKUP(G8,销售需求表!A:A,销售需求表!C:C) | C8: =IFERROR(MID(F8,FIND("R",F8)+1,4),"") | D8: =B8&C8&"寸" | E8: =LEFT(REPLACE(G8,1,2,""),FIND("[",REPLACE(G8,1,2,""))-1)&"-"&MID(REPLACE(G8,1,2,""),FIND("[",REPLACE(G8,1,2,""))+1,FIND("]",REPLACE(G8,1,2,""))-FIND("[",REPLACE(G8,1,2,""))-1) | F8: =IFERROR(MID(G8,3,FIND("(",G8)-3)&"-"&SUBSTITUTE(MID(G8,FIND("[",G8)+1,FIND("]",G8)-FIND("[",G8)-1),"Strong Guard ",""),"") | G8: ID11R22.5-14PR(144/142M)[M-TRAC TR]MASTERTRACK无内 | H8: 620 | J8: =IFERROR(LEFT(F8,FIND("-",F8))&MID(F8,FIND("PR",F8,FIND("-",F8))+3,LEN(F8)),F8) | K8: =_xlfn.XLOOKUP(F8,投产规格!E:E,投产规格!D:D,"未投产") | L8: =IFERROR(_xlfn.XLOOKUP(F8,硫化工艺!B:B,硫化工艺!C:C),"") | M8: =IF(L8="","",L8/(L8+$L$1/60)) | N8: =C8&"全钢" | O8: =IFERROR(_xlfn.XLOOKUP(F8,轮胎重量!J:J,轮胎重量!G:G),"") | P8: =O8*13.9 | Q8: =IFERROR(ROUND(1440/L8*(I8)*M8,0),"") | AI8: 60 | AJ8: 60 | AK8: 60 | AL8: 60 | AM8: 60 | AN8: 60 | AO8: 60 | AP8: 60 | AQ8: 60 | AR8: 60 | AW8: =IF(SUM(R8:AV8)=0,"",SUM(R8:AV8)) | AX8: =IFERROR(AW8*O8/1000,"") | AY8: =IFERROR(ROUND(AW8*P8/10000,3),"") | BE8: =AZ8*AW8 | BF8: =BA8*AW8 | BG8: =BB8*AW8 | BH8: =BC8*AW8 | BJ8: {=_xlfn.LET(_xlpm.data,$R8:$AV8,_xlpm.starts,{1,8,16,23},_xlpm.lengths,{7,7,8,9},_xlpm.arr,_xlfn.MAP(_xlpm.starts,_xlpm.lengths,_xlfn.LAMBDA(_xlpm.s,_xlpm.l,SUM(INDEX(_xlpm.data,,_xlfn.SEQUENCE(,_xlpm.l,_xlpm.s))))),ROUND(_xlpm.arr*$O8/1000,2))} | BK8: 0 | BL8: 21.45 | BM8: 17.87 | BN8: =SUM(BJ8:BM8) | BO8: 0 | BP8: 0 | BQ8: 0 | BR8: 0 | BT8: {=_xlfn.HSTACK(SUM(INDEX($R8:$AV8,1,1):INDEX($R8:$AV8,1,7)),SUM(INDEX($R8:$AV8,1,7):INDEX($R8:$AV8,1,13)),SUM(INDEX($R8:$AV8,1,16):INDEX($R8:$AV8,1,23)),SUM(INDEX($R8:$AV8,1,23):INDEX($R8:$AV8,1,31)))} | BU8: 0 | BV8: 360 | BW8: 300 | BY8: =SUM(R8:X8) | BZ8: =SUM(Y8:AE8) | CA8: =SUM(AF8:AM8) | CB8: =SUM(AN8:AV8) | CD8: ADA | CE8: =ROUND(BY8*$O8/1000,2) | CF8: =ROUND(BZ8*$O8/1000,2) | CG8: =ROUND(CA8*$O8/1000,2) | CH8: =ROUND(CB8*$O8/1000,2) | CI8: =SUM(CE8:CH8) | CK8: =IFERROR(ROUND(BY8*$P8,2),"") | CL8: =IFERROR(ROUND(BZ8*$P8,2),"") | CM8: =IFERROR(ROUND(CA8*$P8,2),"") | CN8: =IFERROR(ROUND(CB8*$P8,2),"") | CO8: =SUM(CK8:CN8)
B9: =_xlfn.XLOOKUP(G9,销售需求表!A:A,销售需求表!C:C) | C9: =IFERROR(MID(F9,FIND("R",F9)+1,4),"") | D9: =B9&C9&"寸" | E9: =LEFT(REPLACE(G9,1,2,""),FIND("[",REPLACE(G9,1,2,""))-1)&"-"&MID(REPLACE(G9,1,2,""),FIND("[",REPLACE(G9,1,2,""))+1,FIND("]",REPLACE(G9,1,2,""))-FIND("[",REPLACE(G9,1,2,""))-1) | F9: =IFERROR(MID(G9,3,FIND("(",G9)-3)&"-"&SUBSTITUTE(MID(G9,FIND("[",G9)+1,FIND("]",G9)-FIND("[",G9)-1),"Strong Guard ",""),"") | G9: ID11R22.5-14PR(144/142M)[Strong Guard H-TL]HERCULES无内 | H9: 280 | J9: =IFERROR(LEFT(F9,FIND("-",F9))&MID(F9,FIND("PR",F9,FIND("-",F9))+3,LEN(F9)),F9) | K9: =_xlfn.XLOOKUP(F9,投产规格!E:E,投产规格!D:D,"未投产") | L9: =IFERROR(_xlfn.XLOOKUP(F9,硫化工艺!B:B,硫化工艺!C:C),"") | M9: =IF(L9="","",L9/(L9+$L$1/60)) | N9: =C9&"全钢" | O9: =IFERROR(_xlfn.XLOOKUP(F9,轮胎重量!J:J,轮胎重量!G:G),"") | P9: =IFERROR(_xlfn.XLOOKUP(G9,硫化工艺!I:I,硫化工艺!J:J),"") | Q9: =IFERROR(ROUND(1440/L9*(I9)*M9,0),"") | AN9: 60 | AO9: 60 | AP9: 60 | AQ9: 60 | AR9: 60 | AS9: 60 | AT9: 60 | AU9: 60 | AV9: 60 | AW9: =IF(SUM(R9:AV9)=0,"",SUM(R9:AV9)) | AX9: =IFERROR(AW9*O9/1000,"") | AY9: =IFERROR(ROUND(AW9*P9/10000,3),"") | BE9: =AZ9*AW9 | BF9: =BA9*AW9 | BG9: =BB9*AW9 | BH9: =BC9*AW9 | BJ9: {=_xlfn.LET(_xlpm.data,$R9:$AV9,_xlpm.starts,{1,8,16,23},_xlpm.lengths,{7,7,8,9},_xlpm.arr,_xlfn.MAP(_xlpm.starts,_xlpm.lengths,_xlfn.LAMBDA(_xlpm.s,_xlpm.l,SUM(INDEX(_xlpm.data,,_xlfn.SEQUENCE(,_xlpm.l,_xlpm.s))))),ROUND(_xlpm.arr*$O9/1000,2))} | BK9: 0 | BL9: 2.94 | BM9: 26.5 | BN9: =SUM(BJ9:BM9) | BO9: 0 | BP9: 0 | BQ9: 0 | BR9: 0 | BT9: {=_xlfn.HSTACK(SUM(INDEX($R9:$AV9,1,1):INDEX($R9:$AV9,1,7)),SUM(INDEX($R9:$AV9,1,7):INDEX($R9:$AV9,1,13)),SUM(INDEX($R9:$AV9,1,16):INDEX($R9:$AV9,1,23)),SUM(INDEX($R9:$AV9,1,23):INDEX($R9:$AV9,1,31)))} | BU9: 0 | BV9: 60 | BW9: 540 | BY9: =SUM(R9:X9) | BZ9: =SUM(Y9:AE9) | CA9: =SUM(AF9:AM9) | CB9: =SUM(AN9:AV9) | CD9: ADA | CE9: =ROUND(BY9*$O9/1000,2) | CF9: =ROUND(BZ9*$O9/1000,2) | CG9: =ROUND(CA9*$O9/1000,2) | CH9: =ROUND(CB9*$O9/1000,2) | CI9: =SUM(CE9:CH9) | CK9: =IFERROR(ROUND(BY9*$P9,2),"") | CL9: =IFERROR(ROUND(BZ9*$P9,2),"") | CM9: =IFERROR(ROUND(CA9*$P9,2),"") | CN9: =IFERROR(ROUND(CB9*$P9,2),"") | CO9: =SUM(CK9:CN9)
B10: =_xlfn.XLOOKUP(G10,销售需求表!A:A,销售需求表!C:C) | C10: =IFERROR(MID(F10,FIND("R",F10)+1,4),"") | D10: =B10&C10&"寸" | E10: =LEFT(REPLACE(G10,1,2,""),FIND("[",REPLACE(G10,1,2,""))-1)&"-"&MID(REPLACE(G10,1,2,""),FIND("[",REPLACE(G10,1,2,""))+1,FIND("]",REPLACE(G10,1,2,""))-FIND("[",REPLACE(G10,1,2,""))-1) | F10: =IFERROR(MID(G10,3,FIND("(",G10)-3)&"-"&SUBSTITUTE(MID(G10,FIND("[",G10)+1,FIND("]",G10)-FIND("[",G10)-1),"Strong Guard ",""),"") | G10: ID11R22.5-16PR(146/143L)[DOMINATE D01]BLACKARROW无内 | H10: 280 | J10: =IFERROR(LEFT(F10,FIND("-",F10))&MID(F10,FIND("PR",F10,FIND("-",F10))+3,LEN(F10)),F10) | K10: =_xlfn.XLOOKUP(F10,投产规格!E:E,投产规格!D:D,"未投产") | L10: =IFERROR(_xlfn.XLOOKUP(F10,硫化工艺!B:B,硫化工艺!C:C),"") | M10: =IF(L10="","",L10/(L10+$L$1/60)) | N10: =C10&"全钢" | O10: =IFERROR(_xlfn.XLOOKUP(F10,轮胎重量!J:J,轮胎重量!G:G),"") | P10: =IFERROR(_xlfn.XLOOKUP(G10,硫化工艺!I:I,硫化工艺!J:J),"") | Q10: =IFERROR(ROUND(1440/L10*(I10)*M10,0),"") | AW10: =IF(SUM(R10:AV10)=0,"",SUM(R10:AV10)) | AX10: =IFERROR(AW10*O10/1000,"") | AY10: =IFERROR(ROUND(AW10*P10/10000,3),"") | BE10: =AZ10*AW10 | BF10: =BA10*AW10 | BG10: =BB10*AW10 | BH10: =BC10*AW10 | BJ10: {=_xlfn.LET(_xlpm.data,$R10:$AV10,_xlpm.starts,{1,8,16,23},_xlpm.lengths,{7,7,8,9},_xlpm.arr,_xlfn.MAP(_xlpm.starts,_xlpm.lengths,_xlfn.LAMBDA(_xlpm.s,_xlpm.l,SUM(INDEX(_xlpm.data,,_xlfn.SEQUENCE(,_xlpm.l,_xlpm.s))))),ROUND(_xlpm.arr*$O10/1000,2))} | BK10: 0 | BL10: 0 | BM10: 0 | BN10: =SUM(BJ10:BM10) | BO10: 0 | BP10: 0 | BQ10: 0 | BR10: 0 | BT10: {=_xlfn.HSTACK(SUM(INDEX($R10:$AV10,1,1):INDEX($R10:$AV10,1,7)),SUM(INDEX($R10:$AV10,1,7):INDEX($R10:$AV10,1,13)),SUM(INDEX($R10:$AV10,1,16):INDEX($R10:$AV10,1,23)),SUM(INDEX($R10:$AV10,1,23):INDEX($R10:$AV10,1,31)))} | BU10: 0 | BV10: 0 | BW10: 0 | BY10: =SUM(R10:X10) | BZ10: =SUM(Y10:AE10) | CA10: =SUM(AF10:AM10) | CB10: =SUM(AN10:AV10) | CD10: ADA | CE10: =ROUND(BY10*$O10/1000,2) | CF10: =ROUND(BZ10*$O10/1000,2) | CG10: =ROUND(CA10*$O10/1000,2) | CH10: =ROUND(CB10*$O10/1000,2) | CI10: =SUM(CE10:CH10) | CK10: =IFERROR(ROUND(BY10*$P10,2),"") | CL10: =IFERROR(ROUND(BZ10*$P10,2),"") | CM10: =IFERROR(ROUND(CA10*$P10,2),"") | CN10: =IFERROR(ROUND(CB10*$P10,2),"") | CO10: =SUM(CK10:CN10)
B11: =_xlfn.XLOOKUP(G11,销售需求表!A:A,销售需求表!C:C) | C11: =IFERROR(MID(F11,FIND("R",F11)+1,4),"") | D11: =B11&C11&"寸" | E11: =LEFT(REPLACE(G11,1,2,""),FIND("[",REPLACE(G11,1,2,""))-1)&"-"&MID(REPLACE(G11,1,2,""),FIND("[",REPLACE(G11,1,2,""))+1,FIND("]",REPLACE(G11,1,2,""))-FIND("[",REPLACE(G11,1,2,""))-1) | F11: =IFERROR(MID(G11,3,FIND("(",G11)-3)&"-"&SUBSTITUTE(MID(G11,FIND("[",G11)+1,FIND("]",G11)-FIND("[",G11)-1),"Strong Guard ",""),"") | G11: ID11R22.5-16PR(146/143L)[HD1 PlusX]SUPERMAX ECO无内 | H11: 750 | J11: =IFERROR(LEFT(F11,FIND("-",F11))&MID(F11,FIND("PR",F11,FIND("-",F11))+3,LEN(F11)),F11) | K11: =_xlfn.XLOOKUP(F11,投产规格!E:E,投产规格!D:D,"未投产") | L11: =IFERROR(_xlfn.XLOOKUP(F11,硫化工艺!B:B,硫化工艺!C:C),"") | M11: =IF(L11="","",L11/(L11+$L$1/60)) | N11: =C11&"全钢" | O11: =IFERROR(_xlfn.XLOOKUP(F11,轮胎重量!J:J,轮胎重量!G:G),"") | P11: =IFERROR(_xlfn.XLOOKUP(G11,硫化工艺!I:I,硫化工艺!J:J),"") | Q11: =IFERROR(ROUND(1440/L11*(I11)*M11,0),"") | AW11: =IF(SUM(R11:AV11)=0,"",SUM(R11:AV11)) | AX11: =IFERROR(AW11*O11/1000,"") | AY11: =IFERROR(ROUND(AW11*P11/10000,3),"") | BE11: =AZ11*AW11 | BF11: =BA11*AW11 | BG11: =BB11*AW11 | BH11: =BC11*AW11 | BJ11: {=_xlfn.LET(_xlpm.data,$R11:$AV11,_xlpm.starts,{1,8,16,23},_xlpm.lengths,{7,7,8,9},_xlpm.arr,_xlfn.MAP(_xlpm.starts,_xlpm.lengths,_xlfn.LAMBDA(_xlpm.s,_xlpm.l,SUM(INDEX(_xlpm.data,,_xlfn.SEQUENCE(,_xlpm.l,_xlpm.s))))),ROUND(_xlpm.arr*$O11/1000,2))} | BK11: 0 | BL11: 0 | BM11: 0 | BN11: =SUM(BJ11:BM11) | BO11: 0 | BP11: 0 | BQ11: 0 | BR11: 0 | BT11: {=_xlfn.HSTACK(SUM(INDEX($R11:$AV11,1,1):INDEX($R11:$AV11,1,7)),SUM(INDEX($R11:$AV11,1,7):INDEX($R11:$AV11,1,13)),SUM(INDEX($R11:$AV11,1,16):INDEX($R11:$AV11,1,23)),SUM(INDEX($R11:$AV11,1,23):INDEX($R11:$AV11,1,31)))} | BU11: 0 | BV11: 0 | BW11: 0 | BY11: =SUM(R11:X11) | BZ11: =SUM(Y11:AE11) | CA11: =SUM(AF11:AM11) | CB11: =SUM(AN11:AV11) | CD11: ADA | CE11: =ROUND(BY11*$O11/1000,2) | CF11: =ROUND(BZ11*$O11/1000,2) | CG11: =ROUND(CA11*$O11/1000,2) | CH11: =ROUND(CB11*$O11/1000,2) | CI11: =SUM(CE11:CH11) | CK11: =IFERROR(ROUND(BY11*$P11,2),"") | CL11: =IFERROR(ROUND(BZ11*$P11,2),"") | CM11: =IFERROR(ROUND(CA11*$P11,2),"") | CN11: =IFERROR(ROUND(CB11*$P11,2),"") | CO11: =SUM(CK11:CN11)
B12: =_xlfn.XLOOKUP(G12,销售需求表!A:A,销售需求表!C:C) | C12: =IFERROR(MID(F12,FIND("R",F12)+1,4),"") | D12: =B12&C12&"寸" | E12: =LEFT(REPLACE(G12,1,2,""),FIND("[",REPLACE(G12,1,2,""))-1)&"-"&MID(REPLACE(G12,1,2,""),FIND("[",REPLACE(G12,1,2,""))+1,FIND("]",REPLACE(G12,1,2,""))-FIND("[",REPLACE(G12,1,2,""))-1) | F12: =IFERROR(MID(G12,3,FIND("(",G12)-3)&"-"&SUBSTITUTE(MID(G12,FIND("[",G12)+1,FIND("]",G12)-FIND("[",G12)-1),"Strong Guard ",""),"") | G12: ID11R22.5-16PR(146/143L)[KOBE DPM]ITARO无内 | H12: 1700 | I12: 2 | J12: =IFERROR(LEFT(F12,FIND("-",F12))&MID(F12,FIND("PR",F12,FIND("-",F12))+3,LEN(F12)),F12) | K12: =_xlfn.XLOOKUP(F12,投产规格!E:E,投产规格!D:D,"未投产") | L12: =IFERROR(_xlfn.XLOOKUP(F12,硫化工艺!B:B,硫化工艺!C:C),"") | M12: =IF(L12="","",L12/(L12+$L$1/60)) | N12: =C12&"全钢" | O12: =IFERROR(_xlfn.XLOOKUP(F12,轮胎重量!J:J,轮胎重量!G:G),"") | P12: =IFERROR(_xlfn.XLOOKUP(G12,硫化工艺!I:I,硫化工艺!J:J),"") | Q12: =IFERROR(ROUND(1440/L12*(I12)*M12,0),"") | R12: 60 | S12: 60 | T12: 60 | U12: 60 | V12: 60 | W12: 120 | X12: 120 | Y12: 120 | Z12: 120 | AA12: 120 | AB12: 120 | AC12: 120 | AD12: 120 | AE12: 120 | AF12: 120 | AG12: 120 | AH12: 120 | AW12: =IF(SUM(R12:AV12)=0,"",SUM(R12:AV12)) | AX12: =IFERROR(AW12*O12/1000,"") | AY12: =IFERROR(ROUND(AW12*P12/10000,3),"") | BE12: =AZ12*AW12 | BF12: =BA12*AW12 | BG12: =BB12*AW12 | BH12: =BC12*AW12 | BJ12: {=_xlfn.LET(_xlpm.data,$R12:$AV12,_xlpm.starts,{1,8,16,23},_xlpm.lengths,{7,7,8,9},_xlpm.arr,_xlfn.MAP(_xlpm.starts,_xlpm.lengths,_xlfn.LAMBDA(_xlpm.s,_xlpm.l,SUM(INDEX(_xlpm.data,,_xlfn.SEQUENCE(,_xlpm.l,_xlpm.s))))),ROUND(_xlpm.arr*$O12/1000,2))} | BK12: 45.81 | BL12: 13.09 | BM12: 0 | BN12: =SUM(BJ12:BM12) | BO12: 0 | BP12: 0 | BQ12: 0 | BR12: 0 | BT12: {=_xlfn.HSTACK(SUM(INDEX($R12:$AV12,1,1):INDEX($R12:$AV12,1,7)),SUM(INDEX($R12:$AV12,1,7):INDEX($R12:$AV12,1,13)),SUM(INDEX($R12:$AV12,1,16):INDEX($R12:$AV12,1,23)),SUM(INDEX($R12:$AV12,1,23):INDEX($R12:$AV12,1,31)))} | BU12: 840 | BV12: 240 | BW12: 0 | BY12: =SUM(R12:X12) | BZ12: =SUM(Y12:AE12) | CA12: =SUM(AF12:AM12) | CB12: =SUM(AN12:AV12) | CD12: ADA | CE12: =ROUND(BY12*$O12/1000,2) | CF12: =ROUND(BZ12*$O12/1000,2) | CG12: =ROUND(CA12*$O12/1000,2) | CH12: =ROUND(CB12*$O12/1000,2) | CI12: =SUM(CE12:CH12) | CK12: =IFERROR(ROUND(BY12*$P12,2),"") | CL12: =IFERROR(ROUND(BZ12*$P12,2),"") | CM12: =IFERROR(ROUND(CA12*$P12,2),"") | CN12: =IFERROR(ROUND(CB12*$P12,2),"") | CO12: =SUM(CK12:CN12)
B13: =_xlfn.XLOOKUP(G13,销售需求表!A:A,销售需求表!C:C) | C13: =IFERROR(MID(F13,FIND("R",F13)+1,4),"") | D13: =B13&C13&"寸" | E13: =LEFT(REPLACE(G13,1,2,""),FIND("[",REPLACE(G13,1,2,""))-1)&"-"&MID(REPLACE(G13,1,2,""),FIND("[",REPLACE(G13,1,2,""))+1,FIND("]",REPLACE(G13,1,2,""))-FIND("[",REPLACE(G13,1,2,""))-1) | F13: =IFERROR(MID(G13,3,FIND("(",G13)-3)&"-"&SUBSTITUTE(MID(G13,FIND("[",G13)+1,FIND("]",G13)-FIND("[",G13)-1),"Strong Guard ",""),"") | G13: ID11R22.5-16PR(146/143L)[M-TRAC CSD+]MASTERTRACK无内 | H13: 280 | J13: =IFERROR(LEFT(F13,FIND("-",F13))&MID(F13,FIND("PR",F13,FIND("-",F13))+3,LEN(F13)),F13) | K13: =_xlfn.XLOOKUP(F13,投产规格!E:E,投产规格!D:D,"未投产") | L13: =IFERROR(_xlfn.XLOOKUP(F13,硫化工艺!B:B,硫化工艺!C:C),"") | M13: =IF(L13="","",L13/(L13+$L$1/60)) | N13: =C13&"全钢" | O13: =IFERROR(_xlfn.XLOOKUP(F13,轮胎重量!J:J,轮胎重量!G:G),"") | P13: =O13*13.9 | Q13: =IFERROR(ROUND(1440/L13*(I13)*M13,0),"") | AW13: =IF(SUM(R13:AV13)=0,"",SUM(R13:AV13)) | AX13: =IFERROR(AW13*O13/1000,"") | AY13: =IFERROR(ROUND(AW13*P13/10000,3),"") | BE13: =AZ13*AW13 | BF13: =BA13*AW13 | BG13: =BB13*AW13 | BH13: =BC13*AW13 | BJ13: {=_xlfn.LET(_xlpm.data,$R13:$AV13,_xlpm.starts,{1,8,16,23},_xlpm.lengths,{7,7,8,9},_xlpm.arr,_xlfn.MAP(_xlpm.starts,_xlpm.lengths,_xlfn.LAMBDA(_xlpm.s,_xlpm.l,SUM(INDEX(_xlpm.data,,_xlfn.SEQUENCE(,_xlpm.l,_xlpm.s))))),ROUND(_xlpm.arr*$O13/1000,2))} | BK13: 0 | BL13: 0 | BM13: 0 | BN13: =SUM(BJ13:BM13) | BO13: 0 | BP13: 0 | BQ13: 0 | BR13: 0 | BT13: {=_xlfn.HSTACK(SUM(INDEX($R13:$AV13,1,1):INDEX($R13:$AV13,1,7)),SUM(INDEX($R13:$AV13,1,7):INDEX($R13:$AV13,1,13)),SUM(INDEX($R13:$AV13,1,16):INDEX($R13:$AV13,1,23)),SUM(INDEX($R13:$AV13,1,23):INDEX($R13:$AV13,1,31)))} | BU13: 0 | BV13: 0 | BW13: 0 | BY13: =SUM(R13:X13) | BZ13: =SUM(Y13:AE13) | CA13: =SUM(AF13:AM13) | CB13: =SUM(AN13:AV13) | CD13: TIDAK ADA | CE13: =ROUND(BY13*$O13/1000,2) | CF13: =ROUND(BZ13*$O13/1000,2) | CG13: =ROUND(CA13*$O13/1000,2) | CH13: =ROUND(CB13*$O13/1000,2) | CI13: =SUM(CE13:CH13) | CK13: =IFERROR(ROUND(BY13*$P13,2),"") | CL13: =IFERROR(ROUND(BZ13*$P13,2),"") | CM13: =IFERROR(ROUND(CA13*$P13,2),"") | CN13: =IFERROR(ROUND(CB13*$P13,2),"") | CO13: =SUM(CK13:CN13)
B14: =_xlfn.XLOOKUP(G14,销售需求表!A:A,销售需求表!C:C) | C14: =IFERROR(MID(F14,FIND("R",F14)+1,4),"") | D14: =B14&C14&"寸" | E14: =LEFT(REPLACE(G14,1,2,""),FIND("[",REPLACE(G14,1,2,""))-1)&"-"&MID(REPLACE(G14,1,2,""),FIND("[",REPLACE(G14,1,2,""))+1,FIND("]",REPLACE(G14,1,2,""))-FIND("[",REPLACE(G14,1,2,""))-1) | F14: =IFERROR(MID(G14,3,FIND("(",G14)-3)&"-"&SUBSTITUTE(MID(G14,FIND("[",G14)+1,FIND("]",G14)-FIND("[",G14)-1),"Strong Guard ",""),"") | G14: ID11R22.5-16PR(146/143L)[M-TRAC HS+]MASTERTRACK无内 | H14: 280 | J14: =IFERROR(LEFT(F14,FIND("-",F14))&MID(F14,FIND("PR",F14,FIND("-",F14))+3,LEN(F14)),F14) | K14: =_xlfn.XLOOKUP(F14,投产规格!E:E,投产规格!D:D,"未投产") | L14: =IFERROR(_xlfn.XLOOKUP(F14,硫化工艺!B:B,硫化工艺!C:C),"") | M14: =IF(L14="","",L14/(L14+$L$1/60)) | N14: =C14&"全钢" | O14: =IFERROR(_xlfn.XLOOKUP(F14,轮胎重量!J:J,轮胎重量!G:G),"") | P14: =O14*13.9 | Q14: =IFERROR(ROUND(1440/L14*(I14)*M14,0),"") | AW14: =IF(SUM(R14:AV14)=0,"",SUM(R14:AV14)) | AX14: =IFERROR(AW14*O14/1000,"") | AY14: =IFERROR(ROUND(AW14*P14/10000,3),"") | BE14: =AZ14*AW14 | BF14: =BA14*AW14 | BG14: =BB14*AW14 | BH14: =BC14*AW14 | BJ14: {=_xlfn.LET(_xlpm.data,$R14:$AV14,_xlpm.starts,{1,8,16,23},_xlpm.lengths,{7,7,8,9},_xlpm.arr,_xlfn.MAP(_xlpm.starts,_xlpm.lengths,_xlfn.LAMBDA(_xlpm.s,_xlpm.l,SUM(INDEX(_xlpm.data,,_xlfn.SEQUENCE(,_xlpm.l,_xlpm.s))))),ROUND(_xlpm.arr*$O14/1000,2))} | BK14: 0 | BL14: 0 | BM14: 0 | BN14: =SUM(BJ14:BM14) | BO14: 0 | BP14: 0 | BQ14: 0 | BR14: 0 | BT14: {=_xlfn.HSTACK(SUM(INDEX($R14:$AV14,1,1):INDEX($R14:$AV14,1,7)),SUM(INDEX($R14:$AV14,1,7):INDEX($R14:$AV14,1,13)),SUM(INDEX($R14:$AV14,1,16):INDEX($R14:$AV14,1,23)),SUM(INDEX($R14:$AV14,1,23):INDEX($R14:$AV14,1,31)))} | BU14: 0 | BV14: 0 | BW14: 0 | BY14: =SUM(R14:X14) | BZ14: =SUM(Y14:AE14) | CA14: =SUM(AF14:AM14) | CB14: =SUM(AN14:AV14) | CD14: TIDAK ADA | CE14: =ROUND(BY14*$O14/1000,2) | CF14: =ROUND(BZ14*$O14/1000,2) | CG14: =ROUND(CA14*$O14/1000,2) | CH14: =ROUND(CB14*$O14/1000,2) | CI14: =SUM(CE14:CH14) | CK14: =IFERROR(ROUND(BY14*$P14,2),"") | CL14: =IFERROR(ROUND(BZ14*$P14,2),"") | CM14: =IFERROR(ROUND(CA14*$P14,2),"") | CN14: =IFERROR(ROUND(CB14*$P14,2),"") | CO14: =SUM(CK14:CN14)
B15: =_xlfn.XLOOKUP(G15,销售需求表!A:A,销售需求表!C:C) | C15: =IFERROR(MID(F15,FIND("R",F15)+1,4),"") | D15: =B15&C15&"寸" | E15: =LEFT(REPLACE(G15,1,2,""),FIND("[",REPLACE(G15,1,2,""))-1)&"-"&MID(REPLACE(G15,1,2,""),FIND("[",REPLACE(G15,1,2,""))+1,FIND("]",REPLACE(G15,1,2,""))-FIND("[",REPLACE(G15,1,2,""))-1) | F15: =IFERROR(MID(G15,3,FIND("(",G15)-3)&"-"&SUBSTITUTE(MID(G15,FIND("[",G15)+1,FIND("]",G15)-FIND("[",G15)-1),"Strong Guard ",""),"") | G15: ID11R22.5-16PR(146/143L)[M-TRAC MS]MASTERTRACK无内 | H15: 600 | J15: =IFERROR(LEFT(F15,FIND("-",F15))&MID(F15,FIND("PR",F15,FIND("-",F15))+3,LEN(F15)),F15) | K15: =_xlfn.XLOOKUP(F15,投产规格!E:E,投产规格!D:D,"未投产") | L15: =IFERROR(_xlfn.XLOOKUP(F15,硫化工艺!B:B,硫化工艺!C:C),"") | M15: =IF(L15="","",L15/(L15+$L$1/60)) | N15: =C15&"全钢" | O15: =IFERROR(_xlfn.XLOOKUP(F15,轮胎重量!J:J,轮胎重量!G:G),"") | P15: =O15*13.9 | Q15: =IFERROR(ROUND(1440/L15*(I15)*M15,0),"") | AK15: 60 | AL15: 60 | AM15: 60 | AN15: 60 | AO15: 60 | AP15: 60 | AQ15: 60 | AR15: 60 | AS15: 60 | AT15: 60 | AU15: 60 | AV15: 60 | AW15: =IF(SUM(R15:AV15)=0,"",SUM(R15:AV15)) | AX15: =IFERROR(AW15*O15/1000,"") | AY15: =IFERROR(ROUND(AW15*P15/10000,3),"") | BE15: =AZ15*AW15 | BF15: =BA15*AW15 | BG15: =BB15*AW15 | BH15: =BC15*AW15 | BJ15: {=_xlfn.LET(_xlpm.data,$R15:$AV15,_xlpm.starts,{1,8,16,23},_xlpm.lengths,{7,7,8,9},_xlpm.arr,_xlfn.MAP(_xlpm.starts,_xlpm.lengths,_xlfn.LAMBDA(_xlpm.s,_xlpm.l,SUM(INDEX(_xlpm.data,,_xlfn.SEQUENCE(,_xlpm.l,_xlpm.s))))),ROUND(_xlpm.arr*$O15/1000,2))} | BK15: 0 | BL15: 14.3 | BM15: 32.17 | BN15: =SUM(BJ15:BM15) | BO15: 0 | BP15: 0 | BQ15: 0 | BR15: 0 | BT15: {=_xlfn.HSTACK(SUM(INDEX($R15:$AV15,1,1):INDEX($R15:$AV15,1,7)),SUM(INDEX($R15:$AV15,1,7):INDEX($R15:$AV15,1,13)),SUM(INDEX($R15:$AV15,1,16):INDEX($R15:$AV15,1,23)),SUM(INDEX($R15:$AV15,1,23):INDEX($R15:$AV15,1,31)))} | BU15: 0 | BV15: 240 | BW15: 540 | BY15: =SUM(R15:X15) | BZ15: =SUM(Y15:AE15) | CA15: =SUM(AF15:AM15) | CB15: =SUM(AN15:AV15) | CD15: ADA | CE15: =ROUND(BY15*$O15/1000,2) | CF15: =ROUND(BZ15*$O15/1000,2) | CG15: =ROUND(CA15*$O15/1000,2) | CH15: =ROUND(CB15*$O15/1000,2) | CI15: =SUM(CE15:CH15) | CK15: =IFERROR(ROUND(BY15*$P15,2),"") | CL15: =IFERROR(ROUND(BZ15*$P15,2),"") | CM15: =IFERROR(ROUND(CA15*$P15,2),"") | CN15: =IFERROR(ROUND(CB15*$P15,2),"") | CO15: =SUM(CK15:CN15)
B16: =_xlfn.XLOOKUP(G16,销售需求表!A:A,销售需求表!C:C) | C16: =IFERROR(MID(F16,FIND("R",F16)+1,4),"") | D16: =B16&C16&"寸" | E16: =LEFT(REPLACE(G16,1,2,""),FIND("[",REPLACE(G16,1,2,""))-1)&"-"&MID(REPLACE(G16,1,2,""),FIND("[",REPLACE(G16,1,2,""))+1,FIND("]",REPLACE(G16,1,2,""))-FIND("[",REPLACE(G16,1,2,""))-1) | F16: =IFERROR(MID(G16,3,FIND("(",G16)-3)&"-"&SUBSTITUTE(MID(G16,FIND("[",G16)+1,FIND("]",G16)-FIND("[",G16)-1),"Strong Guard ",""),"") | G16: ID11R22.5-16PR(146/143L)[M-TRAC OSD]MASTERTRACK无内 | H16: 2000 | I16: 2 | J16: =IFERROR(LEFT(F16,FIND("-",F16))&MID(F16,FIND("PR",F16,FIND("-",F16))+3,LEN(F16)),F16) | K16: =_xlfn.XLOOKUP(F16,投产规格!E:E,投产规格!D:D,"未投产") | L16: =IFERROR(_xlfn.XLOOKUP(F16,硫化工艺!B:B,硫化工艺!C:C),"") | M16: =IF(L16="","",L16/(L16+$L$1/60)) | N16: =C16&"全钢" | O16: =IFERROR(_xlfn.XLOOKUP(F16,轮胎重量!J:J,轮胎重量!G:G),"") | P16: =O16*13.9 | Q16: =IFERROR(ROUND(1440/L16*(I16)*M16,0),"") | R16: 60 | S16: 60 | T16: 60 | U16: 60 | V16: 60 | W16: 60 | X16: 60 | Y16: 60 | Z16: 60 | AA16: 60 | AB16: 60 | AC16: 60 | AD16: 60 | AE16: 60 | AF16: 60 | AG16: 60 | AH16: 60 | AI16: 60 | AJ16: 60 | AK16: 60 | AL16: 60 | AM16: 60 | AN16: 60 | AO16: 60 | AP16: 60 | AQ16: 60 | AR16: 60 | AS16: 60 | AT16: 60 | AU16: 60 | AV16: 60 | AW16: =IF(SUM(R16:AV16)=0,"",SUM(R16:AV16)) | AX16: =IFERROR(AW16*O16/1000,"") | AY16: =IFERROR(ROUND(AW16*P16/10000,3),"") | BE16: =AZ16*AW16 | BF16: =BA16*AW16 | BG16: =BB16*AW16 | BH16: =BC16*AW16 | BJ16: {=_xlfn.LET(_xlpm.data,$R16:$AV16,_xlpm.starts,{1,8,16,23},_xlpm.lengths,{7,7,8,9},_xlpm.arr,_xlfn.MAP(_xlpm.starts,_xlpm.lengths,_xlfn.LAMBDA(_xlpm.s,_xlpm.l,SUM(INDEX(_xlpm.data,,_xlfn.SEQUENCE(,_xlpm.l,_xlpm.s))))),ROUND(_xlpm.arr*$O16/1000,2))} | BK16: 25.02 | BL16: 28.59 | BM16: 32.17 | BN16: =SUM(BJ16:BM16) | BO16: 0 | BP16: 0 | BQ16: 0 | BR16: 0 | BT16: {=_xlfn.HSTACK(SUM(INDEX($R16:$AV16,1,1):INDEX($R16:$AV16,1,7)),SUM(INDEX($R16:$AV16,1,7):INDEX($R16:$AV16,1,13)),SUM(INDEX($R16:$AV16,1,16):INDEX($R16:$AV16,1,23)),SUM(INDEX($R16:$AV16,1,23):INDEX($R16:$AV16,1,31)))} | BU16: 420 | BV16: 480 | BW16: 540 | BY16: =SUM(R16:X16) | BZ16: =SUM(Y16:AE16) | CA16: =SUM(AF16:AM16) | CB16: =SUM(AN16:AV16) | CD16: ADA | CE16: =ROUND(BY16*$O16/1000,2) | CF16: =ROUND(BZ16*$O16/1000,2) | CG16: =ROUND(CA16*$O16/1000,2) | CH16: =ROUND(CB16*$O16/1000,2) | CI16: =SUM(CE16:CH16) | CK16: =IFERROR(ROUND(BY16*$P16,2),"") | CL16: =IFERROR(ROUND(BZ16*$P16,2),"") | CM16: =IFERROR(ROUND(CA16*$P16,2),"") | CN16: =IFERROR(ROUND(CB16*$P16,2),"") | CO16: =SUM(CK16:CN16)
B17: =_xlfn.XLOOKUP(G17,销售需求表!A:A,销售需求表!C:C) | C17: =IFERROR(MID(F17,FIND("R",F17)+1,4),"") | D17: =B17&C17&"寸" | E17: =LEFT(REPLACE(G17,1,2,""),FIND("[",REPLACE(G17,1,2,""))-1)&"-"&MID(REPLACE(G17,1,2,""),FIND("[",REPLACE(G17,1,2,""))+1,FIND("]",REPLACE(G17,1,2,""))-FIND("[",REPLACE(G17,1,2,""))-1) | F17: =IFERROR(MID(G17,3,FIND("(",G17)-3)&"-"&SUBSTITUTE(MID(G17,FIND("[",G17)+1,FIND("]",G17)-FIND("[",G17)-1),"Strong Guard ",""),"") | G17: ID11R22.5-16PR(146/143L)[RLINE-S1]REDCLIFF无内 | H17: 280 | J17: =IFERROR(LEFT(F17,FIND("-",F17))&MID(F17,FIND("PR",F17,FIND("-",F17))+3,LEN(F17)),F17) | K17: =_xlfn.XLOOKUP(F17,投产规格!E:E,投产规格!D:D,"未投产") | L17: =IFERROR(_xlfn.XLOOKUP(F17,硫化工艺!B:B,硫化工艺!C:C),"") | M17: =IF(L17="","",L17/(L17+$L$1/60)) | N17: =C17&"全钢" | O17: =IFERROR(_xlfn.XLOOKUP(F17,轮胎重量!J:J,轮胎重量!G:G),"") | P17: =O17*13.9 | Q17: =IFERROR(ROUND(1440/L17*(I17)*M17,0),"") | AW17: =IF(SUM(R17:AV17)=0,"",SUM(R17:AV17)) | AX17: =IFERROR(AW17*O17/1000,"") | AY17: =IFERROR(ROUND(AW17*P17/10000,3),"") | BE17: =AZ17*AW17 | BF17: =BA17*AW17 | BG17: =BB17*AW17 | BH17: =BC17*AW17 | BJ17: {=_xlfn.LET(_xlpm.data,$R17:$AV17,_xlpm.starts,{1,8,16,23},_xlpm.lengths,{7,7,8,9},_xlpm.arr,_xlfn.MAP(_xlpm.starts,_xlpm.lengths,_xlfn.LAMBDA(_xlpm.s,_xlpm.l,SUM(INDEX(_xlpm.data,,_xlfn.SEQUENCE(,_xlpm.l,_xlpm.s))))),ROUND(_xlpm.arr*$O17/1000,2))} | BK17: 0 | BL17: 0 | BM17: 0 | BN17: =SUM(BJ17:BM17) | BO17: 0 | BP17: 0 | BQ17: 0 | BR17: 0 | BT17: {=_xlfn.HSTACK(SUM(INDEX($R17:$AV17,1,1):INDEX($R17:$AV17,1,7)),SUM(INDEX($R17:$AV17,1,7):INDEX($R17:$AV17,1,13)),SUM(INDEX($R17:$AV17,1,16):INDEX($R17:$AV17,1,23)),SUM(INDEX($R17:$AV17,1,23):INDEX($R17:$AV17,1,31)))} | BU17: 0 | BV17: 0 | BW17: 0 | BY17: =SUM(R17:X17) | BZ17: =SUM(Y17:AE17) | CA17: =SUM(AF17:AM17) | CB17: =SUM(AN17:AV17) | CD17: TIDAK ADA | CE17: =ROUND(BY17*$O17/1000,2) | CF17: =ROUND(BZ17*$O17/1000,2) | CG17: =ROUND(CA17*$O17/1000,2) | CH17: =ROUND(CB17*$O17/1000,2) | CI17: =SUM(CE17:CH17) | CK17: =IFERROR(ROUND(BY17*$P17,2),"") | CL17: =IFERROR(ROUND(BZ17*$P17,2),"") | CM17: =IFERROR(ROUND(CA17*$P17,2),"") | CN17: =IFERROR(ROUND(CB17*$P17,2),"") | CO17: =SUM(CK17:CN17)
B18: =_xlfn.XLOOKUP(G18,销售需求表!A:A,销售需求表!C:C) | C18: =IFERROR(MID(F18,FIND("R",F18)+1,4),"") | D18: =B18&C18&"寸" | E18: =LEFT(REPLACE(G18,1,2,""),FIND("[",REPLACE(G18,1,2,""))-1)&"-"&MID(REPLACE(G18,1,2,""),FIND("[",REPLACE(G18,1,2,""))+1,FIND("]",REPLACE(G18,1,2,""))-FIND("[",REPLACE(G18,1,2,""))-1) | F18: =IFERROR(MID(G18,3,FIND("(",G18)-3)&"-"&SUBSTITUTE(MID(G18,FIND("[",G18)+1,FIND("]",G18)-FIND("[",G18)-1),"Strong Guard ",""),"") | G18: ID11R22.5-16PR(146/143L)[Strong Guard H-RD]HERCULES无内 | H18: 750 | J18: =IFERROR(LEFT(F18,FIND("-",F18))&MID(F18,FIND("PR",F18,FIND("-",F18))+3,LEN(F18)),F18) | K18: =_xlfn.XLOOKUP(F18,投产规格!E:E,投产规格!D:D,"未投产") | L18: =IFERROR(_xlfn.XLOOKUP(F18,硫化工艺!B:B,硫化工艺!C:C),"") | M18: =IF(L18="","",L18/(L18+$L$1/60)) | N18: =C18&"全钢" | O18: =IFERROR(_xlfn.XLOOKUP(F18,轮胎重量!J:J,轮胎重量!G:G),"") | P18: =IFERROR(_xlfn.XLOOKUP(G18,硫化工艺!I:I,硫化工艺!J:J),"") | Q18: =IFERROR(ROUND(1440/L18*(I18)*M18,0),"") | AH18: 60 | AI18: 60 | AJ18: 60 | AK18: 60 | AL18: 60 | AM18: 60 | AN18: 60 | AO18: 60 | AP18: 60 | AQ18: 60 | AR18: 60 | AS18: 60 | AW18: =IF(SUM(R18:AV18)=0,"",SUM(R18:AV18)) | AX18: =IFERROR(AW18*O18/1000,"") | AY18: =IFERROR(ROUND(AW18*P18/10000,3),"") | BE18: =AZ18*AW18 | BF18: =BA18*AW18 | BG18: =BB18*AW18 | BH18: =BC18*AW18 | BJ18: {=_xlfn.LET(_xlpm.data,$R18:$AV18,_xlpm.starts,{1,8,16,23},_xlpm.lengths,{7,7,8,9},_xlpm.arr,_xlfn.MAP(_xlpm.starts,_xlpm.lengths,_xlfn.LAMBDA(_xlpm.s,_xlpm.l,SUM(INDEX(_xlpm.data,,_xlfn.SEQUENCE(,_xlpm.l,_xlpm.s))))),ROUND(_xlpm.arr*$O18/1000,2))} | BK18: 0 | BL18: 22.79 | BM18: 19.53 | BN18: =SUM(BJ18:BM18) | BO18: 0 | BP18: 0 | BQ18: 0 | BR18: 0 | BT18: {=_xlfn.HSTACK(SUM(INDEX($R18:$AV18,1,1):INDEX($R18:$AV18,1,7)),SUM(INDEX($R18:$AV18,1,7):INDEX($R18:$AV18,1,13)),SUM(INDEX($R18:$AV18,1,16):INDEX($R18:$AV18,1,23)),SUM(INDEX($R18:$AV18,1,23):INDEX($R18:$AV18,1,31)))} | BU18: 0 | BV18: 420 | BW18: 360 | BY18: =SUM(R18:X18) | BZ18: =SUM(Y18:AE18) | CA18: =SUM(AF18:AM18) | CB18: =SUM(AN18:AV18) | CD18: ADA | CE18: =ROUND(BY18*$O18/1000,2) | CF18: =ROUND(BZ18*$O18/1000,2) | CG18: =ROUND(CA18*$O18/1000,2) | CH18: =ROUND(CB18*$O18/1000,2) | CI18: =SUM(CE18:CH18) | CK18: =IFERROR(ROUND(BY18*$P18,2),"") | CL18: =IFERROR(ROUND(BZ18*$P18,2),"") | CM18: =IFERROR(ROUND(CA18*$P18,2),"") | CN18: =IFERROR(ROUND(CB18*$P18,2),"") | CO18: =SUM(CK18:CN18)
B19: =_xlfn.XLOOKUP(G19,销售需求表!A:A,销售需求表!C:C) | C19: =IFERROR(MID(F19,FIND("R",F19)+1,4),"") | D19: =B19&C19&"寸" | E19: =LEFT(REPLACE(G19,1,2,""),FIND("[",REPLACE(G19,1,2,""))-1)&"-"&MID(REPLACE(G19,1,2,""),FIND("[",REPLACE(G19,1,2,""))+1,FIND("]",REPLACE(G19,1,2,""))-FIND("[",REPLACE(G19,1,2,""))-1) | F19: =IFERROR(MID(G19,3,FIND("(",G19)-3)&"-"&SUBSTITUTE(MID(G19,FIND("[",G19)+1,FIND("]",G19)-FIND("[",G19)-1),"Strong Guard ",""),"") | G19: ID11R22.5-16PR(146/143M)[HF1 PlusX]SUPERMAX ECO无内 | H19: 400 | J19: =IFERROR(LEFT(F19,FIND("-",F19))&MID(F19,FIND("PR",F19,FIND("-",F19))+3,LEN(F19)),F19) | K19: =_xlfn.XLOOKUP(F19,投产规格!E:E,投产规格!D:D,"未投产") | L19: =IFERROR(_xlfn.XLOOKUP(F19,硫化工艺!B:B,硫化工艺!C:C),"") | M19: =IF(L19="","",L19/(L19+$L$1/60)) | N19: =C19&"全钢" | O19: =IFERROR(_xlfn.XLOOKUP(F19,轮胎重量!J:J,轮胎重量!G:G),"") | P19: =IFERROR(_xlfn.XLOOKUP(G19,硫化工艺!I:I,硫化工艺!J:J),"") | Q19: =IFERROR(ROUND(1440/L19*(I19)*M19,0),"") | AS19: 64 | AT19: 64 | AU19: 64 | AV19: 64 | AW19: =IF(SUM(R19:AV19)=0,"",SUM(R19:AV19)) | AX19: =IFERROR(AW19*O19/1000,"") | AY19: =IFERROR(ROUND(AW19*P19/10000,3),"") | BE19: =AZ19*AW19 | BF19: =BA19*AW19 | BG19: =BB19*AW19 | BH19: =BC19*AW19 | BJ19: {=_xlfn.LET(_xlpm.data,$R19:$AV19,_xlpm.starts,{1,8,16,23},_xlpm.lengths,{7,7,8,9},_xlpm.arr,_xlfn.MAP(_xlpm.starts,_xlpm.lengths,_xlfn.LAMBDA(_xlpm.s,_xlpm.l,SUM(INDEX(_xlpm.data,,_xlfn.SEQUENCE(,_xlpm.l,_xlpm.s))))),ROUND(_xlpm.arr*$O19/1000,2))} | BK19: 0 | BL19: 0 | BM19: 12.96 | BN19: =SUM(BJ19:BM19) | BO19: 0 | BP19: 0 | BQ19: 0 | BR19: 0 | BT19: {=_xlfn.HSTACK(SUM(INDEX($R19:$AV19,1,1):INDEX($R19:$AV19,1,7)),SUM(INDEX($R19:$AV19,1,7):INDEX($R19:$AV19,1,13)),SUM(INDEX($R19:$AV19,1,16):INDEX($R19:$AV19,1,23)),SUM(INDEX($R19:$AV19,1,23):INDEX($R19:$AV19,1,31)))} | BU19: 0 | BV19: 0 | BW19: 256 | BY19: =SUM(R19:X19) | BZ19: =SUM(Y19:AE19) | CA19: =SUM(AF19:AM19) | CB19: =SUM(AN19:AV19) | CD19: ADA | CE19: =ROUND(BY19*$O19/1000,2) | CF19: =ROUND(BZ19*$O19/1000,2) | CG19: =ROUND(CA19*$O19/1000,2) | CH19: =ROUND(CB19*$O19/1000,2) | CI19: =SUM(CE19:CH19) | CK19: =IFERROR(ROUND(BY19*$P19,2),"") | CL19: =IFERROR(ROUND(BZ19*$P19,2),"") | CM19: =IFERROR(ROUND(CA19*$P19,2),"") | CN19: =IFERROR(ROUND(CB19*$P19,2),"") | CO19: =SUM(CK19:CN19)
B20: =_xlfn.XLOOKUP(G20,销售需求表!A:A,销售需求表!C:C) | C20: =IFERROR(MID(F20,FIND("R",F20)+1,4),"") | D20: =B20&C20&"寸" | E20: =LEFT(REPLACE(G20,1,2,""),FIND("[",REPLACE(G20,1,2,""))-1)&"-"&MID(REPLACE(G20,1,2,""),FIND("[",REPLACE(G20,1,2,""))+1,FIND("]",REPLACE(G20,1,2,""))-FIND("[",REPLACE(G20,1,2,""))-1) | F20: =IFERROR(MID(G20,3,FIND("(",G20)-3)&"-"&SUBSTITUTE(MID(G20,FIND("[",G20)+1,FIND("]",G20)-FIND("[",G20)-1),"Strong Guard ",""),"") | G20: ID11R22.5-16PR(146/143M)[KOBE APM]ITARO无内 | H20: 750 | J20: =IFERROR(LEFT(F20,FIND("-",F20))&MID(F20,FIND("PR",F20,FIND("-",F20))+3,LEN(F20)),F20) | K20: =_xlfn.XLOOKUP(F20,投产规格!E:E,投产规格!D:D,"未投产") | L20: =IFERROR(_xlfn.XLOOKUP(F20,硫化工艺!B:B,硫化工艺!C:C),"") | M20: =IF(L20="","",L20/(L20+$L$1/60)) | N20: =C20&"全钢" | O20: =IFERROR(_xlfn.XLOOKUP(F20,轮胎重量!J:J,轮胎重量!G:G),"") | P20: =IFERROR(_xlfn.XLOOKUP(G20,硫化工艺!I:I,硫化工艺!J:J),"") | Q20: =IFERROR(ROUND(1440/L20*(I20)*M20,0),"") | AK20: 66 | AL20: 66 | AM20: 66 | AN20: 66 | AO20: 66 | AP20: 66 | AQ20: 66 | AR20: 66 | AS20: 66 | AT20: 66 | AU20: 66 | AV20: 66 | AW20: =IF(SUM(R20:AV20)=0,"",SUM(R20:AV20)) | AX20: =IFERROR(AW20*O20/1000,"") | AY20: =IFERROR(ROUND(AW20*P20/10000,3),"") | BE20: =AZ20*AW20 | BF20: =BA20*AW20 | BG20: =BB20*AW20 | BH20: =BC20*AW20 | BJ20: {=_xlfn.LET(_xlpm.data,$R20:$AV20,_xlpm.starts,{1,8,16,23},_xlpm.lengths,{7,7,8,9},_xlpm.arr,_xlfn.MAP(_xlpm.starts,_xlpm.lengths,_xlfn.LAMBDA(_xlpm.s,_xlpm.l,SUM(INDEX(_xlpm.data,,_xlfn.SEQUENCE(,_xlpm.l,_xlpm.s))))),ROUND(_xlpm.arr*$O20/1000,2))} | BK20: 0 | BL20: 13.37 | BM20: 30.08 | BN20: =SUM(BJ20:BM20) | BO20: 0 | BP20: 0 | BQ20: 0 | BR20: 0 | BT20: {=_xlfn.HSTACK(SUM(INDEX($R20:$AV20,1,1):INDEX($R20:$AV20,1,7)),SUM(INDEX($R20:$AV20,1,7):INDEX($R20:$AV20,1,13)),SUM(INDEX($R20:$AV20,1,16):INDEX($R20:$AV20,1,23)),SUM(INDEX($R20:$AV20,1,23):INDEX($R20:$AV20,1,31)))} | BU20: 0 | BV20: 264 | BW20: 594 | BY20: =SUM(R20:X20) | BZ20: =SUM(Y20:AE20) | CA20: =SUM(AF20:AM20) | CB20: =SUM(AN20:AV20) | CD20: ADA | CE20: =ROUND(BY20*$O20/1000,2) | CF20: =ROUND(BZ20*$O20/1000,2) | CG20: =ROUND(CA20*$O20/1000,2) | CH20: =ROUND(CB20*$O20/1000,2) | CI20: =SUM(CE20:CH20) | CK20: =IFERROR(ROUND(BY20*$P20,2),"") | CL20: =IFERROR(ROUND(BZ20*$P20,2),"") | CM20: =IFERROR(ROUND(CA20*$P20,2),"") | CN20: =IFERROR(ROUND(CB20*$P20,2),"") | CO20: =SUM(CK20:CN20)
B21: =_xlfn.XLOOKUP(G21,销售需求表!A:A,销售需求表!C:C) | C21: =IFERROR(MID(F21,FIND("R",F21)+1,4),"") | D21: =B21&C21&"寸" | E21: =LEFT(REPLACE(G21,1,2,""),FIND("[",REPLACE(G21,1,2,""))-1)&"-"&MID(REPLACE(G21,1,2,""),FIND("[",REPLACE(G21,1,2,""))+1,FIND("]",REPLACE(G21,1,2,""))-FIND("[",REPLACE(G21,1,2,""))-1) | F21: =IFERROR(MID(G21,3,FIND("(",G21)-3)&"-"&SUBSTITUTE(MID(G21,FIND("[",G21)+1,FIND("]",G21)-FIND("[",G21)-1),"Strong Guard ",""),"") | G21: ID11R22.5-16PR(148/145K)[Strong Guard H-MD]HERCULES无内 | H21: 1100 | I21: 2 | J21: =IFERROR(LEFT(F21,FIND("-",F21))&MID(F21,FIND("PR",F21,FIND("-",F21))+3,LEN(F21)),F21) | K21: =_xlfn.XLOOKUP(F21,投产规格!E:E,投产规格!D:D,"未投产") | L21: =IFERROR(_xlfn.XLOOKUP(F21,硫化工艺!B:B,硫化工艺!C:C),"") | M21: =IF(L21="","",L21/(L21+$L$1/60)) | N21: =C21&"全钢" | O21: =IFERROR(_xlfn.XLOOKUP(F21,轮胎重量!J:J,轮胎重量!G:G),"") | P21: =IFERROR(_xlfn.XLOOKUP(G21,硫化工艺!I:I,硫化工艺!J:J),"") | Q21: =IFERROR(ROUND(1440/L21*(I21)*M21,0),"") | R21: 58 | S21: 58 | T21: 58 | U21: 58 | V21: 58 | W21: 58 | X21: 58 | Y21: 58 | Z21: 58 | AA21: 58 | AB21: 58 | AC21: 58 | AD21: 58 | AE21: 58 | AF21: 58 | AG21: 58 | AW21: =IF(SUM(R21:AV21)=0,"",SUM(R21:AV21)) | AX21: =IFERROR(AW21*O21/1000,"") | AY21: =IFERROR(ROUND(AW21*P21/10000,3),"") | BE21: =AZ21*AW21 | BF21: =BA21*AW21 | BG21: =BB21*AW21 | BH21: =BC21*AW21 | BJ21: {=_xlfn.LET(_xlpm.data,$R21:$AV21,_xlpm.starts,{1,8,16,23},_xlpm.lengths,{7,7,8,9},_xlpm.arr,_xlfn.MAP(_xlpm.starts,_xlpm.lengths,_xlfn.LAMBDA(_xlpm.s,_xlpm.l,SUM(INDEX(_xlpm.data,,_xlfn.SEQUENCE(,_xlpm.l,_xlpm.s))))),ROUND(_xlpm.arr*$O21/1000,2))} | BK21: 24.49 | BL21: 3.5 | BM21: 0 | BN21: =SUM(BJ21:BM21) | BO21: 0 | BP21: 0 | BQ21: 0 | BR21: 0 | BT21: {=_xlfn.HSTACK(SUM(INDEX($R21:$AV21,1,1):INDEX($R21:$AV21,1,7)),SUM(INDEX($R21:$AV21,1,7):INDEX($R21:$AV21,1,13)),SUM(INDEX($R21:$AV21,1,16):INDEX($R21:$AV21,1,23)),SUM(INDEX($R21:$AV21,1,23):INDEX($R21:$AV21,1,31)))} | BU21: 406 | BV21: 58 | BW21: 0 | BY21: =SUM(R21:X21) | BZ21: =SUM(Y21:AE21) | CA21: =SUM(AF21:AM21) | CB21: =SUM(AN21:AV21) | CD21: ADA | CE21: =ROUND(BY21*$O21/1000,2) | CF21: =ROUND(BZ21*$O21/1000,2) | CG21: =ROUND(CA21*$O21/1000,2) | CH21: =ROUND(CB21*$O21/1000,2) | CI21: =SUM(CE21:CH21) | CK21: =IFERROR(ROUND(BY21*$P21,2),"") | CL21: =IFERROR(ROUND(BZ21*$P21,2),"") | CM21: =IFERROR(ROUND(CA21*$P21,2),"") | CN21: =IFERROR(ROUND(CB21*$P21,2),"") | CO21: =SUM(CK21:CN21)
B22: =_xlfn.XLOOKUP(G22,销售需求表!A:A,销售需求表!C:C) | C22: =IFERROR(MID(F22,FIND("R",F22)+1,4),"") | D22: =B22&C22&"寸" | E22: =LEFT(REPLACE(G22,1,2,""),FIND("[",REPLACE(G22,1,2,""))-1)&"-"&MID(REPLACE(G22,1,2,""),FIND("[",REPLACE(G22,1,2,""))+1,FIND("]",REPLACE(G22,1,2,""))-FIND("[",REPLACE(G22,1,2,""))-1) | F22: =IFERROR(MID(G22,3,FIND("(",G22)-3)&"-"&SUBSTITUTE(MID(G22,FIND("[",G22)+1,FIND("]",G22)-FIND("[",G22)-1),"Strong Guard ",""),"") | G22: ID11R22.5-16PR(148/145L)[AD716]GOODRIDE(好运)无内 | H22: 280 | J22: =IFERROR(LEFT(F22,FIND("-",F22))&MID(F22,FIND("PR",F22,FIND("-",F22))+3,LEN(F22)),F22) | K22: =_xlfn.XLOOKUP(F22,投产规格!E:E,投产规格!D:D,"未投产") | L22: =IFERROR(_xlfn.XLOOKUP(F22,硫化工艺!B:B,硫化工艺!C:C),"") | M22: =IF(L22="","",L22/(L22+$L$1/60)) | N22: =C22&"全钢" | O22: =IFERROR(_xlfn.XLOOKUP(F22,轮胎重量!J:J,轮胎重量!G:G),"") | P22: =IFERROR(_xlfn.XLOOKUP(G22,硫化工艺!I:I,硫化工艺!J:J),"") | Q22: =IFERROR(ROUND(1440/L22*(I22)*M22,0),"") | AT22: 60 | AU22: 60 | AV22: 60 | AW22: =IF(SUM(R22:AV22)=0,"",SUM(R22:AV22)) | AX22: =IFERROR(AW22*O22/1000,"") | AY22: =IFERROR(ROUND(AW22*P22/10000,3),"") | BE22: =AZ22*AW22 | BF22: =BA22*AW22 | BG22: =BB22*AW22 | BH22: =BC22*AW22 | BJ22: {=_xlfn.LET(_xlpm.data,$R22:$AV22,_xlpm.starts,{1,8,16,23},_xlpm.lengths,{7,7,8,9},_xlpm.arr,_xlfn.MAP(_xlpm.starts,_xlpm.lengths,_xlfn.LAMBDA(_xlpm.s,_xlpm.l,SUM(INDEX(_xlpm.data,,_xlfn.SEQUENCE(,_xlpm.l,_xlpm.s))))),ROUND(_xlpm.arr*$O22/1000,2))} | BK22: 0 | BL22: 0 | BM22: 10.05 | BN22: =SUM(BJ22:BM22) | BO22: 0 | BP22: 0 | BQ22: 0 | BR22: 0 | BT22: {=_xlfn.HSTACK(SUM(INDEX($R22:$AV22,1,1):INDEX($R22:$AV22,1,7)),SUM(INDEX($R22:$AV22,1,7):INDEX($R22:$AV22,1,13)),SUM(INDEX($R22:$AV22,1,16):INDEX($R22:$AV22,1,23)),SUM(INDEX($R22:$AV22,1,23):INDEX($R22:$AV22,1,31)))} | BU22: 0 | BV22: 0 | BW22: 180 | BY22: =SUM(R22:X22) | BZ22: =SUM(Y22:AE22) | CA22: =SUM(AF22:AM22) | CB22: =SUM(AN22:AV22) | CD22: ADA | CE22: =ROUND(BY22*$O22/1000,2) | CF22: =ROUND(BZ22*$O22/1000,2) | CG22: =ROUND(CA22*$O22/1000,2) | CH22: =ROUND(CB22*$O22/1000,2) | CI22: =SUM(CE22:CH22) | CK22: =IFERROR(ROUND(BY22*$P22,2),"") | CL22: =IFERROR(ROUND(BZ22*$P22,2),"") | CM22: =IFERROR(ROUND(CA22*$P22,2),"") | CN22: =IFERROR(ROUND(CB22*$P22,2),"") | CO22: =SUM(CK22:CN22)
B23: =_xlfn.XLOOKUP(G23,销售需求表!A:A,销售需求表!C:C) | C23: =IFERROR(MID(F23,FIND("R",F23)+1,4),"") | D23: =B23&C23&"寸" | E23: =LEFT(REPLACE(G23,1,2,""),FIND("[",REPLACE(G23,1,2,""))-1)&"-"&MID(REPLACE(G23,1,2,""),FIND("[",REPLACE(G23,1,2,""))+1,FIND("]",REPLACE(G23,1,2,""))-FIND("[",REPLACE(G23,1,2,""))-1) | F23: =IFERROR(MID(G23,3,FIND("(",G23)-3)&"-"&SUBSTITUTE(MID(G23,FIND("[",G23)+1,FIND("]",G23)-FIND("[",G23)-1),"Strong Guard ",""),"") | G23: ID11R22.5-16PR(148/145L)[AS858]GOODRIDE(好运)无内 | H23: 480 | J23: =IFERROR(LEFT(F23,FIND("-",F23))&MID(F23,FIND("PR",F23,FIND("-",F23))+3,LEN(F23)),F23) | K23: =_xlfn.XLOOKUP(F23,投产规格!E:E,投产规格!D:D,"未投产") | L23: =IFERROR(_xlfn.XLOOKUP(F23,硫化工艺!B:B,硫化工艺!C:C),"") | M23: =IF(L23="","",L23/(L23+$L$1/60)) | N23: =C23&"全钢" | O23: =IFERROR(_xlfn.XLOOKUP(F23,轮胎重量!J:J,轮胎重量!G:G),"") | P23: =IFERROR(_xlfn.XLOOKUP(G23,硫化工艺!I:I,硫化工艺!J:J),"") | Q23: =IFERROR(ROUND(1440/L23*(I23)*M23,0),"") | AN23: 60 | AO23: 60 | AP23: 60 | AQ23: 60 | AR23: 60 | AS23: 60 | AT23: 60 | AU23: 60 | AV23: 60 | AW23: =IF(SUM(R23:AV23)=0,"",SUM(R23:AV23)) | AX23: =IFERROR(AW23*O23/1000,"") | AY23: =IFERROR(ROUND(AW23*P23/10000,3),"") | BE23: =AZ23*AW23 | BF23: =BA23*AW23 | BG23: =BB23*AW23 | BH23: =BC23*AW23 | BJ23: {=_xlfn.LET(_xlpm.data,$R23:$AV23,_xlpm.starts,{1,8,16,23},_xlpm.lengths,{7,7,8,9},_xlpm.arr,_xlfn.MAP(_xlpm.starts,_xlpm.lengths,_xlfn.LAMBDA(_xlpm.s,_xlpm.l,SUM(INDEX(_xlpm.data,,_xlfn.SEQUENCE(,_xlpm.l,_xlpm.s))))),ROUND(_xlpm.arr*$O23/1000,2))} | BK23: 0 | BL23: 3.43 | BM23: 30.91 | BN23: =SUM(BJ23:BM23) | BO23: 0 | BP23: 0 | BQ23: 0 | BR23: 0 | BT23: {=_xlfn.HSTACK(SUM(INDEX($R23:$AV23,1,1):INDEX($R23:$AV23,1,7)),SUM(INDEX($R23:$AV23,1,7):INDEX($R23:$AV23,1,13)),SUM(INDEX($R23:$AV23,1,16):INDEX($R23:$AV23,1,23)),SUM(INDEX($R23:$AV23,1,23):INDEX($R23:$AV23,1,31)))} | BU23: 0 | BV23: 60 | BW23: 540 | BY23: =SUM(R23:X23) | BZ23: =SUM(Y23:AE23) | CA23: =SUM(AF23:AM23) | CB23: =SUM(AN23:AV23) | CD23: ADA | CE23: =ROUND(BY23*$O23/1000,2) | CF23: =ROUND(BZ23*$O23/1000,2) | CG23: =ROUND(CA23*$O23/1000,2) | CH23: =ROUND(CB23*$O23/1000,2) | CI23: =SUM(CE23:CH23) | CK23: =IFERROR(ROUND(BY23*$P23,2),"") | CL23: =IFERROR(ROUND(BZ23*$P23,2),"") | CM23: =IFERROR(ROUND(CA23*$P23,2),"") | CN23: =IFERROR(ROUND(CB23*$P23,2),"") | CO23: =SUM(CK23:CN23)
B24: =_xlfn.XLOOKUP(G24,销售需求表!A:A,销售需求表!C:C) | C24: =IFERROR(MID(F24,FIND("R",F24)+1,4),"") | D24: =B24&C24&"寸" | E24: =LEFT(REPLACE(G24,1,2,""),FIND("[",REPLACE(G24,1,2,""))-1)&"-"&MID(REPLACE(G24,1,2,""),FIND("[",REPLACE(G24,1,2,""))+1,FIND("]",REPLACE(G24,1,2,""))-FIND("[",REPLACE(G24,1,2,""))-1) | F24: =IFERROR(MID(G24,3,FIND("(",G24)-3)&"-"&SUBSTITUTE(MID(G24,FIND("[",G24)+1,FIND("]",G24)-FIND("[",G24)-1),"Strong Guard ",""),"") | G24: ID11R22.5-16PR(148/145L)[AS868]金冠无内 | H24: 2600 | I24: 2 | J24: =IFERROR(LEFT(F24,FIND("-",F24))&MID(F24,FIND("PR",F24,FIND("-",F24))+3,LEN(F24)),F24) | K24: =_xlfn.XLOOKUP(F24,投产规格!E:E,投产规格!D:D,"未投产") | L24: =IFERROR(_xlfn.XLOOKUP(F24,硫化工艺!B:B,硫化工艺!C:C),"") | M24: =IF(L24="","",L24/(L24+$L$1/60)) | N24: =C24&"全钢" | O24: =IFERROR(_xlfn.XLOOKUP(F24,轮胎重量!J:J,轮胎重量!G:G),"") | P24: =IFERROR(_xlfn.XLOOKUP(G24,硫化工艺!I:I,硫化工艺!J:J),"") | Q24: =IFERROR(ROUND(1440/L24*(I24)*M24,0),"") | R24: 60 | S24: 60 | T24: 60 | U24: 60 | V24: 60 | W24: 60 | X24: 60 | Y24: 60 | Z24: 60 | AA24: 60 | AB24: 60 | AC24: 60 | AD24: 60 | AE24: 60 | AF24: 60 | AG24: 60 | AH24: 60 | AI24: 60 | AJ24: 60 | AK24: 60 | AL24: 60 | AM24: 60 | AN24: 60 | AO24: 60 | AP24: 60 | AQ24: 60 | AR24: 60 | AS24: 60 | AT24: 60 | AU24: 60 | AV24: 60 | AW24: =IF(SUM(R24:AV24)=0,"",SUM(R24:AV24)) | AX24: =IFERROR(AW24*O24/1000,"") | AY24: =IFERROR(ROUND(AW24*P24/10000,3),"") | BE24: =AZ24*AW24 | BF24: =BA24*AW24 | BG24: =BB24*AW24 | BH24: =BC24*AW24 | BJ24: {=_xlfn.LET(_xlpm.data,$R24:$AV24,_xlpm.starts,{1,8,16,23},_xlpm.lengths,{7,7,8,9},_xlpm.arr,_xlfn.MAP(_xlpm.starts,_xlpm.lengths,_xlfn.LAMBDA(_xlpm.s,_xlpm.l,SUM(INDEX(_xlpm.data,,_xlfn.SEQUENCE(,_xlpm.l,_xlpm.s))))),ROUND(_xlpm.arr*$O24/1000,2))} | BK24: 24.04 | BL24: 27.47 | BM24: 30.91 | BN24: =SUM(BJ24:BM24) | BO24: 0 | BP24: 0 | BQ24: 0 | BR24: 0 | BT24: {=_xlfn.HSTACK(SUM(INDEX($R24:$AV24,1,1):INDEX($R24:$AV24,1,7)),SUM(INDEX($R24:$AV24,1,7):INDEX($R24:$AV24,1,13)),SUM(INDEX($R24:$AV24,1,16):INDEX($R24:$AV24,1,23)),SUM(INDEX($R24:$AV24,1,23):INDEX($R24:$AV24,1,31)))} | BU24: 420 | BV24: 480 | BW24: 540 | BY24: =SUM(R24:X24) | BZ24: =SUM(Y24:AE24) | CA24: =SUM(AF24:AM24) | CB24: =SUM(AN24:AV24) | CD24: ADA | CE24: =ROUND(BY24*$O24/1000,2) | CF24: =ROUND(BZ24*$O24/1000,2) | CG24: =ROUND(CA24*$O24/1000,2) | CH24: =ROUND(CB24*$O24/1000,2) | CI24: =SUM(CE24:CH24) | CK24: =IFERROR(ROUND(BY24*$P24,2),"") | CL24: =IFERROR(ROUND(BZ24*$P24,2),"") | CM24: =IFERROR(ROUND(CA24*$P24,2),"") | CN24: =IFERROR(ROUND(CB24*$P24,2),"") | CO24: =SUM(CK24:CN24)
B25: =_xlfn.XLOOKUP(G25,销售需求表!A:A,销售需求表!C:C) | C25: =IFERROR(MID(F25,FIND("R",F25)+1,4),"") | D25: =B25&C25&"寸" | E25: =LEFT(REPLACE(G25,1,2,""),FIND("[",REPLACE(G25,1,2,""))-1)&"-"&MID(REPLACE(G25,1,2,""),FIND("[",REPLACE(G25,1,2,""))+1,FIND("]",REPLACE(G25,1,2,""))-FIND("[",REPLACE(G25,1,2,""))-1) | F25: =IFERROR(MID(G25,3,FIND("(",G25)-3)&"-"&SUBSTITUTE(MID(G25,FIND("[",G25)+1,FIND("]",G25)-FIND("[",G25)-1),"Strong Guard ",""),"") | G25: ID11R22.5-16PR(148/145L)[AZ599]威狮无内 | H25: 400 | J25: =IFERROR(LEFT(F25,FIND("-",F25))&MID(F25,FIND("PR",F25,FIND("-",F25))+3,LEN(F25)),F25) | K25: =_xlfn.XLOOKUP(F25,投产规格!E:E,投产规格!D:D,"未投产") | L25: =IFERROR(_xlfn.XLOOKUP(F25,硫化工艺!B:B,硫化工艺!C:C),"") | M25: =IF(L25="","",L25/(L25+$L$1/60)) | N25: =C25&"全钢" | O25: =IFERROR(_xlfn.XLOOKUP(F25,轮胎重量!J:J,轮胎重量!G:G),"") | P25: =IFERROR(_xlfn.XLOOKUP(G25,硫化工艺!I:I,硫化工艺!J:J),"") | Q25: =IFERROR(ROUND(1440/L25*(I25)*M25,0),"") | AO25: 60 | AP25: 60 | AQ25: 60 | AR25: 60 | AS25: 60 | AT25: 60 | AU25: 60 | AV25: 60 | AW25: =IF(SUM(R25:AV25)=0,"",SUM(R25:AV25)) | AX25: =IFERROR(AW25*O25/1000,"") | AY25: =IFERROR(ROUND(AW25*P25/10000,3),"") | BE25: =AZ25*AW25 | BF25: =BA25*AW25 | BG25: =BB25*AW25 | BH25: =BC25*AW25 | BJ25: {=_xlfn.LET(_xlpm.data,$R25:$AV25,_xlpm.starts,{1,8,16,23},_xlpm.lengths,{7,7,8,9},_xlpm.arr,_xlfn.MAP(_xlpm.starts,_xlpm.lengths,_xlfn.LAMBDA(_xlpm.s,_xlpm.l,SUM(INDEX(_xlpm.data,,_xlfn.SEQUENCE(,_xlpm.l,_xlpm.s))))),ROUND(_xlpm.arr*$O25/1000,2))} | BK25: 0 | BL25: 0 | BM25: 24.99 | BN25: =SUM(BJ25:BM25) | BO25: 0 | BP25: 0 | BQ25: 0 | BR25: 0 | BT25: {=_xlfn.HSTACK(SUM(INDEX($R25:$AV25,1,1):INDEX($R25:$AV25,1,7)),SUM(INDEX($R25:$AV25,1,7):INDEX($R25:$AV25,1,13)),SUM(INDEX($R25:$AV25,1,16):INDEX($R25:$AV25,1,23)),SUM(INDEX($R25:$AV25,1,23):INDEX($R25:$AV25,1,31)))} | BU25: 0 | BV25: 0 | BW25: 480 | BY25: =SUM(R25:X25) | BZ25: =SUM(Y25:AE25) | CA25: =SUM(AF25:AM25) | CB25: =SUM(AN25:AV25) | CD25: ADA | CE25: =ROUND(BY25*$O25/1000,2) | CF25: =ROUND(BZ25*$O25/1000,2) | CG25: =ROUND(CA25*$O25/1000,2) | CH25: =ROUND(CB25*$O25/1000,2) | CI25: =SUM(CE25:CH25) | CK25: =IFERROR(ROUND(BY25*$P25,2),"") | CL25: =IFERROR(ROUND(BZ25*$P25,2),"") | CM25: =IFERROR(ROUND(CA25*$P25,2),"") | CN25: =IFERROR(ROUND(CB25*$P25,2),"") | CO25: =SUM(CK25:CN25)
B26: =_xlfn.XLOOKUP(G26,销售需求表!A:A,销售需求表!C:C) | C26: =IFERROR(MID(F26,FIND("R",F26)+1,4),"") | D26: =B26&C26&"寸" | E26: =LEFT(REPLACE(G26,1,2,""),FIND("[",REPLACE(G26,1,2,""))-1)&"-"&MID(REPLACE(G26,1,2,""),FIND("[",REPLACE(G26,1,2,""))+1,FIND("]",REPLACE(G26,1,2,""))-FIND("[",REPLACE(G26,1,2,""))-1) | F26: =IFERROR(MID(G26,3,FIND("(",G26)-3)&"-"&SUBSTITUTE(MID(G26,FIND("[",G26)+1,FIND("]",G26)-FIND("[",G26)-1),"Strong Guard ",""),"") | G26: ID11R22.5-16PR(148/145L)[ECO-MILE CSD]TRAVELSTAR无内 | H26: 400 | J26: =IFERROR(LEFT(F26,FIND("-",F26))&MID(F26,FIND("PR",F26,FIND("-",F26))+3,LEN(F26)),F26) | K26: =_xlfn.XLOOKUP(F26,投产规格!E:E,投产规格!D:D,"未投产") | L26: =IFERROR(_xlfn.XLOOKUP(F26,硫化工艺!B:B,硫化工艺!C:C),"") | M26: =IF(L26="","",L26/(L26+$L$1/60)) | N26: =C26&"全钢" | O26: =IFERROR(_xlfn.XLOOKUP(F26,轮胎重量!J:J,轮胎重量!G:G),"") | P26: =O26*13.9 | Q26: =IFERROR(ROUND(1440/L26*(I26)*M26,0),"") | AW26: =IF(SUM(R26:AV26)=0,"",SUM(R26:AV26)) | AX26: =IFERROR(AW26*O26/1000,"") | AY26: =IFERROR(ROUND(AW26*P26/10000,3),"") | BE26: =AZ26*AW26 | BF26: =BA26*AW26 | BG26: =BB26*AW26 | BH26: =BC26*AW26 | BJ26: {=_xlfn.LET(_xlpm.data,$R26:$AV26,_xlpm.starts,{1,8,16,23},_xlpm.lengths,{7,7,8,9},_xlpm.arr,_xlfn.MAP(_xlpm.starts,_xlpm.lengths,_xlfn.LAMBDA(_xlpm.s,_xlpm.l,SUM(INDEX(_xlpm.data,,_xlfn.SEQUENCE(,_xlpm.l,_xlpm.s))))),ROUND(_xlpm.arr*$O26/1000,2))} | BK26: 0 | BL26: 0 | BM26: 0 | BN26: =SUM(BJ26:BM26) | BO26: 0 | BP26: 0 | BQ26: 0 | BR26: 0 | BT26: {=_xlfn.HSTACK(SUM(INDEX($R26:$AV26,1,1):INDEX($R26:$AV26,1,7)),SUM(INDEX($R26:$AV26,1,7):INDEX($R26:$AV26,1,13)),SUM(INDEX($R26:$AV26,1,16):INDEX($R26:$AV26,1,23)),SUM(INDEX($R26:$AV26,1,23):INDEX($R26:$AV26,1,31)))} | BU26: 0 | BV26: 0 | BW26: 0 | BY26: =SUM(R26:X26) | BZ26: =SUM(Y26:AE26) | CA26: =SUM(AF26:AM26) | CB26: =SUM(AN26:AV26) | CD26: ADA | CE26: =ROUND(BY26*$O26/1000,2) | CF26: =ROUND(BZ26*$O26/1000,2) | CG26: =ROUND(CA26*$O26/1000,2) | CH26: =ROUND(CB26*$O26/1000,2) | CI26: =SUM(CE26:CH26) | CK26: =IFERROR(ROUND(BY26*$P26,2),"") | CL26: =IFERROR(ROUND(BZ26*$P26,2),"") | CM26: =IFERROR(ROUND(CA26*$P26,2),"") | CN26: =IFERROR(ROUND(CB26*$P26,2),"") | CO26: =SUM(CK26:CN26)
B27: =_xlfn.XLOOKUP(G27,销售需求表!A:A,销售需求表!C:C) | C27: =IFERROR(MID(F27,FIND("R",F27)+1,4),"") | D27: =B27&C27&"寸" | E27: =LEFT(REPLACE(G27,1,2,""),FIND("[",REPLACE(G27,1,2,""))-1)&"-"&MID(REPLACE(G27,1,2,""),FIND("[",REPLACE(G27,1,2,""))+1,FIND("]",REPLACE(G27,1,2,""))-FIND("[",REPLACE(G27,1,2,""))-1) | F27: =IFERROR(MID(G27,3,FIND("(",G27)-3)&"-"&SUBSTITUTE(MID(G27,FIND("[",G27)+1,FIND("]",G27)-FIND("[",G27)-1),"Strong Guard ",""),"") | G27: ID11R22.5-16PR(148/145L)[HD1 Plus]SUPERMAX无内 | H27: 300 | J27: =IFERROR(LEFT(F27,FIND("-",F27))&MID(F27,FIND("PR",F27,FIND("-",F27))+3,LEN(F27)),F27) | K27: =_xlfn.XLOOKUP(F27,投产规格!E:E,投产规格!D:D,"未投产") | L27: =IFERROR(_xlfn.XLOOKUP(F27,硫化工艺!B:B,硫化工艺!C:C),"") | M27: =IF(L27="","",L27/(L27+$L$1/60)) | N27: =C27&"全钢" | O27: =IFERROR(_xlfn.XLOOKUP(F27,轮胎重量!J:J,轮胎重量!G:G),"") | P27: =IFERROR(_xlfn.XLOOKUP(G27,硫化工艺!I:I,硫化工艺!J:J),"") | Q27: =IFERROR(ROUND(1440/L27*(I27)*M27,0),"") | AW27: =IF(SUM(R27:AV27)=0,"",SUM(R27:AV27)) | AX27: =IFERROR(AW27*O27/1000,"") | AY27: =IFERROR(ROUND(AW27*P27/10000,3),"") | BE27: =AZ27*AW27 | BF27: =BA27*AW27 | BG27: =BB27*AW27 | BH27: =BC27*AW27 | BJ27: {=_xlfn.LET(_xlpm.data,$R27:$AV27,_xlpm.starts,{1,8,16,23},_xlpm.lengths,{7,7,8,9},_xlpm.arr,_xlfn.MAP(_xlpm.starts,_xlpm.lengths,_xlfn.LAMBDA(_xlpm.s,_xlpm.l,SUM(INDEX(_xlpm.data,,_xlfn.SEQUENCE(,_xlpm.l,_xlpm.s))))),ROUND(_xlpm.arr*$O27/1000,2))} | BK27: 0 | BL27: 0 | BM27: 0 | BN27: =SUM(BJ27:BM27) | BO27: 0 | BP27: 0 | BQ27: 0 | BR27: 0 | BT27: {=_xlfn.HSTACK(SUM(INDEX($R27:$AV27,1,1):INDEX($R27:$AV27,1,7)),SUM(INDEX($R27:$AV27,1,7):INDEX($R27:$AV27,1,13)),SUM(INDEX($R27:$AV27,1,16):INDEX($R27:$AV27,1,23)),SUM(INDEX($R27:$AV27,1,23):INDEX($R27:$AV27,1,31)))} | BU27: 0 | BV27: 0 | BW27: 0 | BY27: =SUM(R27:X27) | BZ27: =SUM(Y27:AE27) | CA27: =SUM(AF27:AM27) | CB27: =SUM(AN27:AV27) | CD27: ADA | CE27: =ROUND(BY27*$O27/1000,2) | CF27: =ROUND(BZ27*$O27/1000,2) | CG27: =ROUND(CA27*$O27/1000,2) | CH27: =ROUND(CB27*$O27/1000,2) | CI27: =SUM(CE27:CH27) | CK27: =IFERROR(ROUND(BY27*$P27,2),"") | CL27: =IFERROR(ROUND(BZ27*$P27,2),"") | CM27: =IFERROR(ROUND(CA27*$P27,2),"") | CN27: =IFERROR(ROUND(CB27*$P27,2),"") | CO27: =SUM(CK27:CN27)
B28: =_xlfn.XLOOKUP(G28,销售需求表!A:A,销售需求表!C:C) | C28: =IFERROR(MID(F28,FIND("R",F28)+1,4),"") | D28: =B28&C28&"寸" | E28: =LEFT(REPLACE(G28,1,2,""),FIND("[",REPLACE(G28,1,2,""))-1)&"-"&MID(REPLACE(G28,1,2,""),FIND("[",REPLACE(G28,1,2,""))+1,FIND("]",REPLACE(G28,1,2,""))-FIND("[",REPLACE(G28,1,2,""))-1) | F28: =IFERROR(MID(G28,3,FIND("(",G28)-3)&"-"&SUBSTITUTE(MID(G28,FIND("[",G28)+1,FIND("]",G28)-FIND("[",G28)-1),"Strong Guard ",""),"") | G28: ID11R22.5-16PR(148/145L)[HF1 Plus]SUPERMAX无内 | H28: 500 | J28: =IFERROR(LEFT(F28,FIND("-",F28))&MID(F28,FIND("PR",F28,FIND("-",F28))+3,LEN(F28)),F28) | K28: =_xlfn.XLOOKUP(F28,投产规格!E:E,投产规格!D:D,"未投产") | L28: =IFERROR(_xlfn.XLOOKUP(F28,硫化工艺!B:B,硫化工艺!C:C),"") | M28: =IF(L28="","",L28/(L28+$L$1/60)) | N28: =C28&"全钢" | O28: =IFERROR(_xlfn.XLOOKUP(F28,轮胎重量!J:J,轮胎重量!G:G),"") | P28: =IFERROR(_xlfn.XLOOKUP(G28,硫化工艺!I:I,硫化工艺!J:J),"") | Q28: =IFERROR(ROUND(1440/L28*(I28)*M28,0),"") | AW28: =IF(SUM(R28:AV28)=0,"",SUM(R28:AV28)) | AX28: =IFERROR(AW28*O28/1000,"") | AY28: =IFERROR(ROUND(AW28*P28/10000,3),"") | BE28: =AZ28*AW28 | BF28: =BA28*AW28 | BG28: =BB28*AW28 | BH28: =BC28*AW28 | BJ28: {=_xlfn.LET(_xlpm.data,$R28:$AV28,_xlpm.starts,{1,8,16,23},_xlpm.lengths,{7,7,8,9},_xlpm.arr,_xlfn.MAP(_xlpm.starts,_xlpm.lengths,_xlfn.LAMBDA(_xlpm.s,_xlpm.l,SUM(INDEX(_xlpm.data,,_xlfn.SEQUENCE(,_xlpm.l,_xlpm.s))))),ROUND(_xlpm.arr*$O28/1000,2))} | BK28: 0 | BL28: 0 | BM28: 0 | BN28: =SUM(BJ28:BM28) | BO28: 0 | BP28: 0 | BQ28: 0 | BR28: 0 | BT28: {=_xlfn.HSTACK(SUM(INDEX($R28:$AV28,1,1):INDEX($R28:$AV28,1,7)),SUM(INDEX($R28:$AV28,1,7):INDEX($R28:$AV28,1,13)),SUM(INDEX($R28:$AV28,1,16):INDEX($R28:$AV28,1,23)),SUM(INDEX($R28:$AV28,1,23):INDEX($R28:$AV28,1,31)))} | BU28: 0 | BV28: 0 | BW28: 0 | BY28: =SUM(R28:X28) | BZ28: =SUM(Y28:AE28) | CA28: =SUM(AF28:AM28) | CB28: =SUM(AN28:AV28) | CD28: ADA | CE28: =ROUND(BY28*$O28/1000,2) | CF28: =ROUND(BZ28*$O28/1000,2) | CG28: =ROUND(CA28*$O28/1000,2) | CH28: =ROUND(CB28*$O28/1000,2) | CI28: =SUM(CE28:CH28) | CK28: =IFERROR(ROUND(BY28*$P28,2),"") | CL28: =IFERROR(ROUND(BZ28*$P28,2),"") | CM28: =IFERROR(ROUND(CA28*$P28,2),"") | CN28: =IFERROR(ROUND(CB28*$P28,2),"") | CO28: =SUM(CK28:CN28)
B29: =_xlfn.XLOOKUP(G29,销售需求表!A:A,销售需求表!C:C) | C29: =IFERROR(MID(F29,FIND("R",F29)+1,4),"") | D29: =B29&C29&"寸" | E29: =LEFT(REPLACE(G29,1,2,""),FIND("[",REPLACE(G29,1,2,""))-1)&"-"&MID(REPLACE(G29,1,2,""),FIND("[",REPLACE(G29,1,2,""))+1,FIND("]",REPLACE(G29,1,2,""))-FIND("[",REPLACE(G29,1,2,""))-1) | F29: =IFERROR(MID(G29,3,FIND("(",G29)-3)&"-"&SUBSTITUTE(MID(G29,FIND("[",G29)+1,FIND("]",G29)-FIND("[",G29)-1),"Strong Guard ",""),"") | G29: ID11R22.5-16PR(148/145L)[I-28D]IRONMAN无内 SMARTWAY | H29: 1900 | J29: =IFERROR(LEFT(F29,FIND("-",F29))&MID(F29,FIND("PR",F29,FIND("-",F29))+3,LEN(F29)),F29) | K29: =_xlfn.XLOOKUP(F29,投产规格!E:E,投产规格!D:D,"未投产") | L29: =IFERROR(_xlfn.XLOOKUP(F29,硫化工艺!B:B,硫化工艺!C:C),"") | M29: =IF(L29="","",L29/(L29+$L$1/60)) | N29: =C29&"全钢" | O29: =IFERROR(_xlfn.XLOOKUP(F29,轮胎重量!J:J,轮胎重量!G:G),"") | P29: =IFERROR(_xlfn.XLOOKUP(G29,硫化工艺!I:I,硫化工艺!J:J),"") | Q29: =IFERROR(ROUND(1440/L29*(I29)*M29,0),"") | AG29: 120 | AH29: 120 | AI29: 120 | AJ29: 120 | AK29: 120 | AL29: 120 | AM29: 120 | AN29: 120 | AO29: 120 | AP29: 120 | AQ29: 120 | AW29: =IF(SUM(R29:AV29)=0,"",SUM(R29:AV29)) | AX29: =IFERROR(AW29*O29/1000,"") | AY29: =IFERROR(ROUND(AW29*P29/10000,3),"") | BE29: =AZ29*AW29 | BF29: =BA29*AW29 | BG29: =BB29*AW29 | BH29: =BC29*AW29 | BJ29: {=_xlfn.LET(_xlpm.data,$R29:$AV29,_xlpm.starts,{1,8,16,23},_xlpm.lengths,{7,7,8,9},_xlpm.arr,_xlfn.MAP(_xlpm.starts,_xlpm.lengths,_xlfn.LAMBDA(_xlpm.s,_xlpm.l,SUM(INDEX(_xlpm.data,,_xlfn.SEQUENCE(,_xlpm.l,_xlpm.s))))),ROUND(_xlpm.arr*$O29/1000,2))} | BK29: 0 | BL29: 56.17 | BM29: 28.08 | BN29: =SUM(BJ29:BM29) | BO29: 0 | BP29: 0 | BQ29: 0 | BR29: 0 | BT29: {=_xlfn.HSTACK(SUM(INDEX($R29:$AV29,1,1):INDEX($R29:$AV29,1,7)),SUM(INDEX($R29:$AV29,1,7):INDEX($R29:$AV29,1,13)),SUM(INDEX($R29:$AV29,1,16):INDEX($R29:$AV29,1,23)),SUM(INDEX($R29:$AV29,1,23):INDEX($R29:$AV29,1,31)))} | BU29: 0 | BV29: 960 | BW29: 480 | BY29: =SUM(R29:X29) | BZ29: =SUM(Y29:AE29) | CA29: =SUM(AF29:AM29) | CB29: =SUM(AN29:AV29) | CD29: ADA | CE29: =ROUND(BY29*$O29/1000,2) | CF29: =ROUND(BZ29*$O29/1000,2) | CG29: =ROUND(CA29*$O29/1000,2) | CH29: =ROUND(CB29*$O29/1000,2) | CI29: =SUM(CE29:CH29) | CK29: =IFERROR(ROUND(BY29*$P29,2),"") | CL29: =IFERROR(ROUND(BZ29*$P29,2),"") | CM29: =IFERROR(ROUND(CA29*$P29,2),"") | CN29: =IFERROR(ROUND(CB29*$P29,2),"") | CO29: =SUM(CK29:CN29)
B30: =_xlfn.XLOOKUP(G30,销售需求表!A:A,销售需求表!C:C) | C30: =IFERROR(MID(F30,FIND("R",F30)+1,4),"") | D30: =B30&C30&"寸" | E30: =LEFT(REPLACE(G30,1,2,""),FIND("[",REPLACE(G30,1,2,""))-1)&"-"&MID(REPLACE(G30,1,2,""),FIND("[",REPLACE(G30,1,2,""))+1,FIND("]",REPLACE(G30,1,2,""))-FIND("[",REPLACE(G30,1,2,""))-1) | F30: =IFERROR(MID(G30,3,FIND("(",G30)-3)&"-"&SUBSTITUTE(MID(G30,FIND("[",G30)+1,FIND("]",G30)-FIND("[",G30)-1),"Strong Guard ",""),"") | G30: ID11R22.5-16PR(148/145L)[I-31M]IRONMAN无内 | H30: 1000 | J30: =IFERROR(LEFT(F30,FIND("-",F30))&MID(F30,FIND("PR",F30,FIND("-",F30))+3,LEN(F30)),F30) | K30: =_xlfn.XLOOKUP(F30,投产规格!E:E,投产规格!D:D,"未投产") | L30: =IFERROR(_xlfn.XLOOKUP(F30,硫化工艺!B:B,硫化工艺!C:C),"") | M30: =IF(L30="","",L30/(L30+$L$1/60)) | N30: =C30&"全钢" | O30: =IFERROR(_xlfn.XLOOKUP(F30,轮胎重量!J:J,轮胎重量!G:G),"") | P30: =IFERROR(_xlfn.XLOOKUP(G30,硫化工艺!I:I,硫化工艺!J:J),"") | Q30: =IFERROR(ROUND(1440/L30*(I30)*M30,0),"") | AF30: 60 | AG30: 60 | AH30: 60 | AI30: 60 | AJ30: 60 | AK30: 60 | AL30: 60 | AM30: 60 | AN30: 60 | AO30: 60 | AP30: 60 | AQ30: 60 | AR30: 60 | AS30: 60 | AT30: 60 | AU30: 60 | AV30: 60 | AW30: =IF(SUM(R30:AV30)=0,"",SUM(R30:AV30)) | AX30: =IFERROR(AW30*O30/1000,"") | AY30: =IFERROR(ROUND(AW30*P30/10000,3),"") | BE30: =AZ30*AW30 | BF30: =BA30*AW30 | BG30: =BB30*AW30 | BH30: =BC30*AW30 | BJ30: {=_xlfn.LET(_xlpm.data,$R30:$AV30,_xlpm.starts,{1,8,16,23},_xlpm.lengths,{7,7,8,9},_xlpm.arr,_xlfn.MAP(_xlpm.starts,_xlpm.lengths,_xlfn.LAMBDA(_xlpm.s,_xlpm.l,SUM(INDEX(_xlpm.data,,_xlfn.SEQUENCE(,_xlpm.l,_xlpm.s))))),ROUND(_xlpm.arr*$O30/1000,2))} | BK30: 0 | BL30: 27.25 | BM30: 30.65 | BN30: =SUM(BJ30:BM30) | BO30: 0 | BP30: 0 | BQ30: 0 | BR30: 0 | BT30: {=_xlfn.HSTACK(SUM(INDEX($R30:$AV30,1,1):INDEX($R30:$AV30,1,7)),SUM(INDEX($R30:$AV30,1,7):INDEX($R30:$AV30,1,13)),SUM(INDEX($R30:$AV30,1,16):INDEX($R30:$AV30,1,23)),SUM(INDEX($R30:$AV30,1,23):INDEX($R30:$AV30,1,31)))} | BU30: 0 | BV30: 480 | BW30: 540 | BY30: =SUM(R30:X30) | BZ30: =SUM(Y30:AE30) | CA30: =SUM(AF30:AM30) | CB30: =SUM(AN30:AV30) | CD30: ADA | CE30: =ROUND(BY30*$O30/1000,2) | CF30: =ROUND(BZ30*$O30/1000,2) | CG30: =ROUND(CA30*$O30/1000,2) | CH30: =ROUND(CB30*$O30/1000,2) | CI30: =SUM(CE30:CH30) | CK30: =IFERROR(ROUND(BY30*$P30,2),"") | CL30: =IFERROR(ROUND(BZ30*$P30,2),"") | CM30: =IFERROR(ROUND(CA30*$P30,2),"") | CN30: =IFERROR(ROUND(CB30*$P30,2),"") | CO30: =SUM(CK30:CN30)
B31: =_xlfn.XLOOKUP(G31,销售需求表!A:A,销售需求表!C:C) | C31: =IFERROR(MID(F31,FIND("R",F31)+1,4),"") | D31: =B31&C31&"寸" | E31: =LEFT(REPLACE(G31,1,2,""),FIND("[",REPLACE(G31,1,2,""))-1)&"-"&MID(REPLACE(G31,1,2,""),FIND("[",REPLACE(G31,1,2,""))+1,FIND("]",REPLACE(G31,1,2,""))-FIND("[",REPLACE(G31,1,2,""))-1) | F31: =IFERROR(MID(G31,3,FIND("(",G31)-3)&"-"&SUBSTITUTE(MID(G31,FIND("[",G31)+1,FIND("]",G31)-FIND("[",G31)-1),"Strong Guard ",""),"") | G31: ID11R22.5-16PR(148/145L)[I-37D]IRONMAN无内 | H31: 1500 | I31: 2 | J31: =IFERROR(LEFT(F31,FIND("-",F31))&MID(F31,FIND("PR",F31,FIND("-",F31))+3,LEN(F31)),F31) | K31: =_xlfn.XLOOKUP(F31,投产规格!E:E,投产规格!D:D,"未投产") | L31: =IFERROR(_xlfn.XLOOKUP(F31,硫化工艺!B:B,硫化工艺!C:C),"") | M31: =IF(L31="","",L31/(L31+$L$1/60)) | N31: =C31&"全钢" | O31: =IFERROR(_xlfn.XLOOKUP(F31,轮胎重量!J:J,轮胎重量!G:G),"") | P31: =IFERROR(_xlfn.XLOOKUP(G31,硫化工艺!I:I,硫化工艺!J:J),"") | Q31: =IFERROR(ROUND(1440/L31*(I31)*M31,0),"") | R31: 60 | S31: 60 | T31: 60 | U31: 60 | V31: 60 | W31: 60 | X31: 60 | Y31: 60 | Z31: 60 | AA31: 60 | AB31: 60 | AC31: 60 | AD31: 60 | AE31: 60 | AF31: 60 | AG31: 60 | AH31: 60 | AI31: 60 | AJ31: 60 | AK31: 60 | AL31: 60 | AM31: 60 | AN31: 60 | AW31: =IF(SUM(R31:AV31)=0,"",SUM(R31:AV31)) | AX31: =IFERROR(AW31*O31/1000,"") | AY31: =IFERROR(ROUND(AW31*P31/10000,3),"") | BE31: =AZ31*AW31 | BF31: =BA31*AW31 | BG31: =BB31*AW31 | BH31: =BC31*AW31 | BJ31: {=_xlfn.LET(_xlpm.data,$R31:$AV31,_xlpm.starts,{1,8,16,23},_xlpm.lengths,{7,7,8,9},_xlpm.arr,_xlfn.MAP(_xlpm.starts,_xlpm.lengths,_xlfn.LAMBDA(_xlpm.s,_xlpm.l,SUM(INDEX(_xlpm.data,,_xlfn.SEQUENCE(,_xlpm.l,_xlpm.s))))),ROUND(_xlpm.arr*$O31/1000,2))} | BK31: 23.89 | BL31: 27.3 | BM31: 3.41 | BN31: =SUM(BJ31:BM31) | BO31: 0 | BP31: 0 | BQ31: 0 | BR31: 0 | BT31: {=_xlfn.HSTACK(SUM(INDEX($R31:$AV31,1,1):INDEX($R31:$AV31,1,7)),SUM(INDEX($R31:$AV31,1,7):INDEX($R31:$AV31,1,13)),SUM(INDEX($R31:$AV31,1,16):INDEX($R31:$AV31,1,23)),SUM(INDEX($R31:$AV31,1,23):INDEX($R31:$AV31,1,31)))} | BU31: 420 | BV31: 480 | BW31: 60 | BY31: =SUM(R31:X31) | BZ31: =SUM(Y31:AE31) | CA31: =SUM(AF31:AM31) | CB31: =SUM(AN31:AV31) | CD31: ADA | CE31: =ROUND(BY31*$O31/1000,2) | CF31: =ROUND(BZ31*$O31/1000,2) | CG31: =ROUND(CA31*$O31/1000,2) | CH31: =ROUND(CB31*$O31/1000,2) | CI31: =SUM(CE31:CH31) | CK31: =IFERROR(ROUND(BY31*$P31,2),"") | CL31: =IFERROR(ROUND(BZ31*$P31,2),"") | CM31: =IFERROR(ROUND(CA31*$P31,2),"") | CN31: =IFERROR(ROUND(CB31*$P31,2),"") | CO31: =SUM(CK31:CN31)
B32: =_xlfn.XLOOKUP(G32,销售需求表!A:A,销售需求表!C:C) | C32: =IFERROR(MID(F32,FIND("R",F32)+1,4),"") | D32: =B32&C32&"寸" | E32: =LEFT(REPLACE(G32,1,2,""),FIND("[",REPLACE(G32,1,2,""))-1)&"-"&MID(REPLACE(G32,1,2,""),FIND("[",REPLACE(G32,1,2,""))+1,FIND("]",REPLACE(G32,1,2,""))-FIND("[",REPLACE(G32,1,2,""))-1) | F32: =IFERROR(MID(G32,3,FIND("(",G32)-3)&"-"&SUBSTITUTE(MID(G32,FIND("[",G32)+1,FIND("]",G32)-FIND("[",G32)-1),"Strong Guard ",""),"") | G32: ID11R22.5-16PR(148/145L)[I-52A]IRONMAN无内 SMARTWAY | H32: 450 | I32: 2 | J32: =IFERROR(LEFT(F32,FIND("-",F32))&MID(F32,FIND("PR",F32,FIND("-",F32))+3,LEN(F32)),F32) | K32: =_xlfn.XLOOKUP(F32,投产规格!E:E,投产规格!D:D,"未投产") | L32: =IFERROR(_xlfn.XLOOKUP(F32,硫化工艺!B:B,硫化工艺!C:C),"") | M32: =IF(L32="","",L32/(L32+$L$1/60)) | N32: =C32&"全钢" | O32: =IFERROR(_xlfn.XLOOKUP(F32,轮胎重量!J:J,轮胎重量!G:G),"") | P32: =IFERROR(_xlfn.XLOOKUP(G32,硫化工艺!I:I,硫化工艺!J:J),"") | Q32: =IFERROR(ROUND(1440/L32*(I32)*M32,0),"") | AA32: 60 | AB32: 60 | AC32: 60 | AD32: 60 | AE32: 60 | AF32: 60 | AG32: 60 | AH32: 60 | AI32: 60 | AW32: =IF(SUM(R32:AV32)=0,"",SUM(R32:AV32)) | AX32: =IFERROR(AW32*O32/1000,"") | AY32: =IFERROR(ROUND(AW32*P32/10000,3),"") | BE32: =AZ32*AW32 | BF32: =BA32*AW32 | BG32: =BB32*AW32 | BH32: =BC32*AW32 | BJ32: {=_xlfn.LET(_xlpm.data,$R32:$AV32,_xlpm.starts,{1,8,16,23},_xlpm.lengths,{7,7,8,9},_xlpm.arr,_xlfn.MAP(_xlpm.starts,_xlpm.lengths,_xlfn.LAMBDA(_xlpm.s,_xlpm.l,SUM(INDEX(_xlpm.data,,_xlfn.SEQUENCE(,_xlpm.l,_xlpm.s))))),ROUND(_xlpm.arr*$O32/1000,2))} | BK32: 16.93 | BL32: 10.16 | BM32: 0 | BN32: =SUM(BJ32:BM32) | BO32: 0 | BP32: 0 | BQ32: 0 | BR32: 0 | BT32: {=_xlfn.HSTACK(SUM(INDEX($R32:$AV32,1,1):INDEX($R32:$AV32,1,7)),SUM(INDEX($R32:$AV32,1,7):INDEX($R32:$AV32,1,13)),SUM(INDEX($R32:$AV32,1,16):INDEX($R32:$AV32,1,23)),SUM(INDEX($R32:$AV32,1,23):INDEX($R32:$AV32,1,31)))} | BU32: 240 | BV32: 180 | BW32: 0 | BY32: =SUM(R32:X32) | BZ32: =SUM(Y32:AE32) | CA32: =SUM(AF32:AM32) | CB32: =SUM(AN32:AV32) | CD32: ADA | CE32: =ROUND(BY32*$O32/1000,2) | CF32: =ROUND(BZ32*$O32/1000,2) | CG32: =ROUND(CA32*$O32/1000,2) | CH32: =ROUND(CB32*$O32/1000,2) | CI32: =SUM(CE32:CH32) | CK32: =IFERROR(ROUND(BY32*$P32,2),"") | CL32: =IFERROR(ROUND(BZ32*$P32,2),"") | CM32: =IFERROR(ROUND(CA32*$P32,2),"") | CN32: =IFERROR(ROUND(CB32*$P32,2),"") | CO32: =SUM(CK32:CN32)
B33: =_xlfn.XLOOKUP(G33,销售需求表!A:A,销售需求表!C:C) | C33: =IFERROR(MID(F33,FIND("R",F33)+1,4),"") | D33: =B33&C33&"寸" | E33: =LEFT(REPLACE(G33,1,2,""),FIND("[",REPLACE(G33,1,2,""))-1)&"-"&MID(REPLACE(G33,1,2,""),FIND("[",REPLACE(G33,1,2,""))+1,FIND("]",REPLACE(G33,1,2,""))-FIND("[",REPLACE(G33,1,2,""))-1) | F33: =IFERROR(MID(G33,3,FIND("(",G33)-3)&"-"&SUBSTITUTE(MID(G33,FIND("[",G33)+1,FIND("]",G33)-FIND("[",G33)-1),"Strong Guard ",""),"") | G33: ID11R22.5-16PR(148/145L)[M-TRAC AP]MASTERTRACK无内 | H33: 2000 | J33: =IFERROR(LEFT(F33,FIND("-",F33))&MID(F33,FIND("PR",F33,FIND("-",F33))+3,LEN(F33)),F33) | K33: =_xlfn.XLOOKUP(F33,投产规格!E:E,投产规格!D:D,"未投产") | L33: =IFERROR(_xlfn.XLOOKUP(F33,硫化工艺!B:B,硫化工艺!C:C),"") | M33: =IF(L33="","",L33/(L33+$L$1/60)) | N33: =C33&"全钢" | O33: =IFERROR(_xlfn.XLOOKUP(F33,轮胎重量!J:J,轮胎重量!G:G),"") | P33: =IFERROR(_xlfn.XLOOKUP(G33,硫化工艺!I:I,硫化工艺!J:J),"") | Q33: =IFERROR(ROUND(1440/L33*(I33)*M33,0),"") | AG33: 130 | AH33: 130 | AI33: 130 | AJ33: 130 | AK33: 130 | AL33: 130 | AM33: 130 | AN33: 130 | AW33: =IF(SUM(R33:AV33)=0,"",SUM(R33:AV33)) | AX33: =IFERROR(AW33*O33/1000,"") | AY33: =IFERROR(ROUND(AW33*P33/10000,3),"") | BE33: =AZ33*AW33 | BF33: =BA33*AW33 | BG33: =BB33*AW33 | BH33: =BC33*AW33 | BJ33: {=_xlfn.LET(_xlpm.data,$R33:$AV33,_xlpm.starts,{1,8,16,23},_xlpm.lengths,{7,7,8,9},_xlpm.arr,_xlfn.MAP(_xlpm.starts,_xlpm.lengths,_xlfn.LAMBDA(_xlpm.s,_xlpm.l,SUM(INDEX(_xlpm.data,,_xlfn.SEQUENCE(,_xlpm.l,_xlpm.s))))),ROUND(_xlpm.arr*$O33/1000,2))} | BK33: 0 | BL33: 54.14 | BM33: 6.77 | BN33: =SUM(BJ33:BM33) | BO33: 0 | BP33: 0 | BQ33: 0 | BR33: 0 | BT33: {=_xlfn.HSTACK(SUM(INDEX($R33:$AV33,1,1):INDEX($R33:$AV33,1,7)),SUM(INDEX($R33:$AV33,1,7):INDEX($R33:$AV33,1,13)),SUM(INDEX($R33:$AV33,1,16):INDEX($R33:$AV33,1,23)),SUM(INDEX($R33:$AV33,1,23):INDEX($R33:$AV33,1,31)))} | BU33: 0 | BV33: 1040 | BW33: 130 | BY33: =SUM(R33:X33) | BZ33: =SUM(Y33:AE33) | CA33: =SUM(AF33:AM33) | CB33: =SUM(AN33:AV33) | CD33: ADA | CE33: =ROUND(BY33*$O33/1000,2) | CF33: =ROUND(BZ33*$O33/1000,2) | CG33: =ROUND(CA33*$O33/1000,2) | CH33: =ROUND(CB33*$O33/1000,2) | CI33: =SUM(CE33:CH33) | CK33: =IFERROR(ROUND(BY33*$P33,2),"") | CL33: =IFERROR(ROUND(BZ33*$P33,2),"") | CM33: =IFERROR(ROUND(CA33*$P33,2),"") | CN33: =IFERROR(ROUND(CB33*$P33,2),"") | CO33: =SUM(CK33:CN33)
B34: =_xlfn.XLOOKUP(G34,销售需求表!A:A,销售需求表!C:C) | C34: =IFERROR(MID(F34,FIND("R",F34)+1,4),"") | D34: =B34&C34&"寸" | E34: =LEFT(REPLACE(G34,1,2,""),FIND("[",REPLACE(G34,1,2,""))-1)&"-"&MID(REPLACE(G34,1,2,""),FIND("[",REPLACE(G34,1,2,""))+1,FIND("]",REPLACE(G34,1,2,""))-FIND("[",REPLACE(G34,1,2,""))-1) | F34: =IFERROR(MID(G34,3,FIND("(",G34)-3)&"-"&SUBSTITUTE(MID(G34,FIND("[",G34)+1,FIND("]",G34)-FIND("[",G34)-1),"Strong Guard ",""),"") | G34: ID11R22.5-16PR(148/145L)[M-TRAC CSD]MASTERTRACK无内 | H34: 1200 | J34: =IFERROR(LEFT(F34,FIND("-",F34))&MID(F34,FIND("PR",F34,FIND("-",F34))+3,LEN(F34)),F34) | K34: =_xlfn.XLOOKUP(F34,投产规格!E:E,投产规格!D:D,"未投产") | L34: =IFERROR(_xlfn.XLOOKUP(F34,硫化工艺!B:B,硫化工艺!C:C),"") | M34: =IF(L34="","",L34/(L34+$L$1/60)) | N34: =C34&"全钢" | O34: =IFERROR(_xlfn.XLOOKUP(F34,轮胎重量!J:J,轮胎重量!G:G),"") | P34: =IFERROR(_xlfn.XLOOKUP(G34,硫化工艺!I:I,硫化工艺!J:J),"") | Q34: =IFERROR(ROUND(1440/L34*(I34)*M34,0),"") | AO34: 130 | AP34: 130 | AQ34: 130 | AR34: 130 | AS34: 130 | AT34: 130 | AU34: 130 | AV34: 130 | AW34: =IF(SUM(R34:AV34)=0,"",SUM(R34:AV34)) | AX34: =IFERROR(AW34*O34/1000,"") | AY34: =IFERROR(ROUND(AW34*P34/10000,3),"") | BE34: =AZ34*AW34 | BF34: =BA34*AW34 | BG34: =BB34*AW34 | BH34: =BC34*AW34 | BJ34: {=_xlfn.LET(_xlpm.data,$R34:$AV34,_xlpm.starts,{1,8,16,23},_xlpm.lengths,{7,7,8,9},_xlpm.arr,_xlfn.MAP(_xlpm.starts,_xlpm.lengths,_xlfn.LAMBDA(_xlpm.s,_xlpm.l,SUM(INDEX(_xlpm.data,,_xlfn.SEQUENCE(,_xlpm.l,_xlpm.s))))),ROUND(_xlpm.arr*$O34/1000,2))} | BK34: 0 | BL34: 0 | BM34: 58.08 | BN34: =SUM(BJ34:BM34) | BO34: 0 | BP34: 0 | BQ34: 0 | BR34: 0 | BT34: {=_xlfn.HSTACK(SUM(INDEX($R34:$AV34,1,1):INDEX($R34:$AV34,1,7)),SUM(INDEX($R34:$AV34,1,7):INDEX($R34:$AV34,1,13)),SUM(INDEX($R34:$AV34,1,16):INDEX($R34:$AV34,1,23)),SUM(INDEX($R34:$AV34,1,23):INDEX($R34:$AV34,1,31)))} | BU34: 0 | BV34: 0 | BW34: 1040 | BY34: =SUM(R34:X34) | BZ34: =SUM(Y34:AE34) | CA34: =SUM(AF34:AM34) | CB34: =SUM(AN34:AV34) | CD34: ADA | CE34: =ROUND(BY34*$O34/1000,2) | CF34: =ROUND(BZ34*$O34/1000,2) | CG34: =ROUND(CA34*$O34/1000,2) | CH34: =ROUND(CB34*$O34/1000,2) | CI34: =SUM(CE34:CH34) | CK34: =IFERROR(ROUND(BY34*$P34,2),"") | CL34: =IFERROR(ROUND(BZ34*$P34,2),"") | CM34: =IFERROR(ROUND(CA34*$P34,2),"") | CN34: =IFERROR(ROUND(CB34*$P34,2),"") | CO34: =SUM(CK34:CN34)
B35: =_xlfn.XLOOKUP(G35,销售需求表!A:A,销售需求表!C:C) | C35: =IFERROR(MID(F35,FIND("R",F35)+1,4),"") | D35: =B35&C35&"寸" | E35: =LEFT(REPLACE(G35,1,2,""),FIND("[",REPLACE(G35,1,2,""))-1)&"-"&MID(REPLACE(G35,1,2,""),FIND("[",REPLACE(G35,1,2,""))+1,FIND("]",REPLACE(G35,1,2,""))-FIND("[",REPLACE(G35,1,2,""))-1) | F35: =IFERROR(MID(G35,3,FIND("(",G35)-3)&"-"&SUBSTITUTE(MID(G35,FIND("[",G35)+1,FIND("]",G35)-FIND("[",G35)-1),"Strong Guard ",""),"") | G35: ID11R22.5-16PR(148/145L)[ZM41]威狮无内 | H35: 300 | J35: =IFERROR(LEFT(F35,FIND("-",F35))&MID(F35,FIND("PR",F35,FIND("-",F35))+3,LEN(F35)),F35) | K35: =_xlfn.XLOOKUP(F35,投产规格!E:E,投产规格!D:D,"未投产") | L35: =IFERROR(_xlfn.XLOOKUP(F35,硫化工艺!B:B,硫化工艺!C:C),"") | M35: =IF(L35="","",L35/(L35+$L$1/60)) | N35: =C35&"全钢" | O35: =IFERROR(_xlfn.XLOOKUP(F35,轮胎重量!J:J,轮胎重量!G:G),"") | P35: =IFERROR(_xlfn.XLOOKUP(G35,硫化工艺!I:I,硫化工艺!J:J),"") | Q35: =IFERROR(ROUND(1440/L35*(I35)*M35,0),"") | AW35: =IF(SUM(R35:AV35)=0,"",SUM(R35:AV35)) | AX35: =IFERROR(AW35*O35/1000,"") | AY35: =IFERROR(ROUND(AW35*P35/10000,3),"") | BE35: =AZ35*AW35 | BF35: =BA35*AW35 | BG35: =BB35*AW35 | BH35: =BC35*AW35 | BJ35: {=_xlfn.LET(_xlpm.data,$R35:$AV35,_xlpm.starts,{1,8,16,23},_xlpm.lengths,{7,7,8,9},_xlpm.arr,_xlfn.MAP(_xlpm.starts,_xlpm.lengths,_xlfn.LAMBDA(_xlpm.s,_xlpm.l,SUM(INDEX(_xlpm.data,,_xlfn.SEQUENCE(,_xlpm.l,_xlpm.s))))),ROUND(_xlpm.arr*$O35/1000,2))} | BK35: 0 | BL35: 0 | BM35: 0 | BN35: =SUM(BJ35:BM35) | BO35: 0 | BP35: 0 | BQ35: 0 | BR35: 0 | BT35: {=_xlfn.HSTACK(SUM(INDEX($R35:$AV35,1,1):INDEX($R35:$AV35,1,7)),SUM(INDEX($R35:$AV35,1,7):INDEX($R35:$AV35,1,13)),SUM(INDEX($R35:$AV35,1,16):INDEX($R35:$AV35,1,23)),SUM(INDEX($R35:$AV35,1,23):INDEX($R35:$AV35,1,31)))} | BU35: 0 | BV35: 0 | BW35: 0 | BY35: =SUM(R35:X35) | BZ35: =SUM(Y35:AE35) | CA35: =SUM(AF35:AM35) | CB35: =SUM(AN35:AV35) | CD35: ADA | CE35: =ROUND(BY35*$O35/1000,2) | CF35: =ROUND(BZ35*$O35/1000,2) | CG35: =ROUND(CA35*$O35/1000,2) | CH35: =ROUND(CB35*$O35/1000,2) | CI35: =SUM(CE35:CH35) | CK35: =IFERROR(ROUND(BY35*$P35,2),"") | CL35: =IFERROR(ROUND(BZ35*$P35,2),"") | CM35: =IFERROR(ROUND(CA35*$P35,2),"") | CN35: =IFERROR(ROUND(CB35*$P35,2),"") | CO35: =SUM(CK35:CN35)
B36: =_xlfn.XLOOKUP(G36,销售需求表!A:A,销售需求表!C:C) | C36: =IFERROR(MID(F36,FIND("R",F36)+1,4),"") | D36: =B36&C36&"寸" | E36: =LEFT(REPLACE(G36,1,2,""),FIND("[",REPLACE(G36,1,2,""))-1)&"-"&MID(REPLACE(G36,1,2,""),FIND("[",REPLACE(G36,1,2,""))+1,FIND("]",REPLACE(G36,1,2,""))-FIND("[",REPLACE(G36,1,2,""))-1) | F36: =IFERROR(MID(G36,3,FIND("(",G36)-3)&"-"&SUBSTITUTE(MID(G36,FIND("[",G36)+1,FIND("]",G36)-FIND("[",G36)-1),"Strong Guard ",""),"") | G36: ID11R22.5-16PR(148/145M)[I-19A]IRONMAN无内 SMARTWAY | H36: 2500 | J36: =IFERROR(LEFT(F36,FIND("-",F36))&MID(F36,FIND("PR",F36,FIND("-",F36))+3,LEN(F36)),F36) | K36: =_xlfn.XLOOKUP(F36,投产规格!E:E,投产规格!D:D,"未投产") | L36: =IFERROR(_xlfn.XLOOKUP(F36,硫化工艺!B:B,硫化工艺!C:C),"") | M36: =IF(L36="","",L36/(L36+$L$1/60)) | N36: =C36&"全钢" | O36: =IFERROR(_xlfn.XLOOKUP(F36,轮胎重量!J:J,轮胎重量!G:G),"") | P36: =IFERROR(_xlfn.XLOOKUP(G36,硫化工艺!I:I,硫化工艺!J:J),"") | Q36: =IFERROR(ROUND(1440/L36*(I36)*M36,0),"") | AG36: 60 | AH36: 60 | AI36: 60 | AJ36: 60 | AK36: 60 | AL36: 60 | AM36: 60 | AN36: 60 | AO36: 120 | AP36: 120 | AQ36: 120 | AR36: 120 | AS36: 120 | AT36: 120 | AU36: 120 | AV36: 120 | AW36: =IF(SUM(R36:AV36)=0,"",SUM(R36:AV36)) | AX36: =IFERROR(AW36*O36/1000,"") | AY36: =IFERROR(ROUND(AW36*P36/10000,3),"") | BE36: =AZ36*AW36 | BF36: =BA36*AW36 | BG36: =BB36*AW36 | BH36: =BC36*AW36 | BJ36: {=_xlfn.LET(_xlpm.data,$R36:$AV36,_xlpm.starts,{1,8,16,23},_xlpm.lengths,{7,7,8,9},_xlpm.arr,_xlfn.MAP(_xlpm.starts,_xlpm.lengths,_xlfn.LAMBDA(_xlpm.s,_xlpm.l,SUM(INDEX(_xlpm.data,,_xlfn.SEQUENCE(,_xlpm.l,_xlpm.s))))),ROUND(_xlpm.arr*$O36/1000,2))} | BK36: 0 | BL36: 25.17 | BM36: 53.49 | BN36: =SUM(BJ36:BM36) | BO36: 0 | BP36: 0 | BQ36: 0 | BR36: 0 | BT36: {=_xlfn.HSTACK(SUM(INDEX($R36:$AV36,1,1):INDEX($R36:$AV36,1,7)),SUM(INDEX($R36:$AV36,1,7):INDEX($R36:$AV36,1,13)),SUM(INDEX($R36:$AV36,1,16):INDEX($R36:$AV36,1,23)),SUM(INDEX($R36:$AV36,1,23):INDEX($R36:$AV36,1,31)))} | BU36: 0 | BV36: 480 | BW36: 1020 | BY36: =SUM(R36:X36) | BZ36: =SUM(Y36:AE36) | CA36: =SUM(AF36:AM36) | CB36: =SUM(AN36:AV36) | CD36: ADA | CE36: =ROUND(BY36*$O36/1000,2) | CF36: =ROUND(BZ36*$O36/1000,2) | CG36: =ROUND(CA36*$O36/1000,2) | CH36: =ROUND(CB36*$O36/1000,2) | CI36: =SUM(CE36:CH36) | CK36: =IFERROR(ROUND(BY36*$P36,2),"") | CL36: =IFERROR(ROUND(BZ36*$P36,2),"") | CM36: =IFERROR(ROUND(CA36*$P36,2),"") | CN36: =IFERROR(ROUND(CB36*$P36,2),"") | CO36: =SUM(CK36:CN36)
B37: =_xlfn.XLOOKUP(G37,销售需求表!A:A,销售需求表!C:C) | C37: =IFERROR(MID(F37,FIND("R",F37)+1,4),"") | D37: =B37&C37&"寸" | E37: =LEFT(REPLACE(G37,1,2,""),FIND("[",REPLACE(G37,1,2,""))-1)&"-"&MID(REPLACE(G37,1,2,""),FIND("[",REPLACE(G37,1,2,""))+1,FIND("]",REPLACE(G37,1,2,""))-FIND("[",REPLACE(G37,1,2,""))-1) | F37: =IFERROR(MID(G37,3,FIND("(",G37)-3)&"-"&SUBSTITUTE(MID(G37,FIND("[",G37)+1,FIND("]",G37)-FIND("[",G37)-1),"Strong Guard ",""),"") | G37: ID11R22.5-16PR(148/145M)[I-61S]IRONMAN无内 SMARTWAY | H37: 150 | J37: =IFERROR(LEFT(F37,FIND("-",F37))&MID(F37,FIND("PR",F37,FIND("-",F37))+3,LEN(F37)),F37) | K37: =_xlfn.XLOOKUP(F37,投产规格!E:E,投产规格!D:D,"未投产") | L37: =IFERROR(_xlfn.XLOOKUP(F37,硫化工艺!B:B,硫化工艺!C:C),"") | M37: =IF(L37="","",L37/(L37+$L$1/60)) | N37: =C37&"全钢" | O37: =IFERROR(_xlfn.XLOOKUP(F37,轮胎重量!J:J,轮胎重量!G:G),"") | P37: =IFERROR(_xlfn.XLOOKUP(G37,硫化工艺!I:I,硫化工艺!J:J),"") | Q37: =IFERROR(ROUND(1440/L37*(I37)*M37,0),"") | AW37: =IF(SUM(R37:AV37)=0,"",SUM(R37:AV37)) | AX37: =IFERROR(AW37*O37/1000,"") | AY37: =IFERROR(ROUND(AW37*P37/10000,3),"") | BE37: =AZ37*AW37 | BF37: =BA37*AW37 | BG37: =BB37*AW37 | BH37: =BC37*AW37 | BJ37: {=_xlfn.LET(_xlpm.data,$R37:$AV37,_xlpm.starts,{1,8,16,23},_xlpm.lengths,{7,7,8,9},_xlpm.arr,_xlfn.MAP(_xlpm.starts,_xlpm.lengths,_xlfn.LAMBDA(_xlpm.s,_xlpm.l,SUM(INDEX(_xlpm.data,,_xlfn.SEQUENCE(,_xlpm.l,_xlpm.s))))),ROUND(_xlpm.arr*$O37/1000,2))} | BK37: 0 | BL37: 0 | BM37: 0 | BN37: =SUM(BJ37:BM37) | BO37: 0 | BP37: 0 | BQ37: 0 | BR37: 0 | BT37: {=_xlfn.HSTACK(SUM(INDEX($R37:$AV37,1,1):INDEX($R37:$AV37,1,7)),SUM(INDEX($R37:$AV37,1,7):INDEX($R37:$AV37,1,13)),SUM(INDEX($R37:$AV37,1,16):INDEX($R37:$AV37,1,23)),SUM(INDEX($R37:$AV37,1,23):INDEX($R37:$AV37,1,31)))} | BU37: 0 | BV37: 0 | BW37: 0 | BY37: =SUM(R37:X37) | BZ37: =SUM(Y37:AE37) | CA37: =SUM(AF37:AM37) | CB37: =SUM(AN37:AV37) | CD37: ADA | CE37: =ROUND(BY37*$O37/1000,2) | CF37: =ROUND(BZ37*$O37/1000,2) | CG37: =ROUND(CA37*$O37/1000,2) | CH37: =ROUND(CB37*$O37/1000,2) | CI37: =SUM(CE37:CH37) | CK37: =IFERROR(ROUND(BY37*$P37,2),"") | CL37: =IFERROR(ROUND(BZ37*$P37,2),"") | CM37: =IFERROR(ROUND(CA37*$P37,2),"") | CN37: =IFERROR(ROUND(CB37*$P37,2),"") | CO37: =SUM(CK37:CN37)
B38: =_xlfn.XLOOKUP(G38,销售需求表!A:A,销售需求表!C:C) | C38: =IFERROR(MID(F38,FIND("R",F38)+1,4),"") | D38: =B38&C38&"寸" | E38: =LEFT(REPLACE(G38,1,2,""),FIND("[",REPLACE(G38,1,2,""))-1)&"-"&MID(REPLACE(G38,1,2,""),FIND("[",REPLACE(G38,1,2,""))+1,FIND("]",REPLACE(G38,1,2,""))-FIND("[",REPLACE(G38,1,2,""))-1) | F38: =IFERROR(MID(G38,3,FIND("(",G38)-3)&"-"&SUBSTITUTE(MID(G38,FIND("[",G38)+1,FIND("]",G38)-FIND("[",G38)-1),"Strong Guard ",""),"") | G38: ID11R22.5-16PR(148/145M)[M-TRAC MST]MASTERTRACK无内 | H38: 200 | J38: =IFERROR(LEFT(F38,FIND("-",F38))&MID(F38,FIND("PR",F38,FIND("-",F38))+3,LEN(F38)),F38) | K38: =_xlfn.XLOOKUP(F38,投产规格!E:E,投产规格!D:D,"未投产") | L38: =IFERROR(_xlfn.XLOOKUP(F38,硫化工艺!B:B,硫化工艺!C:C),"") | M38: =IF(L38="","",L38/(L38+$L$1/60)) | N38: =C38&"全钢" | O38: =IFERROR(_xlfn.XLOOKUP(F38,轮胎重量!J:J,轮胎重量!G:G),"") | P38: =O38*13.9 | Q38: =IFERROR(ROUND(1440/L38*(I38)*M38,0),"") | AW38: =IF(SUM(R38:AV38)=0,"",SUM(R38:AV38)) | AX38: =IFERROR(AW38*O38/1000,"") | AY38: =IFERROR(ROUND(AW38*P38/10000,3),"") | BE38: =AZ38*AW38 | BF38: =BA38*AW38 | BG38: =BB38*AW38 | BH38: =BC38*AW38 | BJ38: {=_xlfn.LET(_xlpm.data,$R38:$AV38,_xlpm.starts,{1,8,16,23},_xlpm.lengths,{7,7,8,9},_xlpm.arr,_xlfn.MAP(_xlpm.starts,_xlpm.lengths,_xlfn.LAMBDA(_xlpm.s,_xlpm.l,SUM(INDEX(_xlpm.data,,_xlfn.SEQUENCE(,_xlpm.l,_xlpm.s))))),ROUND(_xlpm.arr*$O38/1000,2))} | BK38: 0 | BL38: 0 | BM38: 0 | BN38: =SUM(BJ38:BM38) | BO38: 0 | BP38: 0 | BQ38: 0 | BR38: 0 | BT38: {=_xlfn.HSTACK(SUM(INDEX($R38:$AV38,1,1):INDEX($R38:$AV38,1,7)),SUM(INDEX($R38:$AV38,1,7):INDEX($R38:$AV38,1,13)),SUM(INDEX($R38:$AV38,1,16):INDEX($R38:$AV38,1,23)),SUM(INDEX($R38:$AV38,1,23):INDEX($R38:$AV38,1,31)))} | BU38: 0 | BV38: 0 | BW38: 0 | BY38: =SUM(R38:X38) | BZ38: =SUM(Y38:AE38) | CA38: =SUM(AF38:AM38) | CB38: =SUM(AN38:AV38) | CD38: ADA | CE38: =ROUND(BY38*$O38/1000,2) | CF38: =ROUND(BZ38*$O38/1000,2) | CG38: =ROUND(CA38*$O38/1000,2) | CH38: =ROUND(CB38*$O38/1000,2) | CI38: =SUM(CE38:CH38) | CK38: =IFERROR(ROUND(BY38*$P38,2),"") | CL38: =IFERROR(ROUND(BZ38*$P38,2),"") | CM38: =IFERROR(ROUND(CA38*$P38,2),"") | CN38: =IFERROR(ROUND(CB38*$P38,2),"") | CO38: =SUM(CK38:CN38)
B39: =_xlfn.XLOOKUP(G39,销售需求表!A:A,销售需求表!C:C) | C39: =IFERROR(MID(F39,FIND("R",F39)+1,4),"") | D39: =B39&C39&"寸" | E39: =LEFT(REPLACE(G39,1,2,""),FIND("[",REPLACE(G39,1,2,""))-1)&"-"&MID(REPLACE(G39,1,2,""),FIND("[",REPLACE(G39,1,2,""))+1,FIND("]",REPLACE(G39,1,2,""))-FIND("[",REPLACE(G39,1,2,""))-1) | F39: =IFERROR(MID(G39,3,FIND("(",G39)-3)&"-"&SUBSTITUTE(MID(G39,FIND("[",G39)+1,FIND("]",G39)-FIND("[",G39)-1),"Strong Guard ",""),"") | G39: ID11R22.5-18PR(149/146L)[AS858]雅度无内 | H39: 780 | J39: =IFERROR(LEFT(F39,FIND("-",F39))&MID(F39,FIND("PR",F39,FIND("-",F39))+3,LEN(F39)),F39) | K39: =_xlfn.XLOOKUP(F39,投产规格!E:E,投产规格!D:D,"未投产") | L39: =IFERROR(_xlfn.XLOOKUP(F39,硫化工艺!B:B,硫化工艺!C:C),"") | M39: =IF(L39="","",L39/(L39+$L$1/60)) | N39: =C39&"全钢" | O39: =IFERROR(_xlfn.XLOOKUP(F39,轮胎重量!J:J,轮胎重量!G:G),"") | P39: =IFERROR(_xlfn.XLOOKUP(G39,硫化工艺!I:I,硫化工艺!J:J),"") | Q39: =IFERROR(ROUND(1440/L39*(I39)*M39,0),"") | AW39: =IF(SUM(R39:AV39)=0,"",SUM(R39:AV39)) | AX39: =IFERROR(AW39*O39/1000,"") | AY39: =IFERROR(ROUND(AW39*P39/10000,3),"") | AZ39: 459.15 | BA39: 29.49 | BB39: 50.29 | BC39: 52.01 | BE39: =AZ39*AW39 | BF39: =BA39*AW39 | BG39: =BB39*AW39 | BH39: =BC39*AW39 | BJ39: {=_xlfn.LET(_xlpm.data,$R39:$AV39,_xlpm.starts,{1,8,16,23},_xlpm.lengths,{7,7,8,9},_xlpm.arr,_xlfn.MAP(_xlpm.starts,_xlpm.lengths,_xlfn.LAMBDA(_xlpm.s,_xlpm.l,SUM(INDEX(_xlpm.data,,_xlfn.SEQUENCE(,_xlpm.l,_xlpm.s))))),ROUND(_xlpm.arr*$O39/1000,2))} | BK39: 0 | BL39: 0 | BM39: 0 | BN39: =SUM(BJ39:BM39) | BO39: 0 | BP39: 0 | BQ39: 0 | BR39: 0 | BT39: {=_xlfn.HSTACK(SUM(INDEX($R39:$AV39,1,1):INDEX($R39:$AV39,1,7)),SUM(INDEX($R39:$AV39,1,7):INDEX($R39:$AV39,1,13)),SUM(INDEX($R39:$AV39,1,16):INDEX($R39:$AV39,1,23)),SUM(INDEX($R39:$AV39,1,23):INDEX($R39:$AV39,1,31)))} | BU39: 0 | BV39: 0 | BW39: 0 | BY39: =SUM(R39:X39) | BZ39: =SUM(Y39:AE39) | CA39: =SUM(AF39:AM39) | CB39: =SUM(AN39:AV39) | CD39: ADA | CE39: =ROUND(BY39*$O39/1000,2) | CF39: =ROUND(BZ39*$O39/1000,2) | CG39: =ROUND(CA39*$O39/1000,2) | CH39: =ROUND(CB39*$O39/1000,2) | CI39: =SUM(CE39:CH39) | CK39: =IFERROR(ROUND(BY39*$P39,2),"") | CL39: =IFERROR(ROUND(BZ39*$P39,2),"") | CM39: =IFERROR(ROUND(CA39*$P39,2),"") | CN39: =IFERROR(ROUND(CB39*$P39,2),"") | CO39: =SUM(CK39:CN39)
B40: =_xlfn.XLOOKUP(G40,销售需求表!A:A,销售需求表!C:C) | C40: =IFERROR(MID(F40,FIND("R",F40)+1,4),"") | D40: =B40&C40&"寸" | E40: =LEFT(REPLACE(G40,1,2,""),FIND("[",REPLACE(G40,1,2,""))-1)&"-"&MID(REPLACE(G40,1,2,""),FIND("[",REPLACE(G40,1,2,""))+1,FIND("]",REPLACE(G40,1,2,""))-FIND("[",REPLACE(G40,1,2,""))-1) | F40: =IFERROR(MID(G40,3,FIND("(",G40)-3)&"-"&SUBSTITUTE(MID(G40,FIND("[",G40)+1,FIND("]",G40)-FIND("[",G40)-1),"Strong Guard ",""),"") | G40: ID11R22.5-18PR(149/146L)[AZ850]雅度无内 | H40: 600 | J40: =IFERROR(LEFT(F40,FIND("-",F40))&MID(F40,FIND("PR",F40,FIND("-",F40))+3,LEN(F40)),F40) | K40: =_xlfn.XLOOKUP(F40,投产规格!E:E,投产规格!D:D,"未投产") | L40: =IFERROR(_xlfn.XLOOKUP(F40,硫化工艺!B:B,硫化工艺!C:C),"") | M40: =IF(L40="","",L40/(L40+$L$1/60)) | N40: =C40&"全钢" | O40: =IFERROR(_xlfn.XLOOKUP(F40,轮胎重量!J:J,轮胎重量!G:G),"") | P40: =IFERROR(_xlfn.XLOOKUP(G40,硫化工艺!I:I,硫化工艺!J:J),"") | Q40: =IFERROR(ROUND(1440/L40*(I40)*M40,0),"") | AW40: =IF(SUM(R40:AV40)=0,"",SUM(R40:AV40)) | AX40: =IFERROR(AW40*O40/1000,"") | AY40: =IFERROR(ROUND(AW40*P40/10000,3),"") | AZ40: 459.15 | BA40: 29.49 | BB40: 50.29 | BC40: 52.01 | BE40: =AZ40*AW40 | BF40: =BA40*AW40 | BG40: =BB40*AW40 | BH40: =BC40*AW40 | BJ40: {=_xlfn.LET(_xlpm.data,$R40:$AV40,_xlpm.starts,{1,8,16,23},_xlpm.lengths,{7,7,8,9},_xlpm.arr,_xlfn.MAP(_xlpm.starts,_xlpm.lengths,_xlfn.LAMBDA(_xlpm.s,_xlpm.l,SUM(INDEX(_xlpm.data,,_xlfn.SEQUENCE(,_xlpm.l,_xlpm.s))))),ROUND(_xlpm.arr*$O40/1000,2))} | BK40: 0 | BL40: 0 | BM40: 0 | BN40: =SUM(BJ40:BM40) | BO40: 0 | BP40: 0 | BQ40: 0 | BR40: 0 | BT40: {=_xlfn.HSTACK(SUM(INDEX($R40:$AV40,1,1):INDEX($R40:$AV40,1,7)),SUM(INDEX($R40:$AV40,1,7):INDEX($R40:$AV40,1,13)),SUM(INDEX($R40:$AV40,1,16):INDEX($R40:$AV40,1,23)),SUM(INDEX($R40:$AV40,1,23):INDEX($R40:$AV40,1,31)))} | BU40: 0 | BV40: 0 | BW40: 0 | BY40: =SUM(R40:X40) | BZ40: =SUM(Y40:AE40) | CA40: =SUM(AF40:AM40) | CB40: =SUM(AN40:AV40) | CD40: ADA | CE40: =ROUND(BY40*$O40/1000,2) | CF40: =ROUND(BZ40*$O40/1000,2) | CG40: =ROUND(CA40*$O40/1000,2) | CH40: =ROUND(CB40*$O40/1000,2) | CI40: =SUM(CE40:CH40) | CK40: =IFERROR(ROUND(BY40*$P40,2),"") | CL40: =IFERROR(ROUND(BZ40*$P40,2),"") | CM40: =IFERROR(ROUND(CA40*$P40,2),"") | CN40: =IFERROR(ROUND(CB40*$P40,2),"") | CO40: =SUM(CK40:CN40)
B41: =_xlfn.XLOOKUP(G41,销售需求表!A:A,销售需求表!C:C) | C41: =IFERROR(MID(F41,FIND("R",F41)+1,4),"") | D41: =B41&C41&"寸" | E41: =LEFT(REPLACE(G41,1,2,""),FIND("[",REPLACE(G41,1,2,""))-1)&"-"&MID(REPLACE(G41,1,2,""),FIND("[",REPLACE(G41,1,2,""))+1,FIND("]",REPLACE(G41,1,2,""))-FIND("[",REPLACE(G41,1,2,""))-1) | F41: =IFERROR(MID(G41,3,FIND("(",G41)-3)&"-"&SUBSTITUTE(MID(G41,FIND("[",G41)+1,FIND("]",G41)-FIND("[",G41)-1),"Strong Guard ",""),"") | G41: ID11R22.5-18PR(149/146L)[YTB-50]雅度无内 | H41: 100 | J41: =IFERROR(LEFT(F41,FIND("-",F41))&MID(F41,FIND("PR",F41,FIND("-",F41))+3,LEN(F41)),F41) | K41: =_xlfn.XLOOKUP(F41,投产规格!E:E,投产规格!D:D,"未投产") | L41: =IFERROR(_xlfn.XLOOKUP(F41,硫化工艺!B:B,硫化工艺!C:C),"") | M41: =IF(L41="","",L41/(L41+$L$1/60)) | N41: =C41&"全钢" | O41: =IFERROR(_xlfn.XLOOKUP(F41,轮胎重量!J:J,轮胎重量!G:G),"") | P41: =O41*13.9 | Q41: =IFERROR(ROUND(1440/L41*(I41)*M41,0),"") | AW41: =IF(SUM(R41:AV41)=0,"",SUM(R41:AV41)) | AX41: =IFERROR(AW41*O41/1000,"") | AY41: =IFERROR(ROUND(AW41*P41/10000,3),"") | AZ41: 449.18 | BA41: 29.42 | BB41: 49.09 | BC41: 52.13 | BE41: =AZ41*AW41 | BF41: =BA41*AW41 | BG41: =BB41*AW41 | BH41: =BC41*AW41 | BJ41: {=_xlfn.LET(_xlpm.data,$R41:$AV41,_xlpm.starts,{1,8,16,23},_xlpm.lengths,{7,7,8,9},_xlpm.arr,_xlfn.MAP(_xlpm.starts,_xlpm.lengths,_xlfn.LAMBDA(_xlpm.s,_xlpm.l,SUM(INDEX(_xlpm.data,,_xlfn.SEQUENCE(,_xlpm.l,_xlpm.s))))),ROUND(_xlpm.arr*$O41/1000,2))} | BK41: 0 | BL41: 0 | BM41: 0 | BN41: =SUM(BJ41:BM41) | BO41: 0 | BP41: 0 | BQ41: 0 | BR41: 0 | BT41: {=_xlfn.HSTACK(SUM(INDEX($R41:$AV41,1,1):INDEX($R41:$AV41,1,7)),SUM(INDEX($R41:$AV41,1,7):INDEX($R41:$AV41,1,13)),SUM(INDEX($R41:$AV41,1,16):INDEX($R41:$AV41,1,23)),SUM(INDEX($R41:$AV41,1,23):INDEX($R41:$AV41,1,31)))} | BU41: 0 | BV41: 0 | BW41: 0 | BY41: =SUM(R41:X41) | BZ41: =SUM(Y41:AE41) | CA41: =SUM(AF41:AM41) | CB41: =SUM(AN41:AV41) | CD41: TIDAK ADA | CE41: =ROUND(BY41*$O41/1000,2) | CF41: =ROUND(BZ41*$O41/1000,2) | CG41: =ROUND(CA41*$O41/1000,2) | CH41: =ROUND(CB41*$O41/1000,2) | CI41: =SUM(CE41:CH41) | CK41: =IFERROR(ROUND(BY41*$P41,2),"") | CL41: =IFERROR(ROUND(BZ41*$P41,2),"") | CM41: =IFERROR(ROUND(CA41*$P41,2),"") | CN41: =IFERROR(ROUND(CB41*$P41,2),"") | CO41: =SUM(CK41:CN41)
B42: =_xlfn.XLOOKUP(G42,销售需求表!A:A,销售需求表!C:C) | C42: =IFERROR(MID(F42,FIND("R",F42)+1,4),"") | D42: =B42&C42&"寸" | E42: =LEFT(REPLACE(G42,1,2,""),FIND("[",REPLACE(G42,1,2,""))-1)&"-"&MID(REPLACE(G42,1,2,""),FIND("[",REPLACE(G42,1,2,""))+1,FIND("]",REPLACE(G42,1,2,""))-FIND("[",REPLACE(G42,1,2,""))-1) | F42: =IFERROR(MID(G42,3,FIND("(",G42)-3)&"-"&SUBSTITUTE(MID(G42,FIND("[",G42)+1,FIND("]",G42)-FIND("[",G42)-1),"Strong Guard ",""),"") | G42: ID11R22.5-16PR(146/143L)[VD998]VITOUR无内 | H42: 1000 | I42: 2 | J42: =IFERROR(LEFT(F42,FIND("-",F42))&MID(F42,FIND("PR",F42,FIND("-",F42))+3,LEN(F42)),F42) | K42: =_xlfn.XLOOKUP(F42,投产规格!E:E,投产规格!D:D,"未投产") | L42: =IFERROR(_xlfn.XLOOKUP(F42,硫化工艺!B:B,硫化工艺!C:C),"") | M42: =IF(L42="","",L42/(L42+$L$1/60)) | N42: =C42&"全钢" | O42: =IFERROR(_xlfn.XLOOKUP(F42,轮胎重量!J:J,轮胎重量!G:G),"") | P42: =IFERROR(_xlfn.XLOOKUP(G42,硫化工艺!I:I,硫化工艺!J:J),"") | Q42: =IFERROR(ROUND(1440/L42*(I42)*M42,0),"") | R42: 56 | S42: 56 | T42: 56 | U42: 56 | V42: 56 | W42: 56 | X42: 56 | Y42: 56 | Z42: 56 | AA42: 56 | AB42: 56 | AC42: 56 | AD42: 56 | AE42: 56 | AW42: =IF(SUM(R42:AV42)=0,"",SUM(R42:AV42)) | AX42: =IFERROR(AW42*O42/1000,"") | AY42: =IFERROR(ROUND(AW42*P42/10000,3),"") | AZ42: 449.18 | BA42: 29.42 | BB42: 49.09 | BC42: 52.13 | BE42: =AZ42*AW42 | BF42: =BA42*AW42 | BG42: =BB42*AW42 | BH42: =BC42*AW42 | BJ42: {=_xlfn.LET(_xlpm.data,$R42:$AV42,_xlpm.starts,{1,8,16,23},_xlpm.lengths,{7,7,8,9},_xlpm.arr,_xlfn.MAP(_xlpm.starts,_xlpm.lengths,_xlfn.LAMBDA(_xlpm.s,_xlpm.l,SUM(INDEX(_xlpm.data,,_xlfn.SEQUENCE(,_xlpm.l,_xlpm.s))))),ROUND(_xlpm.arr*$O42/1000,2))} | BK42: 24.26 | BL42: 0 | BM42: 0 | BN42: =SUM(BJ42:BM42) | BO42: 0 | BP42: 0 | BQ42: 0 | BR42: 0 | BT42: {=_xlfn.HSTACK(SUM(INDEX($R42:$AV42,1,1):INDEX($R42:$AV42,1,7)),SUM(INDEX($R42:$AV42,1,7):INDEX($R42:$AV42,1,13)),SUM(INDEX($R42:$AV42,1,16):INDEX($R42:$AV42,1,23)),SUM(INDEX($R42:$AV42,1,23):INDEX($R42:$AV42,1,31)))} | BU42: 392 | BV42: 0 | BW42: 0 | BY42: =SUM(R42:X42) | BZ42: =SUM(Y42:AE42) | CA42: =SUM(AF42:AM42) | CB42: =SUM(AN42:AV42) | CD42: ADA | CE42: =ROUND(BY42*$O42/1000,2) | CF42: =ROUND(BZ42*$O42/1000,2) | CG42: =ROUND(CA42*$O42/1000,2) | CH42: =ROUND(CB42*$O42/1000,2) | CI42: =SUM(CE42:CH42) | CK42: =IFERROR(ROUND(BY42*$P42,2),"") | CL42: =IFERROR(ROUND(BZ42*$P42,2),"") | CM42: =IFERROR(ROUND(CA42*$P42,2),"") | CN42: =IFERROR(ROUND(CB42*$P42,2),"") | CO42: =SUM(CK42:CN42)
B43: =_xlfn.XLOOKUP(G43,销售需求表!A:A,销售需求表!C:C) | C43: =IFERROR(MID(F43,FIND("R",F43)+1,4),"") | D43: =B43&C43&"寸" | E43: =LEFT(REPLACE(G43,1,2,""),FIND("[",REPLACE(G43,1,2,""))-1)&"-"&MID(REPLACE(G43,1,2,""),FIND("[",REPLACE(G43,1,2,""))+1,FIND("]",REPLACE(G43,1,2,""))-FIND("[",REPLACE(G43,1,2,""))-1) | F43: =IFERROR(MID(G43,3,FIND("(",G43)-3)&"-"&SUBSTITUTE(MID(G43,FIND("[",G43)+1,FIND("]",G43)-FIND("[",G43)-1),"Strong Guard ",""),"") | G43: ID11R22.5-16PR(146/143M)[VA996]VITOUR无内 | H43: 1500 | I43: 2 | J43: =IFERROR(LEFT(F43,FIND("-",F43))&MID(F43,FIND("PR",F43,FIND("-",F43))+3,LEN(F43)),F43) | K43: =_xlfn.XLOOKUP(F43,投产规格!E:E,投产规格!D:D,"未投产") | L43: =IFERROR(_xlfn.XLOOKUP(F43,硫化工艺!B:B,硫化工艺!C:C),"") | M43: =IF(L43="","",L43/(L43+$L$1/60)) | N43: =C43&"全钢" | O43: =IFERROR(_xlfn.XLOOKUP(F43,轮胎重量!J:J,轮胎重量!G:G),"") | P43: =IFERROR(_xlfn.XLOOKUP(G43,硫化工艺!I:I,硫化工艺!J:J),"") | Q43: =IFERROR(ROUND(1440/L43*(I43)*M43,0),"") | R43: 66 | S43: 66 | T43: 66 | U43: 66 | V43: 66 | W43: 66 | X43: 66 | Y43: 66 | Z43: 66 | AA43: 66 | AB43: 66 | AC43: 66 | AD43: 66 | AE43: 66 | AF43: 66 | AG43: 66 | AH43: 66 | AI43: 66 | AJ43: 66 | AW43: =IF(SUM(R43:AV43)=0,"",SUM(R43:AV43)) | AX43: =IFERROR(AW43*O43/1000,"") | AY43: =IFERROR(ROUND(AW43*P43/10000,3),"") | AZ43: 449.18 | BA43: 29.42 | BB43: 49.09 | BC43: 52.13 | BE43: =AZ43*AW43 | BF43: =BA43*AW43 | BG43: =BB43*AW43 | BH43: =BC43*AW43 | BJ43: {=_xlfn.LET(_xlpm.data,$R43:$AV43,_xlpm.starts,{1,8,16,23},_xlpm.lengths,{7,7,8,9},_xlpm.arr,_xlfn.MAP(_xlpm.starts,_xlpm.lengths,_xlfn.LAMBDA(_xlpm.s,_xlpm.l,SUM(INDEX(_xlpm.data,,_xlfn.SEQUENCE(,_xlpm.l,_xlpm.s))))),ROUND(_xlpm.arr*$O43/1000,2))} | BK43: 25.79 | BL43: 14.74 | BM43: 0 | BN43: =SUM(BJ43:BM43) | BO43: 0 | BP43: 0 | BQ43: 0 | BR43: 0 | BT43: {=_xlfn.HSTACK(SUM(INDEX($R43:$AV43,1,1):INDEX($R43:$AV43,1,7)),SUM(INDEX($R43:$AV43,1,7):INDEX($R43:$AV43,1,13)),SUM(INDEX($R43:$AV43,1,16):INDEX($R43:$AV43,1,23)),SUM(INDEX($R43:$AV43,1,23):INDEX($R43:$AV43,1,31)))} | BU43: 462 | BV43: 264 | BW43: 0 | BY43: =SUM(R43:X43) | BZ43: =SUM(Y43:AE43) | CA43: =SUM(AF43:AM43) | CB43: =SUM(AN43:AV43) | CD43: ADA | CE43: =ROUND(BY43*$O43/1000,2) | CF43: =ROUND(BZ43*$O43/1000,2) | CG43: =ROUND(CA43*$O43/1000,2) | CH43: =ROUND(CB43*$O43/1000,2) | CI43: =SUM(CE43:CH43) | CK43: =IFERROR(ROUND(BY43*$P43,2),"") | CL43: =IFERROR(ROUND(BZ43*$P43,2),"") | CM43: =IFERROR(ROUND(CA43*$P43,2),"") | CN43: =IFERROR(ROUND(CB43*$P43,2),"") | CO43: =SUM(CK43:CN43)
B44: =_xlfn.XLOOKUP(G44,销售需求表!A:A,销售需求表!C:C) | C44: =IFERROR(MID(F44,FIND("R",F44)+1,4),"") | D44: =B44&C44&"寸" | E44: =LEFT(REPLACE(G44,1,2,""),FIND("[",REPLACE(G44,1,2,""))-1)&"-"&MID(REPLACE(G44,1,2,""),FIND("[",REPLACE(G44,1,2,""))+1,FIND("]",REPLACE(G44,1,2,""))-FIND("[",REPLACE(G44,1,2,""))-1) | F44: =IFERROR(MID(G44,3,FIND("(",G44)-3)&"-"&SUBSTITUTE(MID(G44,FIND("[",G44)+1,FIND("]",G44)-FIND("[",G44)-1),"Strong Guard ",""),"") | G44: ID11R22.5-16PR(146/143L)[VA991]VITOUR无内 | H44: 300 | J44: =IFERROR(LEFT(F44,FIND("-",F44))&MID(F44,FIND("PR",F44,FIND("-",F44))+3,LEN(F44)),F44) | K44: =_xlfn.XLOOKUP(F44,投产规格!E:E,投产规格!D:D,"未投产") | L44: =IFERROR(_xlfn.XLOOKUP(F44,硫化工艺!B:B,硫化工艺!C:C),"") | M44: =IF(L44="","",L44/(L44+$L$1/60)) | N44: =C44&"全钢" | O44: =IFERROR(_xlfn.XLOOKUP(F44,轮胎重量!J:J,轮胎重量!G:G),"") | P44: =IFERROR(_xlfn.XLOOKUP(G44,硫化工艺!I:I,硫化工艺!J:J),"") | Q44: =IFERROR(ROUND(1440/L44*(I44)*M44,0),"") | AW44: =IF(SUM(R44:AV44)=0,"",SUM(R44:AV44)) | AX44: =IFERROR(AW44*O44/1000,"") | AY44: =IFERROR(ROUND(AW44*P44/10000,3),"") | AZ44: 449.18 | BA44: 29.42 | BB44: 49.09 | BC44: 52.13 | BE44: =AZ44*AW44 | BF44: =BA44*AW44 | BG44: =BB44*AW44 | BH44: =BC44*AW44 | BJ44: {=_xlfn.LET(_xlpm.data,$R44:$AV44,_xlpm.starts,{1,8,16,23},_xlpm.lengths,{7,7,8,9},_xlpm.arr,_xlfn.MAP(_xlpm.starts,_xlpm.lengths,_xlfn.LAMBDA(_xlpm.s,_xlpm.l,SUM(INDEX(_xlpm.data,,_xlfn.SEQUENCE(,_xlpm.l,_xlpm.s))))),ROUND(_xlpm.arr*$O44/1000,2))} | BK44: 0 | BL44: 0 | BM44: 0 | BN44: =SUM(BJ44:BM44) | BO44: 0 | BP44: 0 | BQ44: 0 | BR44: 0 | BT44: {=_xlfn.HSTACK(SUM(INDEX($R44:$AV44,1,1):INDEX($R44:$AV44,1,7)),SUM(INDEX($R44:$AV44,1,7):INDEX($R44:$AV44,1,13)),SUM(INDEX($R44:$AV44,1,16):INDEX($R44:$AV44,1,23)),SUM(INDEX($R44:$AV44,1,23):INDEX($R44:$AV44,1,31)))} | BU44: 0 | BV44: 0 | BW44: 0 | BY44: =SUM(R44:X44) | BZ44: =SUM(Y44:AE44) | CA44: =SUM(AF44:AM44) | CB44: =SUM(AN44:AV44) | CD44: ADA | CE44: =ROUND(BY44*$O44/1000,2) | CF44: =ROUND(BZ44*$O44/1000,2) | CG44: =ROUND(CA44*$O44/1000,2) | CH44: =ROUND(CB44*$O44/1000,2) | CI44: =SUM(CE44:CH44) | CK44: =IFERROR(ROUND(BY44*$P44,2),"") | CL44: =IFERROR(ROUND(BZ44*$P44,2),"") | CM44: =IFERROR(ROUND(CA44*$P44,2),"") | CN44: =IFERROR(ROUND(CB44*$P44,2),"") | CO44: =SUM(CK44:CN44)
B45: =_xlfn.XLOOKUP(G45,销售需求表!A:A,销售需求表!C:C) | C45: =IFERROR(MID(F45,FIND("R",F45)+1,4),"") | D45: =B45&C45&"寸" | E45: =LEFT(REPLACE(G45,1,2,""),FIND("[",REPLACE(G45,1,2,""))-1)&"-"&MID(REPLACE(G45,1,2,""),FIND("[",REPLACE(G45,1,2,""))+1,FIND("]",REPLACE(G45,1,2,""))-FIND("[",REPLACE(G45,1,2,""))-1) | F45: =IFERROR(MID(G45,3,FIND("(",G45)-3)&"-"&SUBSTITUTE(MID(G45,FIND("[",G45)+1,FIND("]",G45)-FIND("[",G45)-1),"Strong Guard ",""),"") | G45: ID11R22.5-16PR(146/143L)[VD908]VITOUR无内 | H45: 500 | I45: 2 | J45: =IFERROR(LEFT(F45,FIND("-",F45))&MID(F45,FIND("PR",F45,FIND("-",F45))+3,LEN(F45)),F45) | K45: =_xlfn.XLOOKUP(F45,投产规格!E:E,投产规格!D:D,"未投产") | L45: =IFERROR(_xlfn.XLOOKUP(F45,硫化工艺!B:B,硫化工艺!C:C),"") | M45: =IF(L45="","",L45/(L45+$L$1/60)) | N45: =C45&"全钢" | O45: =IFERROR(_xlfn.XLOOKUP(F45,轮胎重量!J:J,轮胎重量!G:G),"") | P45: =IFERROR(_xlfn.XLOOKUP(G45,硫化工艺!I:I,硫化工艺!J:J),"") | Q45: =IFERROR(ROUND(1440/L45*(I45)*M45,0),"") | R45: 56 | S45: 56 | T45: 56 | U45: 56 | V45: 56 | AW45: =IF(SUM(R45:AV45)=0,"",SUM(R45:AV45)) | AX45: =IFERROR(AW45*O45/1000,"") | AY45: =IFERROR(ROUND(AW45*P45/10000,3),"") | AZ45: 449.18 | BA45: 29.42 | BB45: 49.09 | BC45: 52.13 | BE45: =AZ45*AW45 | BF45: =BA45*AW45 | BG45: =BB45*AW45 | BH45: =BC45*AW45 | BJ45: {=_xlfn.LET(_xlpm.data,$R45:$AV45,_xlpm.starts,{1,8,16,23},_xlpm.lengths,{7,7,8,9},_xlpm.arr,_xlfn.MAP(_xlpm.starts,_xlpm.lengths,_xlfn.LAMBDA(_xlpm.s,_xlpm.l,SUM(INDEX(_xlpm.data,,_xlfn.SEQUENCE(,_xlpm.l,_xlpm.s))))),ROUND(_xlpm.arr*$O45/1000,2))} | BK45: 0 | BL45: 0 | BM45: 0 | BN45: =SUM(BJ45:BM45) | BO45: 0 | BP45: 0 | BQ45: 0 | BR45: 0 | BT45: {=_xlfn.HSTACK(SUM(INDEX($R45:$AV45,1,1):INDEX($R45:$AV45,1,7)),SUM(INDEX($R45:$AV45,1,7):INDEX($R45:$AV45,1,13)),SUM(INDEX($R45:$AV45,1,16):INDEX($R45:$AV45,1,23)),SUM(INDEX($R45:$AV45,1,23):INDEX($R45:$AV45,1,31)))} | BU45: 0 | BV45: 0 | BW45: 0 | BY45: =SUM(R45:X45) | BZ45: =SUM(Y45:AE45) | CA45: =SUM(AF45:AM45) | CB45: =SUM(AN45:AV45) | CD45: ADA | CE45: =ROUND(BY45*$O45/1000,2) | CF45: =ROUND(BZ45*$O45/1000,2) | CG45: =ROUND(CA45*$O45/1000,2) | CH45: =ROUND(CB45*$O45/1000,2) | CI45: =SUM(CE45:CH45) | CK45: =IFERROR(ROUND(BY45*$P45,2),"") | CL45: =IFERROR(ROUND(BZ45*$P45,2),"") | CM45: =IFERROR(ROUND(CA45*$P45,2),"") | CN45: =IFERROR(ROUND(CB45*$P45,2),"") | CO45: =SUM(CK45:CN45)
B46: =_xlfn.XLOOKUP(G46,销售需求表!A:A,销售需求表!C:C) | C46: =IFERROR(MID(F46,FIND("R",F46)+1,4),"") | D46: =B46&C46&"寸" | E46: =LEFT(REPLACE(G46,1,2,""),FIND("[",REPLACE(G46,1,2,""))-1)&"-"&MID(REPLACE(G46,1,2,""),FIND("[",REPLACE(G46,1,2,""))+1,FIND("]",REPLACE(G46,1,2,""))-FIND("[",REPLACE(G46,1,2,""))-1) | F46: =IFERROR(MID(G46,3,FIND("(",G46)-3)&"-"&SUBSTITUTE(MID(G46,FIND("[",G46)+1,FIND("]",G46)-FIND("[",G46)-1),"Strong Guard ",""),"") | G46: ID11R22.5-16PR(146/143L)[VXD932]VITOUR无内 | H46: 800 | J46: =IFERROR(LEFT(F46,FIND("-",F46))&MID(F46,FIND("PR",F46,FIND("-",F46))+3,LEN(F46)),F46) | K46: =_xlfn.XLOOKUP(F46,投产规格!E:E,投产规格!D:D,"未投产") | L46: =IFERROR(_xlfn.XLOOKUP(F46,硫化工艺!B:B,硫化工艺!C:C),"") | M46: =IF(L46="","",L46/(L46+$L$1/60)) | N46: =C46&"全钢" | O46: =IFERROR(_xlfn.XLOOKUP(F46,轮胎重量!J:J,轮胎重量!G:G),"") | P46: =IFERROR(_xlfn.XLOOKUP(G46,硫化工艺!I:I,硫化工艺!J:J),"") | Q46: =IFERROR(ROUND(1440/L46*(I46)*M46,0),"") | W46: 60 | X46: 60 | Y46: 60 | Z46: 60 | AA46: 60 | AB46: 60 | AC46: 60 | AD46: 60 | AE46: 60 | AF46: 60 | AG46: 60 | AH46: 60 | AI46: 60 | AJ46: 60 | AW46: =IF(SUM(R46:AV46)=0,"",SUM(R46:AV46)) | AX46: =IFERROR(AW46*O46/1000,"") | AY46: =IFERROR(ROUND(AW46*P46/10000,3),"") | AZ46: 449.18 | BA46: 29.42 | BB46: 49.09 | BC46: 52.13 | BE46: =AZ46*AW46 | BF46: =BA46*AW46 | BG46: =BB46*AW46 | BH46: =BC46*AW46 | BJ46: {=_xlfn.LET(_xlpm.data,$R46:$AV46,_xlpm.starts,{1,8,16,23},_xlpm.lengths,{7,7,8,9},_xlpm.arr,_xlfn.MAP(_xlpm.starts,_xlpm.lengths,_xlfn.LAMBDA(_xlpm.s,_xlpm.l,SUM(INDEX(_xlpm.data,,_xlfn.SEQUENCE(,_xlpm.l,_xlpm.s))))),ROUND(_xlpm.arr*$O46/1000,2))} | BK46: 25.68 | BL46: 14.68 | BM46: 0 | BN46: =SUM(BJ46:BM46) | BO46: 0 | BP46: 0 | BQ46: 0 | BR46: 0 | BT46: {=_xlfn.HSTACK(SUM(INDEX($R46:$AV46,1,1):INDEX($R46:$AV46,1,7)),SUM(INDEX($R46:$AV46,1,7):INDEX($R46:$AV46,1,13)),SUM(INDEX($R46:$AV46,1,16):INDEX($R46:$AV46,1,23)),SUM(INDEX($R46:$AV46,1,23):INDEX($R46:$AV46,1,31)))} | BU46: 420 | BV46: 240 | BW46: 0 | BY46: =SUM(R46:X46) | BZ46: =SUM(Y46:AE46) | CA46: =SUM(AF46:AM46) | CB46: =SUM(AN46:AV46) | CD46: ADA | CE46: =ROUND(BY46*$O46/1000,2) | CF46: =ROUND(BZ46*$O46/1000,2) | CG46: =ROUND(CA46*$O46/1000,2) | CH46: =ROUND(CB46*$O46/1000,2) | CI46: =SUM(CE46:CH46) | CK46: =IFERROR(ROUND(BY46*$P46,2),"") | CL46: =IFERROR(ROUND(BZ46*$P46,2),"") | CM46: =IFERROR(ROUND(CA46*$P46,2),"") | CN46: =IFERROR(ROUND(CB46*$P46,2),"") | CO46: =SUM(CK46:CN46)
B47: =_xlfn.XLOOKUP(G47,销售需求表!A:A,销售需求表!C:C) | C47: =IFERROR(MID(F47,FIND("R",F47)+1,4),"") | D47: =B47&C47&"寸" | E47: =LEFT(REPLACE(G47,1,2,""),FIND("[",REPLACE(G47,1,2,""))-1)&"-"&MID(REPLACE(G47,1,2,""),FIND("[",REPLACE(G47,1,2,""))+1,FIND("]",REPLACE(G47,1,2,""))-FIND("[",REPLACE(G47,1,2,""))-1) | F47: =IFERROR(MID(G47,3,FIND("(",G47)-3)&"-"&SUBSTITUTE(MID(G47,FIND("[",G47)+1,FIND("]",G47)-FIND("[",G47)-1),"Strong Guard ",""),"") | G47: ID11R24.5-14PR(146/143M)[I-48T]IRONMAN无内 SMARTWAY | H47: 680 | I47: 2 | J47: =IFERROR(LEFT(F47,FIND("-",F47))&MID(F47,FIND("PR",F47,FIND("-",F47))+3,LEN(F47)),F47) | K47: =_xlfn.XLOOKUP(F47,投产规格!E:E,投产规格!D:D,"未投产") | L47: =IFERROR(_xlfn.XLOOKUP(F47,硫化工艺!B:B,硫化工艺!C:C),"") | M47: =IF(L47="","",L47/(L47+$L$1/60)) | N47: =C47&"全钢" | O47: =IFERROR(_xlfn.XLOOKUP(F47,轮胎重量!J:J,轮胎重量!G:G),"") | P47: =IFERROR(_xlfn.XLOOKUP(G47,硫化工艺!I:I,硫化工艺!J:J),"") | Q47: =IFERROR(ROUND(1440/L47*(I47)*M47,0),"") | R47: 60 | S47: 60 | T47: 60 | U47: 60 | V47: 60 | W47: 60 | X47: 60 | Y47: 60 | AW47: =IF(SUM(R47:AV47)=0,"",SUM(R47:AV47)) | AX47: =IFERROR(AW47*O47/1000,"") | AY47: =IFERROR(ROUND(AW47*P47/10000,3),"") | AZ47: 449.18 | BA47: 29.42 | BB47: 49.09 | BC47: 52.13 | BE47: =AZ47*AW47 | BF47: =BA47*AW47 | BG47: =BB47*AW47 | BH47: =BC47*AW47 | BJ47: {=_xlfn.LET(_xlpm.data,$R47:$AV47,_xlpm.starts,{1,8,16,23},_xlpm.lengths,{7,7,8,9},_xlpm.arr,_xlfn.MAP(_xlpm.starts,_xlpm.lengths,_xlfn.LAMBDA(_xlpm.s,_xlpm.l,SUM(INDEX(_xlpm.data,,_xlfn.SEQUENCE(,_xlpm.l,_xlpm.s))))),ROUND(_xlpm.arr*$O47/1000,2))} | BK47: 3.14 | BL47: 0 | BM47: 0 | BN47: =SUM(BJ47:BM47) | BO47: 0 | BP47: 0 | BQ47: 0 | BR47: 0 | BT47: {=_xlfn.HSTACK(SUM(INDEX($R47:$AV47,1,1):INDEX($R47:$AV47,1,7)),SUM(INDEX($R47:$AV47,1,7):INDEX($R47:$AV47,1,13)),SUM(INDEX($R47:$AV47,1,16):INDEX($R47:$AV47,1,23)),SUM(INDEX($R47:$AV47,1,23):INDEX($R47:$AV47,1,31)))} | BU47: 120 | BV47: 0 | BW47: 0 | BY47: =SUM(R47:X47) | BZ47: =SUM(Y47:AE47) | CA47: =SUM(AF47:AM47) | CB47: =SUM(AN47:AV47) | CD47: ADA | CE47: =ROUND(BY47*$O47/1000,2) | CF47: =ROUND(BZ47*$O47/1000,2) | CG47: =ROUND(CA47*$O47/1000,2) | CH47: =ROUND(CB47*$O47/1000,2) | CI47: =SUM(CE47:CH47) | CK47: =IFERROR(ROUND(BY47*$P47,2),"") | CL47: =IFERROR(ROUND(BZ47*$P47,2),"") | CM47: =IFERROR(ROUND(CA47*$P47,2),"") | CN47: =IFERROR(ROUND(CB47*$P47,2),"") | CO47: =SUM(CK47:CN47)
B48: =_xlfn.XLOOKUP(G48,销售需求表!A:A,销售需求表!C:C) | C48: =IFERROR(MID(F48,FIND("R",F48)+1,4),"") | D48: =B48&C48&"寸" | E48: =LEFT(REPLACE(G48,1,2,""),FIND("[",REPLACE(G48,1,2,""))-1)&"-"&MID(REPLACE(G48,1,2,""),FIND("[",REPLACE(G48,1,2,""))+1,FIND("]",REPLACE(G48,1,2,""))-FIND("[",REPLACE(G48,1,2,""))-1) | F48: =IFERROR(MID(G48,3,FIND("(",G48)-3)&"-"&SUBSTITUTE(MID(G48,FIND("[",G48)+1,FIND("]",G48)-FIND("[",G48)-1),"Strong Guard ",""),"") | G48: ID11R24.5-14PR(146/143M)[Strong Guard H-TL]HERCULES无内 | H48: 200 | J48: =IFERROR(LEFT(F48,FIND("-",F48))&MID(F48,FIND("PR",F48,FIND("-",F48))+3,LEN(F48)),F48) | K48: =_xlfn.XLOOKUP(F48,投产规格!E:E,投产规格!D:D,"未投产") | L48: =IFERROR(_xlfn.XLOOKUP(F48,硫化工艺!B:B,硫化工艺!C:C),"") | M48: =IF(L48="","",L48/(L48+$L$1/60)) | N48: =C48&"全钢" | O48: =IFERROR(_xlfn.XLOOKUP(F48,轮胎重量!J:J,轮胎重量!G:G),"") | P48: =IFERROR(_xlfn.XLOOKUP(G48,硫化工艺!I:I,硫化工艺!J:J),"") | Q48: =IFERROR(ROUND(1440/L48*(I48)*M48,0),"") | Z48: 60 | AA48: 60 | AB48: 60 | AW48: =IF(SUM(R48:AV48)=0,"",SUM(R48:AV48)) | AX48: =IFERROR(AW48*O48/1000,"") | AY48: =IFERROR(ROUND(AW48*P48/10000,3),"") | AZ48: 449.18 | BA48: 29.42 | BB48: 49.09 | BC48: 52.13 | BE48: =AZ48*AW48 | BF48: =BA48*AW48 | BG48: =BB48*AW48 | BH48: =BC48*AW48 | BJ48: {=_xlfn.LET(_xlpm.data,$R48:$AV48,_xlpm.starts,{1,8,16,23},_xlpm.lengths,{7,7,8,9},_xlpm.arr,_xlfn.MAP(_xlpm.starts,_xlpm.lengths,_xlfn.LAMBDA(_xlpm.s,_xlpm.l,SUM(INDEX(_xlpm.data,,_xlfn.SEQUENCE(,_xlpm.l,_xlpm.s))))),ROUND(_xlpm.arr*$O48/1000,2))} | BK48: 9.58 | BL48: 0 | BM48: 0 | BN48: =SUM(BJ48:BM48) | BO48: 0 | BP48: 0 | BQ48: 0 | BR48: 0 | BT48: {=_xlfn.HSTACK(SUM(INDEX($R48:$AV48,1,1):INDEX($R48:$AV48,1,7)),SUM(INDEX($R48:$AV48,1,7):INDEX($R48:$AV48,1,13)),SUM(INDEX($R48:$AV48,1,16):INDEX($R48:$AV48,1,23)),SUM(INDEX($R48:$AV48,1,23):INDEX($R48:$AV48,1,31)))} | BU48: 180 | BV48: 0 | BW48: 0 | BY48: =SUM(R48:X48) | BZ48: =SUM(Y48:AE48) | CA48: =SUM(AF48:AM48) | CB48: =SUM(AN48:AV48) | CD48: ADA | CE48: =ROUND(BY48*$O48/1000,2) | CF48: =ROUND(BZ48*$O48/1000,2) | CG48: =ROUND(CA48*$O48/1000,2) | CH48: =ROUND(CB48*$O48/1000,2) | CI48: =SUM(CE48:CH48) | CK48: =IFERROR(ROUND(BY48*$P48,2),"") | CL48: =IFERROR(ROUND(BZ48*$P48,2),"") | CM48: =IFERROR(ROUND(CA48*$P48,2),"") | CN48: =IFERROR(ROUND(CB48*$P48,2),"") | CO48: =SUM(CK48:CN48)
B49: =_xlfn.XLOOKUP(G49,销售需求表!A:A,销售需求表!C:C) | C49: =IFERROR(MID(F49,FIND("R",F49)+1,4),"") | D49: =B49&C49&"寸" | E49: =LEFT(REPLACE(G49,1,2,""),FIND("[",REPLACE(G49,1,2,""))-1)&"-"&MID(REPLACE(G49,1,2,""),FIND("[",REPLACE(G49,1,2,""))+1,FIND("]",REPLACE(G49,1,2,""))-FIND("[",REPLACE(G49,1,2,""))-1) | F49: =IFERROR(MID(G49,3,FIND("(",G49)-3)&"-"&SUBSTITUTE(MID(G49,FIND("[",G49)+1,FIND("]",G49)-FIND("[",G49)-1),"Strong Guard ",""),"") | G49: ID11R24.5-16PR(149/146K)[Strong Guard H-MD]HERCULES无内 | H49: 350 | J49: =IFERROR(LEFT(F49,FIND("-",F49))&MID(F49,FIND("PR",F49,FIND("-",F49))+3,LEN(F49)),F49) | K49: =_xlfn.XLOOKUP(F49,投产规格!E:E,投产规格!D:D,"未投产") | L49: =IFERROR(_xlfn.XLOOKUP(F49,硫化工艺!B:B,硫化工艺!C:C),"") | M49: =IF(L49="","",L49/(L49+$L$1/60)) | N49: =C49&"全钢" | O49: =IFERROR(_xlfn.XLOOKUP(F49,轮胎重量!J:J,轮胎重量!G:G),"") | P49: =IFERROR(_xlfn.XLOOKUP(G49,硫化工艺!I:I,硫化工艺!J:J),"") | Q49: =IFERROR(ROUND(1440/L49*(I49)*M49,0),"") | AA49: 60 | AB49: 60 | AC49: 60 | AD49: 60 | AE49: 60 | AF49: 60 | AW49: =IF(SUM(R49:AV49)=0,"",SUM(R49:AV49)) | AX49: =IFERROR(AW49*O49/1000,"") | AY49: =IFERROR(ROUND(AW49*P49/10000,3),"") | AZ49: 449.18 | BA49: 29.42 | BB49: 49.09 | BC49: 52.13 | BE49: =AZ49*AW49 | BF49: =BA49*AW49 | BG49: =BB49*AW49 | BH49: =BC49*AW49 | BJ49: {=_xlfn.LET(_xlpm.data,$R49:$AV49,_xlpm.starts,{1,8,16,23},_xlpm.lengths,{7,7,8,9},_xlpm.arr,_xlfn.MAP(_xlpm.starts,_xlpm.lengths,_xlfn.LAMBDA(_xlpm.s,_xlpm.l,SUM(INDEX(_xlpm.data,,_xlfn.SEQUENCE(,_xlpm.l,_xlpm.s))))),ROUND(_xlpm.arr*$O49/1000,2))} | BK49: 19.46 | BL49: 0 | BM49: 0 | BN49: =SUM(BJ49:BM49) | BO49: 22.41 | BP49: 22.41 | BQ49: 25.62 | BR49: 28.82 | BT49: {=_xlfn.HSTACK(SUM(INDEX($R49:$AV49,1,1):INDEX($R49:$AV49,1,7)),SUM(INDEX($R49:$AV49,1,7):INDEX($R49:$AV49,1,13)),SUM(INDEX($R49:$AV49,1,16):INDEX($R49:$AV49,1,23)),SUM(INDEX($R49:$AV49,1,23):INDEX($R49:$AV49,1,31)))} | BU49: 240 | BV49: 0 | BW49: 0 | BY49: =SUM(R49:X49) | BZ49: =SUM(Y49:AE49) | CA49: =SUM(AF49:AM49) | CB49: =SUM(AN49:AV49) | CD49: ADA | CE49: =ROUND(BY49*$O49/1000,2) | CF49: =ROUND(BZ49*$O49/1000,2) | CG49: =ROUND(CA49*$O49/1000,2) | CH49: =ROUND(CB49*$O49/1000,2) | CI49: =SUM(CE49:CH49) | CK49: =IFERROR(ROUND(BY49*$P49,2),"") | CL49: =IFERROR(ROUND(BZ49*$P49,2),"") | CM49: =IFERROR(ROUND(CA49*$P49,2),"") | CN49: =IFERROR(ROUND(CB49*$P49,2),"") | CO49: =SUM(CK49:CN49)
B50: =_xlfn.XLOOKUP(G50,销售需求表!A:A,销售需求表!C:C) | C50: =IFERROR(MID(F50,FIND("R",F50)+1,4),"") | D50: =B50&C50&"寸" | E50: =LEFT(REPLACE(G50,1,2,""),FIND("[",REPLACE(G50,1,2,""))-1)&"-"&MID(REPLACE(G50,1,2,""),FIND("[",REPLACE(G50,1,2,""))+1,FIND("]",REPLACE(G50,1,2,""))-FIND("[",REPLACE(G50,1,2,""))-1) | F50: =IFERROR(MID(G50,3,FIND("(",G50)-3)&"-"&SUBSTITUTE(MID(G50,FIND("[",G50)+1,FIND("]",G50)-FIND("[",G50)-1),"Strong Guard ",""),"") | G50: ID11R24.5-16PR(149/146L)[DOMINATE D01]BLACKARROW无内 | H50: 250 | J50: =IFERROR(LEFT(F50,FIND("-",F50))&MID(F50,FIND("PR",F50,FIND("-",F50))+3,LEN(F50)),F50) | K50: =_xlfn.XLOOKUP(F50,投产规格!E:E,投产规格!D:D,"未投产") | L50: =IFERROR(_xlfn.XLOOKUP(F50,硫化工艺!B:B,硫化工艺!C:C),"") | M50: =IF(L50="","",L50/(L50+$L$1/60)) | N50: =C50&"全钢" | O50: =IFERROR(_xlfn.XLOOKUP(F50,轮胎重量!J:J,轮胎重量!G:G),"") | P50: =O50*13.9 | Q50: =IFERROR(ROUND(1440/L50*(I50)*M50,0),"") | AW50: =IF(SUM(R50:AV50)=0,"",SUM(R50:AV50)) | AX50: =IFERROR(AW50*O50/1000,"") | AY50: =IFERROR(ROUND(AW50*P50/10000,3),"") | BE50: =AZ50*AW50 | BF50: =BA50*AW50 | BG50: =BB50*AW50 | BH50: =BC50*AW50 | BJ50: {=_xlfn.LET(_xlpm.data,$R50:$AV50,_xlpm.starts,{1,8,16,23},_xlpm.lengths,{7,7,8,9},_xlpm.arr,_xlfn.MAP(_xlpm.starts,_xlpm.lengths,_xlfn.LAMBDA(_xlpm.s,_xlpm.l,SUM(INDEX(_xlpm.data,,_xlfn.SEQUENCE(,_xlpm.l,_xlpm.s))))),ROUND(_xlpm.arr*$O50/1000,2))} | BK50: 0 | BL50: 0 | BM50: 0 | BN50: =SUM(BJ50:BM50) | BO50: 21.08 | BP50: 21.08 | BQ50: 24.09 | BR50: 27.1 | BT50: {=_xlfn.HSTACK(SUM(INDEX($R50:$AV50,1,1):INDEX($R50:$AV50,1,7)),SUM(INDEX($R50:$AV50,1,7):INDEX($R50:$AV50,1,13)),SUM(INDEX($R50:$AV50,1,16):INDEX($R50:$AV50,1,23)),SUM(INDEX($R50:$AV50,1,23):INDEX($R50:$AV50,1,31)))} | BU50: 0 | BV50: 0 | BW50: 0 | BY50: =SUM(R50:X50) | BZ50: =SUM(Y50:AE50) | CA50: =SUM(AF50:AM50) | CB50: =SUM(AN50:AV50) | CD50: ADA | CE50: =ROUND(BY50*$O50/1000,2) | CF50: =ROUND(BZ50*$O50/1000,2) | CG50: =ROUND(CA50*$O50/1000,2) | CH50: =ROUND(CB50*$O50/1000,2) | CI50: =SUM(CE50:CH50) | CK50: =IFERROR(ROUND(BY50*$P50,2),"") | CL50: =IFERROR(ROUND(BZ50*$P50,2),"") | CM50: =IFERROR(ROUND(CA50*$P50,2),"") | CN50: =IFERROR(ROUND(CB50*$P50,2),"") | CO50: =SUM(CK50:CN50)
B51: =_xlfn.XLOOKUP(G51,销售需求表!A:A,销售需求表!C:C) | C51: =IFERROR(MID(F51,FIND("R",F51)+1,4),"") | D51: =B51&C51&"寸" | E51: =LEFT(REPLACE(G51,1,2,""),FIND("[",REPLACE(G51,1,2,""))-1)&"-"&MID(REPLACE(G51,1,2,""),FIND("[",REPLACE(G51,1,2,""))+1,FIND("]",REPLACE(G51,1,2,""))-FIND("[",REPLACE(G51,1,2,""))-1) | F51: =IFERROR(MID(G51,3,FIND("(",G51)-3)&"-"&SUBSTITUTE(MID(G51,FIND("[",G51)+1,FIND("]",G51)-FIND("[",G51)-1),"Strong Guard ",""),"") | G51: ID11R24.5-16PR(149/146L)[HF1 Plus]SUPERMAX无内 | H51: 700 | J51: =IFERROR(LEFT(F51,FIND("-",F51))&MID(F51,FIND("PR",F51,FIND("-",F51))+3,LEN(F51)),F51) | K51: =_xlfn.XLOOKUP(F51,投产规格!E:E,投产规格!D:D,"未投产") | L51: =IFERROR(_xlfn.XLOOKUP(F51,硫化工艺!B:B,硫化工艺!C:C),"") | M51: =IF(L51="","",L51/(L51+$L$1/60)) | N51: =C51&"全钢" | O51: =IFERROR(_xlfn.XLOOKUP(F51,轮胎重量!J:J,轮胎重量!G:G),"") | P51: =IFERROR(_xlfn.XLOOKUP(G51,硫化工艺!I:I,硫化工艺!J:J),"") | Q51: =IFERROR(ROUND(1440/L51*(I51)*M51,0),"") | AW51: =IF(SUM(R51:AV51)=0,"",SUM(R51:AV51)) | AX51: =IFERROR(AW51*O51/1000,"") | AY51: =IFERROR(ROUND(AW51*P51/10000,3),"") | BE51: =AZ51*AW51 | BF51: =BA51*AW51 | BG51: =BB51*AW51 | BH51: =BC51*AW51 | BJ51: {=_xlfn.LET(_xlpm.data,$R51:$AV51,_xlpm.starts,{1,8,16,23},_xlpm.lengths,{7,7,8,9},_xlpm.arr,_xlfn.MAP(_xlpm.starts,_xlpm.lengths,_xlfn.LAMBDA(_xlpm.s,_xlpm.l,SUM(INDEX(_xlpm.data,,_xlfn.SEQUENCE(,_xlpm.l,_xlpm.s))))),ROUND(_xlpm.arr*$O51/1000,2))} | BK51: 0 | BL51: 0 | BM51: 0 | BN51: =SUM(BJ51:BM51) | BO51: 0 | BP51: 0 | BQ51: 0 | BR51: 0 | BT51: {=_xlfn.HSTACK(SUM(INDEX($R51:$AV51,1,1):INDEX($R51:$AV51,1,7)),SUM(INDEX($R51:$AV51,1,7):INDEX($R51:$AV51,1,13)),SUM(INDEX($R51:$AV51,1,16):INDEX($R51:$AV51,1,23)),SUM(INDEX($R51:$AV51,1,23):INDEX($R51:$AV51,1,31)))} | BU51: 0 | BV51: 0 | BW51: 0 | BY51: =SUM(R51:X51) | BZ51: =SUM(Y51:AE51) | CA51: =SUM(AF51:AM51) | CB51: =SUM(AN51:AV51) | CD51: ADA | CE51: =ROUND(BY51*$O51/1000,2) | CF51: =ROUND(BZ51*$O51/1000,2) | CG51: =ROUND(CA51*$O51/1000,2) | CH51: =ROUND(CB51*$O51/1000,2) | CI51: =SUM(CE51:CH51) | CK51: =IFERROR(ROUND(BY51*$P51,2),"") | CL51: =IFERROR(ROUND(BZ51*$P51,2),"") | CM51: =IFERROR(ROUND(CA51*$P51,2),"") | CN51: =IFERROR(ROUND(CB51*$P51,2),"") | CO51: =SUM(CK51:CN51)
B52: =_xlfn.XLOOKUP(G52,销售需求表!A:A,销售需求表!C:C) | C52: =IFERROR(MID(F52,FIND("R",F52)+1,4),"") | D52: =B52&C52&"寸" | E52: =LEFT(REPLACE(G52,1,2,""),FIND("[",REPLACE(G52,1,2,""))-1)&"-"&MID(REPLACE(G52,1,2,""),FIND("[",REPLACE(G52,1,2,""))+1,FIND("]",REPLACE(G52,1,2,""))-FIND("[",REPLACE(G52,1,2,""))-1) | F52: =IFERROR(MID(G52,3,FIND("(",G52)-3)&"-"&SUBSTITUTE(MID(G52,FIND("[",G52)+1,FIND("]",G52)-FIND("[",G52)-1),"Strong Guard ",""),"") | G52: ID11R24.5-16PR(149/146L)[HF1 PlusX]SUPERMAX ECO无内 | H52: 300 | J52: =IFERROR(LEFT(F52,FIND("-",F52))&MID(F52,FIND("PR",F52,FIND("-",F52))+3,LEN(F52)),F52) | K52: =_xlfn.XLOOKUP(F52,投产规格!E:E,投产规格!D:D,"未投产") | L52: =IFERROR(_xlfn.XLOOKUP(F52,硫化工艺!B:B,硫化工艺!C:C),"") | M52: =IF(L52="","",L52/(L52+$L$1/60)) | N52: =C52&"全钢" | O52: =IFERROR(_xlfn.XLOOKUP(F52,轮胎重量!J:J,轮胎重量!G:G),"") | P52: =O52*13.9 | Q52: =IFERROR(ROUND(1440/L52*(I52)*M52,0),"") | AA52: 60 | AB52: 60 | AC52: 60 | AD52: 60 | AE52: 60 | AF52: 60 | AW52: =IF(SUM(R52:AV52)=0,"",SUM(R52:AV52)) | AX52: =IFERROR(AW52*O52/1000,"") | AY52: =IFERROR(ROUND(AW52*P52/10000,3),"") | BE52: =AZ52*AW52 | BF52: =BA52*AW52 | BG52: =BB52*AW52 | BH52: =BC52*AW52 | BJ52: {=_xlfn.LET(_xlpm.data,$R52:$AV52,_xlpm.starts,{1,8,16,23},_xlpm.lengths,{7,7,8,9},_xlpm.arr,_xlfn.MAP(_xlpm.starts,_xlpm.lengths,_xlfn.LAMBDA(_xlpm.s,_xlpm.l,SUM(INDEX(_xlpm.data,,_xlfn.SEQUENCE(,_xlpm.l,_xlpm.s))))),ROUND(_xlpm.arr*$O52/1000,2))} | BK52: 16.37 | BL52: 0 | BM52: 0 | BN52: =SUM(BJ52:BM52) | BO52: 0 | BP52: 0 | BQ52: 0 | BR52: 0 | BT52: {=_xlfn.HSTACK(SUM(INDEX($R52:$AV52,1,1):INDEX($R52:$AV52,1,7)),SUM(INDEX($R52:$AV52,1,7):INDEX($R52:$AV52,1,13)),SUM(INDEX($R52:$AV52,1,16):INDEX($R52:$AV52,1,23)),SUM(INDEX($R52:$AV52,1,23):INDEX($R52:$AV52,1,31)))} | BU52: 240 | BV52: 0 | BW52: 0 | BY52: =SUM(R52:X52) | BZ52: =SUM(Y52:AE52) | CA52: =SUM(AF52:AM52) | CB52: =SUM(AN52:AV52) | CD52: ADA | CE52: =ROUND(BY52*$O52/1000,2) | CF52: =ROUND(BZ52*$O52/1000,2) | CG52: =ROUND(CA52*$O52/1000,2) | CH52: =ROUND(CB52*$O52/1000,2) | CI52: =SUM(CE52:CH52) | CK52: =IFERROR(ROUND(BY52*$P52,2),"") | CL52: =IFERROR(ROUND(BZ52*$P52,2),"") | CM52: =IFERROR(ROUND(CA52*$P52,2),"") | CN52: =IFERROR(ROUND(CB52*$P52,2),"") | CO52: =SUM(CK52:CN52)
B53: =_xlfn.XLOOKUP(G53,销售需求表!A:A,销售需求表!C:C) | C53: =IFERROR(MID(F53,FIND("R",F53)+1,4),"") | D53: =B53&C53&"寸" | E53: =LEFT(REPLACE(G53,1,2,""),FIND("[",REPLACE(G53,1,2,""))-1)&"-"&MID(REPLACE(G53,1,2,""),FIND("[",REPLACE(G53,1,2,""))+1,FIND("]",REPLACE(G53,1,2,""))-FIND("[",REPLACE(G53,1,2,""))-1) | F53: =IFERROR(MID(G53,3,FIND("(",G53)-3)&"-"&SUBSTITUTE(MID(G53,FIND("[",G53)+1,FIND("]",G53)-FIND("[",G53)-1),"Strong Guard ",""),"") | G53: ID11R24.5-16PR(149/146L)[I-37D]IRONMAN无内 | H53: 280 | J53: =IFERROR(LEFT(F53,FIND("-",F53))&MID(F53,FIND("PR",F53,FIND("-",F53))+3,LEN(F53)),F53) | K53: =_xlfn.XLOOKUP(F53,投产规格!E:E,投产规格!D:D,"未投产") | L53: =IFERROR(_xlfn.XLOOKUP(F53,硫化工艺!B:B,硫化工艺!C:C),"") | M53: =IF(L53="","",L53/(L53+$L$1/60)) | N53: =C53&"全钢" | O53: =IFERROR(_xlfn.XLOOKUP(F53,轮胎重量!J:J,轮胎重量!G:G),"") | P53: =IFERROR(_xlfn.XLOOKUP(G53,硫化工艺!I:I,硫化工艺!J:J),"") | Q53: =IFERROR(ROUND(1440/L53*(I53)*M53,0),"") | AC53: 60 | AD53: 60 | AE53: 60 | AF53: 60 | AW53: =IF(SUM(R53:AV53)=0,"",SUM(R53:AV53)) | AX53: =IFERROR(AW53*O53/1000,"") | AY53: =IFERROR(ROUND(AW53*P53/10000,3),"") | AZ53: 459.15 | BA53: 29.49 | BB53: 50.29 | BC53: 52.01 | BE53: =AZ53*AW53 | BF53: =BA53*AW53 | BG53: =BB53*AW53 | BH53: =BC53*AW53 | BJ53: {=_xlfn.LET(_xlpm.data,$R53:$AV53,_xlpm.starts,{1,8,16,23},_xlpm.lengths,{7,7,8,9},_xlpm.arr,_xlfn.MAP(_xlpm.starts,_xlpm.lengths,_xlfn.LAMBDA(_xlpm.s,_xlpm.l,SUM(INDEX(_xlpm.data,,_xlfn.SEQUENCE(,_xlpm.l,_xlpm.s))))),ROUND(_xlpm.arr*$O53/1000,2))} | BK53: 10.99 | BL53: 0 | BM53: 0 | BN53: =SUM(BJ53:BM53) | BO53: 0 | BP53: 0 | BQ53: 0 | BR53: 0 | BT53: {=_xlfn.HSTACK(SUM(INDEX($R53:$AV53,1,1):INDEX($R53:$AV53,1,7)),SUM(INDEX($R53:$AV53,1,7):INDEX($R53:$AV53,1,13)),SUM(INDEX($R53:$AV53,1,16):INDEX($R53:$AV53,1,23)),SUM(INDEX($R53:$AV53,1,23):INDEX($R53:$AV53,1,31)))} | BU53: 120 | BV53: 0 | BW53: 0 | BY53: =SUM(R53:X53) | BZ53: =SUM(Y53:AE53) | CA53: =SUM(AF53:AM53) | CB53: =SUM(AN53:AV53) | CD53: ADA | CE53: =ROUND(BY53*$O53/1000,2) | CF53: =ROUND(BZ53*$O53/1000,2) | CG53: =ROUND(CA53*$O53/1000,2) | CH53: =ROUND(CB53*$O53/1000,2) | CI53: =SUM(CE53:CH53) | CK53: =IFERROR(ROUND(BY53*$P53,2),"") | CL53: =IFERROR(ROUND(BZ53*$P53,2),"") | CM53: =IFERROR(ROUND(CA53*$P53,2),"") | CN53: =IFERROR(ROUND(CB53*$P53,2),"") | CO53: =SUM(CK53:CN53)
B54: =_xlfn.XLOOKUP(G54,销售需求表!A:A,销售需求表!C:C) | C54: =IFERROR(MID(F54,FIND("R",F54)+1,4),"") | D54: =B54&C54&"寸" | E54: =LEFT(REPLACE(G54,1,2,""),FIND("[",REPLACE(G54,1,2,""))-1)&"-"&MID(REPLACE(G54,1,2,""),FIND("[",REPLACE(G54,1,2,""))+1,FIND("]",REPLACE(G54,1,2,""))-FIND("[",REPLACE(G54,1,2,""))-1) | F54: =IFERROR(MID(G54,3,FIND("(",G54)-3)&"-"&SUBSTITUTE(MID(G54,FIND("[",G54)+1,FIND("]",G54)-FIND("[",G54)-1),"Strong Guard ",""),"") | G54: ID11R24.5-16PR(149/146L)[KOBE APM]ITARO无内 | H54: 380 | J54: =IFERROR(LEFT(F54,FIND("-",F54))&MID(F54,FIND("PR",F54,FIND("-",F54))+3,LEN(F54)),F54) | K54: =_xlfn.XLOOKUP(F54,投产规格!E:E,投产规格!D:D,"未投产") | L54: =IFERROR(_xlfn.XLOOKUP(F54,硫化工艺!B:B,硫化工艺!C:C),"") | M54: =IF(L54="","",L54/(L54+$L$1/60)) | N54: =C54&"全钢" | O54: =IFERROR(_xlfn.XLOOKUP(F54,轮胎重量!J:J,轮胎重量!G:G),"") | P54: =IFERROR(_xlfn.XLOOKUP(G54,硫化工艺!I:I,硫化工艺!J:J),"") | Q54: =IFERROR(ROUND(1440/L54*(I54)*M54,0),"") | W54: 130 | X54: 130 | Y54: 130 | Z54: 130 | AW54: =IF(SUM(R54:AV54)=0,"",SUM(R54:AV54)) | AX54: =IFERROR(AW54*O54/1000,"") | AY54: =IFERROR(ROUND(AW54*P54/10000,3),"") | AZ54: 459.15 | BA54: 29.49 | BB54: 50.29 | BC54: 52.01 | BE54: =AZ54*AW54 | BF54: =BA54*AW54 | BG54: =BB54*AW54 | BH54: =BC54*AW54 | BJ54: {=_xlfn.LET(_xlpm.data,$R54:$AV54,_xlpm.starts,{1,8,16,23},_xlpm.lengths,{7,7,8,9},_xlpm.arr,_xlfn.MAP(_xlpm.starts,_xlpm.lengths,_xlfn.LAMBDA(_xlpm.s,_xlpm.l,SUM(INDEX(_xlpm.data,,_xlfn.SEQUENCE(,_xlpm.l,_xlpm.s))))),ROUND(_xlpm.arr*$O54/1000,2))} | BK54: 14.19 | BL54: 0 | BM54: 0 | BN54: =SUM(BJ54:BM54) | BO54: 0 | BP54: 0 | BQ54: 0 | BR54: 0 | BT54: {=_xlfn.HSTACK(SUM(INDEX($R54:$AV54,1,1):INDEX($R54:$AV54,1,7)),SUM(INDEX($R54:$AV54,1,7):INDEX($R54:$AV54,1,13)),SUM(INDEX($R54:$AV54,1,16):INDEX($R54:$AV54,1,23)),SUM(INDEX($R54:$AV54,1,23):INDEX($R54:$AV54,1,31)))} | BU54: 390 | BV54: 0 | BW54: 0 | BY54: =SUM(R54:X54) | BZ54: =SUM(Y54:AE54) | CA54: =SUM(AF54:AM54) | CB54: =SUM(AN54:AV54) | CD54: ADA | CE54: =ROUND(BY54*$O54/1000,2) | CF54: =ROUND(BZ54*$O54/1000,2) | CG54: =ROUND(CA54*$O54/1000,2) | CH54: =ROUND(CB54*$O54/1000,2) | CI54: =SUM(CE54:CH54) | CK54: =IFERROR(ROUND(BY54*$P54,2),"") | CL54: =IFERROR(ROUND(BZ54*$P54,2),"") | CM54: =IFERROR(ROUND(CA54*$P54,2),"") | CN54: =IFERROR(ROUND(CB54*$P54,2),"") | CO54: =SUM(CK54:CN54)
B55: =_xlfn.XLOOKUP(G55,销售需求表!A:A,销售需求表!C:C) | C55: =IFERROR(MID(F55,FIND("R",F55)+1,4),"") | D55: =B55&C55&"寸" | E55: =LEFT(REPLACE(G55,1,2,""),FIND("[",REPLACE(G55,1,2,""))-1)&"-"&MID(REPLACE(G55,1,2,""),FIND("[",REPLACE(G55,1,2,""))+1,FIND("]",REPLACE(G55,1,2,""))-FIND("[",REPLACE(G55,1,2,""))-1) | F55: =IFERROR(MID(G55,3,FIND("(",G55)-3)&"-"&SUBSTITUTE(MID(G55,FIND("[",G55)+1,FIND("]",G55)-FIND("[",G55)-1),"Strong Guard ",""),"") | G55: ID11R24.5-16PR(149/146L)[KOBE DPM]ITARO无内 | H55: 1900 | I55: 4 | J55: =IFERROR(LEFT(F55,FIND("-",F55))&MID(F55,FIND("PR",F55,FIND("-",F55))+3,LEN(F55)),F55) | K55: =_xlfn.XLOOKUP(F55,投产规格!E:E,投产规格!D:D,"未投产") | L55: =IFERROR(_xlfn.XLOOKUP(F55,硫化工艺!B:B,硫化工艺!C:C),"") | M55: =IF(L55="","",L55/(L55+$L$1/60)) | N55: =C55&"全钢" | O55: =IFERROR(_xlfn.XLOOKUP(F55,轮胎重量!J:J,轮胎重量!G:G),"") | P55: =IFERROR(_xlfn.XLOOKUP(G55,硫化工艺!I:I,硫化工艺!J:J),"") | Q55: =IFERROR(ROUND(1440/L55*(I55)*M55,0),"") | R55: 130 | S55: 130 | T55: 130 | U55: 130 | V55: 130 | W55: 130 | X55: 130 | Y55: 130 | Z55: 130 | AA55: 130 | AB55: 130 | AC55: 130 | AD55: 130 | AE55: 130 | AF55: 130 | AW55: =IF(SUM(R55:AV55)=0,"",SUM(R55:AV55)) | AX55: =IFERROR(AW55*O55/1000,"") | AY55: =IFERROR(ROUND(AW55*P55/10000,3),"") | AZ55: 459.15 | BA55: 29.49 | BB55: 50.29 | BC55: 52.01 | BE55: =AZ55*AW55 | BF55: =BA55*AW55 | BG55: =BB55*AW55 | BH55: =BC55*AW55 | BJ55: {=_xlfn.LET(_xlpm.data,$R55:$AV55,_xlpm.starts,{1,8,16,23},_xlpm.lengths,{7,7,8,9},_xlpm.arr,_xlfn.MAP(_xlpm.starts,_xlpm.lengths,_xlfn.LAMBDA(_xlpm.s,_xlpm.l,SUM(INDEX(_xlpm.data,,_xlfn.SEQUENCE(,_xlpm.l,_xlpm.s))))),ROUND(_xlpm.arr*$O55/1000,2))} | BK55: 53.29 | BL55: 0 | BM55: 0 | BN55: =SUM(BJ55:BM55) | BO55: 0 | BP55: 0 | BQ55: 0 | BR55: 0 | BT55: {=_xlfn.HSTACK(SUM(INDEX($R55:$AV55,1,1):INDEX($R55:$AV55,1,7)),SUM(INDEX($R55:$AV55,1,7):INDEX($R55:$AV55,1,13)),SUM(INDEX($R55:$AV55,1,16):INDEX($R55:$AV55,1,23)),SUM(INDEX($R55:$AV55,1,23):INDEX($R55:$AV55,1,31)))} | BU55: 910 | BV55: 0 | BW55: 0 | BY55: =SUM(R55:X55) | BZ55: =SUM(Y55:AE55) | CA55: =SUM(AF55:AM55) | CB55: =SUM(AN55:AV55) | CD55: ADA | CE55: =ROUND(BY55*$O55/1000,2) | CF55: =ROUND(BZ55*$O55/1000,2) | CG55: =ROUND(CA55*$O55/1000,2) | CH55: =ROUND(CB55*$O55/1000,2) | CI55: =SUM(CE55:CH55) | CK55: =IFERROR(ROUND(BY55*$P55,2),"") | CL55: =IFERROR(ROUND(BZ55*$P55,2),"") | CM55: =IFERROR(ROUND(CA55*$P55,2),"") | CN55: =IFERROR(ROUND(CB55*$P55,2),"") | CO55: =SUM(CK55:CN55)
B56: =_xlfn.XLOOKUP(G56,销售需求表!A:A,销售需求表!C:C) | C56: =IFERROR(MID(F56,FIND("R",F56)+1,4),"") | D56: =B56&C56&"寸" | E56: =LEFT(REPLACE(G56,1,2,""),FIND("[",REPLACE(G56,1,2,""))-1)&"-"&MID(REPLACE(G56,1,2,""),FIND("[",REPLACE(G56,1,2,""))+1,FIND("]",REPLACE(G56,1,2,""))-FIND("[",REPLACE(G56,1,2,""))-1) | F56: =IFERROR(MID(G56,3,FIND("(",G56)-3)&"-"&SUBSTITUTE(MID(G56,FIND("[",G56)+1,FIND("]",G56)-FIND("[",G56)-1),"Strong Guard ",""),"") | G56: ID11R24.5-16PR(149/146L)[M-TRAC AP]MASTERTRACK无内 | H56: 2300 | I56: 2 | J56: =IFERROR(LEFT(F56,FIND("-",F56))&MID(F56,FIND("PR",F56,FIND("-",F56))+3,LEN(F56)),F56) | K56: =_xlfn.XLOOKUP(F56,投产规格!E:E,投产规格!D:D,"未投产") | L56: =IFERROR(_xlfn.XLOOKUP(F56,硫化工艺!B:B,硫化工艺!C:C),"") | M56: =IF(L56="","",L56/(L56+$L$1/60)) | N56: =C56&"全钢" | O56: =IFERROR(_xlfn.XLOOKUP(F56,轮胎重量!J:J,轮胎重量!G:G),"") | P56: =O56*13.9 | Q56: =IFERROR(ROUND(1440/L56*(I56)*M56,0),"") | R56: 60 | S56: 60 | T56: 60 | U56: 60 | V56: 60 | W56: 60 | X56: 60 | Y56: 60 | Z56: 60 | AA56: 60 | AB56: 60 | AC56: 60 | AD56: 60 | AE56: 60 | AF56: 60 | AG56: 60 | AH56: 60 | AI56: 60 | AJ56: 60 | AW56: =IF(SUM(R56:AV56)=0,"",SUM(R56:AV56)) | AX56: =IFERROR(AW56*O56/1000,"") | AY56: =IFERROR(ROUND(AW56*P56/10000,3),"") | AZ56: 449.18 | BA56: 29.42 | BB56: 49.09 | BC56: 52.13 | BE56: =AZ56*AW56 | BF56: =BA56*AW56 | BG56: =BB56*AW56 | BH56: =BC56*AW56 | BJ56: {=_xlfn.LET(_xlpm.data,$R56:$AV56,_xlpm.starts,{1,8,16,23},_xlpm.lengths,{7,7,8,9},_xlpm.arr,_xlfn.MAP(_xlpm.starts,_xlpm.lengths,_xlfn.LAMBDA(_xlpm.s,_xlpm.l,SUM(INDEX(_xlpm.data,,_xlfn.SEQUENCE(,_xlpm.l,_xlpm.s))))),ROUND(_xlpm.arr*$O56/1000,2))} | BK56: 25.7 | BL56: 14.69 | BM56: 0 | BN56: =SUM(BJ56:BM56) | BO56: 0 | BP56: 0 | BQ56: 0 | BR56: 0 | BT56: {=_xlfn.HSTACK(SUM(INDEX($R56:$AV56,1,1):INDEX($R56:$AV56,1,7)),SUM(INDEX($R56:$AV56,1,7):INDEX($R56:$AV56,1,13)),SUM(INDEX($R56:$AV56,1,16):INDEX($R56:$AV56,1,23)),SUM(INDEX($R56:$AV56,1,23):INDEX($R56:$AV56,1,31)))} | BU56: 420 | BV56: 240 | BW56: 0 | BY56: =SUM(R56:X56) | BZ56: =SUM(Y56:AE56) | CA56: =SUM(AF56:AM56) | CB56: =SUM(AN56:AV56) | CD56: ADA | CE56: =ROUND(BY56*$O56/1000,2) | CF56: =ROUND(BZ56*$O56/1000,2) | CG56: =ROUND(CA56*$O56/1000,2) | CH56: =ROUND(CB56*$O56/1000,2) | CI56: =SUM(CE56:CH56) | CK56: =IFERROR(ROUND(BY56*$P56,2),"") | CL56: =IFERROR(ROUND(BZ56*$P56,2),"") | CM56: =IFERROR(ROUND(CA56*$P56,2),"") | CN56: =IFERROR(ROUND(CB56*$P56,2),"") | CO56: =SUM(CK56:CN56)
B57: =_xlfn.XLOOKUP(G57,销售需求表!A:A,销售需求表!C:C) | C57: =IFERROR(MID(F57,FIND("R",F57)+1,4),"") | D57: =B57&C57&"寸" | E57: =LEFT(REPLACE(G57,1,2,""),FIND("[",REPLACE(G57,1,2,""))-1)&"-"&MID(REPLACE(G57,1,2,""),FIND("[",REPLACE(G57,1,2,""))+1,FIND("]",REPLACE(G57,1,2,""))-FIND("[",REPLACE(G57,1,2,""))-1) | F57: =IFERROR(MID(G57,3,FIND("(",G57)-3)&"-"&SUBSTITUTE(MID(G57,FIND("[",G57)+1,FIND("]",G57)-FIND("[",G57)-1),"Strong Guard ",""),"") | G57: ID11R24.5-16PR(149/146L)[M-TRAC CSD]MASTERTRACK无内 | H57: 2200 | I57: 2 | J57: =IFERROR(LEFT(F57,FIND("-",F57))&MID(F57,FIND("PR",F57,FIND("-",F57))+3,LEN(F57)),F57) | K57: =_xlfn.XLOOKUP(F57,投产规格!E:E,投产规格!D:D,"未投产") | L57: =IFERROR(_xlfn.XLOOKUP(F57,硫化工艺!B:B,硫化工艺!C:C),"") | M57: =IF(L57="","",L57/(L57+$L$1/60)) | N57: =C57&"全钢" | O57: =IFERROR(_xlfn.XLOOKUP(F57,轮胎重量!J:J,轮胎重量!G:G),"") | P57: =O57*13.9 | Q57: =IFERROR(ROUND(1440/L57*(I57)*M57,0),"") | R57: 60 | S57: 60 | T57: 60 | U57: 60 | V57: 60 | W57: 60 | X57: 60 | Y57: 60 | Z57: 60 | AA57: 60 | AB57: 60 | AC57: 60 | AD57: 60 | AE57: 60 | AF57: 60 | AG57: 60 | AH57: 60 | AI57: 60 | AJ57: 60 | AW57: =IF(SUM(R57:AV57)=0,"",SUM(R57:AV57)) | AX57: =IFERROR(AW57*O57/1000,"") | AY57: =IFERROR(ROUND(AW57*P57/10000,3),"") | AZ57: 449.18 | BA57: 29.42 | BB57: 49.09 | BC57: 52.13 | BE57: =AZ57*AW57 | BF57: =BA57*AW57 | BG57: =BB57*AW57 | BH57: =BC57*AW57 | BJ57: {=_xlfn.LET(_xlpm.data,$R57:$AV57,_xlpm.starts,{1,8,16,23},_xlpm.lengths,{7,7,8,9},_xlpm.arr,_xlfn.MAP(_xlpm.starts,_xlpm.lengths,_xlfn.LAMBDA(_xlpm.s,_xlpm.l,SUM(INDEX(_xlpm.data,,_xlfn.SEQUENCE(,_xlpm.l,_xlpm.s))))),ROUND(_xlpm.arr*$O57/1000,2))} | BK57: 25.7 | BL57: 14.69 | BM57: 0 | BN57: =SUM(BJ57:BM57) | BO57: 0 | BP57: 0 | BQ57: 0 | BR57: 0 | BT57: {=_xlfn.HSTACK(SUM(INDEX($R57:$AV57,1,1):INDEX($R57:$AV57,1,7)),SUM(INDEX($R57:$AV57,1,7):INDEX($R57:$AV57,1,13)),SUM(INDEX($R57:$AV57,1,16):INDEX($R57:$AV57,1,23)),SUM(INDEX($R57:$AV57,1,23):INDEX($R57:$AV57,1,31)))} | BU57: 420 | BV57: 240 | BW57: 0 | BY57: =SUM(R57:X57) | BZ57: =SUM(Y57:AE57) | CA57: =SUM(AF57:AM57) | CB57: =SUM(AN57:AV57) | CD57: ADA | CE57: =ROUND(BY57*$O57/1000,2) | CF57: =ROUND(BZ57*$O57/1000,2) | CG57: =ROUND(CA57*$O57/1000,2) | CH57: =ROUND(CB57*$O57/1000,2) | CI57: =SUM(CE57:CH57) | CK57: =IFERROR(ROUND(BY57*$P57,2),"") | CL57: =IFERROR(ROUND(BZ57*$P57,2),"") | CM57: =IFERROR(ROUND(CA57*$P57,2),"") | CN57: =IFERROR(ROUND(CB57*$P57,2),"") | CO57: =SUM(CK57:CN57)
B58: =_xlfn.XLOOKUP(G58,销售需求表!A:A,销售需求表!C:C) | C58: =IFERROR(MID(F58,FIND("R",F58)+1,4),"") | D58: =B58&C58&"寸" | E58: =LEFT(REPLACE(G58,1,2,""),FIND("[",REPLACE(G58,1,2,""))-1)&"-"&MID(REPLACE(G58,1,2,""),FIND("[",REPLACE(G58,1,2,""))+1,FIND("]",REPLACE(G58,1,2,""))-FIND("[",REPLACE(G58,1,2,""))-1) | F58: =IFERROR(MID(G58,3,FIND("(",G58)-3)&"-"&SUBSTITUTE(MID(G58,FIND("[",G58)+1,FIND("]",G58)-FIND("[",G58)-1),"Strong Guard ",""),"") | G58: ID11R24.5-16PR(149/146L)[M-TRAC MS]MASTERTRACK无内 | H58: 350 | J58: =IFERROR(LEFT(F58,FIND("-",F58))&MID(F58,FIND("PR",F58,FIND("-",F58))+3,LEN(F58)),F58) | K58: =_xlfn.XLOOKUP(F58,投产规格!E:E,投产规格!D:D,"未投产") | L58: =IFERROR(_xlfn.XLOOKUP(F58,硫化工艺!B:B,硫化工艺!C:C),"") | M58: =IF(L58="","",L58/(L58+$L$1/60)) | N58: =C58&"全钢" | O58: =IFERROR(_xlfn.XLOOKUP(F58,轮胎重量!J:J,轮胎重量!G:G),"") | P58: =O58*13.9 | Q58: =IFERROR(ROUND(1440/L58*(I58)*M58,0),"") | AW58: =IF(SUM(R58:AV58)=0,"",SUM(R58:AV58)) | AX58: =IFERROR(AW58*O58/1000,"") | AY58: =IFERROR(ROUND(AW58*P58/10000,3),"") | AZ58: 449.18 | BA58: 29.42 | BB58: 49.09 | BC58: 52.13 | BE58: =AZ58*AW58 | BF58: =BA58*AW58 | BG58: =BB58*AW58 | BH58: =BC58*AW58 | BJ58: {=_xlfn.LET(_xlpm.data,$R58:$AV58,_xlpm.starts,{1,8,16,23},_xlpm.lengths,{7,7,8,9},_xlpm.arr,_xlfn.MAP(_xlpm.starts,_xlpm.lengths,_xlfn.LAMBDA(_xlpm.s,_xlpm.l,SUM(INDEX(_xlpm.data,,_xlfn.SEQUENCE(,_xlpm.l,_xlpm.s))))),ROUND(_xlpm.arr*$O58/1000,2))} | BK58: 0 | BL58: 0 | BM58: 0 | BN58: =SUM(BJ58:BM58) | BO58: 0 | BP58: 0 | BQ58: 0 | BR58: 0 | BT58: {=_xlfn.HSTACK(SUM(INDEX($R58:$AV58,1,1):INDEX($R58:$AV58,1,7)),SUM(INDEX($R58:$AV58,1,7):INDEX($R58:$AV58,1,13)),SUM(INDEX($R58:$AV58,1,16):INDEX($R58:$AV58,1,23)),SUM(INDEX($R58:$AV58,1,23):INDEX($R58:$AV58,1,31)))} | BU58: 0 | BV58: 0 | BW58: 0 | BY58: =SUM(R58:X58) | BZ58: =SUM(Y58:AE58) | CA58: =SUM(AF58:AM58) | CB58: =SUM(AN58:AV58) | CD58: ADA | CE58: =ROUND(BY58*$O58/1000,2) | CF58: =ROUND(BZ58*$O58/1000,2) | CG58: =ROUND(CA58*$O58/1000,2) | CH58: =ROUND(CB58*$O58/1000,2) | CI58: =SUM(CE58:CH58) | CK58: =IFERROR(ROUND(BY58*$P58,2),"") | CL58: =IFERROR(ROUND(BZ58*$P58,2),"") | CM58: =IFERROR(ROUND(CA58*$P58,2),"") | CN58: =IFERROR(ROUND(CB58*$P58,2),"") | CO58: =SUM(CK58:CN58)
B59: =_xlfn.XLOOKUP(G59,销售需求表!A:A,销售需求表!C:C) | C59: =IFERROR(MID(F59,FIND("R",F59)+1,4),"") | D59: =B59&C59&"寸" | E59: =LEFT(REPLACE(G59,1,2,""),FIND("[",REPLACE(G59,1,2,""))-1)&"-"&MID(REPLACE(G59,1,2,""),FIND("[",REPLACE(G59,1,2,""))+1,FIND("]",REPLACE(G59,1,2,""))-FIND("[",REPLACE(G59,1,2,""))-1) | F59: =IFERROR(MID(G59,3,FIND("(",G59)-3)&"-"&SUBSTITUTE(MID(G59,FIND("[",G59)+1,FIND("]",G59)-FIND("[",G59)-1),"Strong Guard ",""),"") | G59: ID11R24.5-16PR(149/146L)[M-TRAC MST]MASTERTRACK无内 | H59: 150 | J59: =IFERROR(LEFT(F59,FIND("-",F59))&MID(F59,FIND("PR",F59,FIND("-",F59))+3,LEN(F59)),F59) | K59: =_xlfn.XLOOKUP(F59,投产规格!E:E,投产规格!D:D,"未投产") | L59: =IFERROR(_xlfn.XLOOKUP(F59,硫化工艺!B:B,硫化工艺!C:C),"") | M59: =IF(L59="","",L59/(L59+$L$1/60)) | N59: =C59&"全钢" | O59: =IFERROR(_xlfn.XLOOKUP(F59,轮胎重量!J:J,轮胎重量!G:G),"") | P59: =O59*13.9 | Q59: =IFERROR(ROUND(1440/L59*(I59)*M59,0),"") | AW59: =IF(SUM(R59:AV59)=0,"",SUM(R59:AV59)) | AX59: =IFERROR(AW59*O59/1000,"") | AY59: =IFERROR(ROUND(AW59*P59/10000,3),"") | AZ59: 449.18 | BA59: 29.42 | BB59: 49.09 | BC59: 52.13 | BE59: =AZ59*AW59 | BF59: =BA59*AW59 | BG59: =BB59*AW59 | BH59: =BC59*AW59 | BJ59: {=_xlfn.LET(_xlpm.data,$R59:$AV59,_xlpm.starts,{1,8,16,23},_xlpm.lengths,{7,7,8,9},_xlpm.arr,_xlfn.MAP(_xlpm.starts,_xlpm.lengths,_xlfn.LAMBDA(_xlpm.s,_xlpm.l,SUM(INDEX(_xlpm.data,,_xlfn.SEQUENCE(,_xlpm.l,_xlpm.s))))),ROUND(_xlpm.arr*$O59/1000,2))} | BK59: 0 | BL59: 0 | BM59: 0 | BN59: =SUM(BJ59:BM59) | BO59: 0 | BP59: 0 | BQ59: 0 | BR59: 0 | BT59: {=_xlfn.HSTACK(SUM(INDEX($R59:$AV59,1,1):INDEX($R59:$AV59,1,7)),SUM(INDEX($R59:$AV59,1,7):INDEX($R59:$AV59,1,13)),SUM(INDEX($R59:$AV59,1,16):INDEX($R59:$AV59,1,23)),SUM(INDEX($R59:$AV59,1,23):INDEX($R59:$AV59,1,31)))} | BU59: 0 | BV59: 0 | BW59: 0 | BY59: =SUM(R59:X59) | BZ59: =SUM(Y59:AE59) | CA59: =SUM(AF59:AM59) | CB59: =SUM(AN59:AV59) | CD59: ADA | CE59: =ROUND(BY59*$O59/1000,2) | CF59: =ROUND(BZ59*$O59/1000,2) | CG59: =ROUND(CA59*$O59/1000,2) | CH59: =ROUND(CB59*$O59/1000,2) | CI59: =SUM(CE59:CH59) | CK59: =IFERROR(ROUND(BY59*$P59,2),"") | CL59: =IFERROR(ROUND(BZ59*$P59,2),"") | CM59: =IFERROR(ROUND(CA59*$P59,2),"") | CN59: =IFERROR(ROUND(CB59*$P59,2),"") | CO59: =SUM(CK59:CN59)
B60: =_xlfn.XLOOKUP(G60,销售需求表!A:A,销售需求表!C:C) | C60: =IFERROR(MID(F60,FIND("R",F60)+1,4),"") | D60: =B60&C60&"寸" | E60: =LEFT(REPLACE(G60,1,2,""),FIND("[",REPLACE(G60,1,2,""))-1)&"-"&MID(REPLACE(G60,1,2,""),FIND("[",REPLACE(G60,1,2,""))+1,FIND("]",REPLACE(G60,1,2,""))-FIND("[",REPLACE(G60,1,2,""))-1) | F60: =IFERROR(MID(G60,3,FIND("(",G60)-3)&"-"&SUBSTITUTE(MID(G60,FIND("[",G60)+1,FIND("]",G60)-FIND("[",G60)-1),"Strong Guard ",""),"") | G60: ID11R24.5-16PR(149/146L)[M-TRAC OSD]MASTERTRACK无内 | H60: 1200 | I60: 2 | J60: =IFERROR(LEFT(F60,FIND("-",F60))&MID(F60,FIND("PR",F60,FIND("-",F60))+3,LEN(F60)),F60) | K60: =_xlfn.XLOOKUP(F60,投产规格!E:E,投产规格!D:D,"未投产") | L60: =IFERROR(_xlfn.XLOOKUP(F60,硫化工艺!B:B,硫化工艺!C:C),"") | M60: =IF(L60="","",L60/(L60+$L$1/60)) | N60: =C60&"全钢" | O60: =IFERROR(_xlfn.XLOOKUP(F60,轮胎重量!J:J,轮胎重量!G:G),"") | P60: =O60*13.9 | Q60: =IFERROR(ROUND(1440/L60*(I60)*M60,0),"") | R60: 58 | S60: 58 | T60: 58 | U60: 58 | V60: 58 | W60: 58 | X60: 58 | Y60: 58 | Z60: 58 | AA60: 58 | AB60: 58 | AC60: 58 | AD60: 58 | AE60: 58 | AF60: 58 | AG60: 58 | AH60: 58 | AI60: 58 | AJ60: 58 | AW60: =IF(SUM(R60:AV60)=0,"",SUM(R60:AV60)) | AX60: =IFERROR(AW60*O60/1000,"") | AY60: =IFERROR(ROUND(AW60*P60/10000,3),"") | AZ60: 449.18 | BA60: 29.42 | BB60: 49.09 | BC60: 52.13 | BE60: =AZ60*AW60 | BF60: =BA60*AW60 | BG60: =BB60*AW60 | BH60: =BC60*AW60 | BJ60: {=_xlfn.LET(_xlpm.data,$R60:$AV60,_xlpm.starts,{1,8,16,23},_xlpm.lengths,{7,7,8,9},_xlpm.arr,_xlfn.MAP(_xlpm.starts,_xlpm.lengths,_xlfn.LAMBDA(_xlpm.s,_xlpm.l,SUM(INDEX(_xlpm.data,,_xlfn.SEQUENCE(,_xlpm.l,_xlpm.s))))),ROUND(_xlpm.arr*$O60/1000,2))} | BK60: 24.85 | BL60: 14.2 | BM60: 0 | BN60: =SUM(BJ60:BM60) | BO60: 0 | BP60: 0 | BQ60: 0 | BR60: 0 | BT60: {=_xlfn.HSTACK(SUM(INDEX($R60:$AV60,1,1):INDEX($R60:$AV60,1,7)),SUM(INDEX($R60:$AV60,1,7):INDEX($R60:$AV60,1,13)),SUM(INDEX($R60:$AV60,1,16):INDEX($R60:$AV60,1,23)),SUM(INDEX($R60:$AV60,1,23):INDEX($R60:$AV60,1,31)))} | BU60: 406 | BV60: 232 | BW60: 0 | BY60: =SUM(R60:X60) | BZ60: =SUM(Y60:AE60) | CA60: =SUM(AF60:AM60) | CB60: =SUM(AN60:AV60) | CD60: ADA | CE60: =ROUND(BY60*$O60/1000,2) | CF60: =ROUND(BZ60*$O60/1000,2) | CG60: =ROUND(CA60*$O60/1000,2) | CH60: =ROUND(CB60*$O60/1000,2) | CI60: =SUM(CE60:CH60) | CK60: =IFERROR(ROUND(BY60*$P60,2),"") | CL60: =IFERROR(ROUND(BZ60*$P60,2),"") | CM60: =IFERROR(ROUND(CA60*$P60,2),"") | CN60: =IFERROR(ROUND(CB60*$P60,2),"") | CO60: =SUM(CK60:CN60)
B61: =_xlfn.XLOOKUP(G61,销售需求表!A:A,销售需求表!C:C) | C61: =IFERROR(MID(F61,FIND("R",F61)+1,4),"") | D61: =B61&C61&"寸" | E61: =LEFT(REPLACE(G61,1,2,""),FIND("[",REPLACE(G61,1,2,""))-1)&"-"&MID(REPLACE(G61,1,2,""),FIND("[",REPLACE(G61,1,2,""))+1,FIND("]",REPLACE(G61,1,2,""))-FIND("[",REPLACE(G61,1,2,""))-1) | F61: =IFERROR(MID(G61,3,FIND("(",G61)-3)&"-"&SUBSTITUTE(MID(G61,FIND("[",G61)+1,FIND("]",G61)-FIND("[",G61)-1),"Strong Guard ",""),"") | G61: ID11R24.5-16PR(149/146M)[I-19A]IRONMAN无内 SMARTWAY | H61: 680 | I61: 4 | J61: =IFERROR(LEFT(F61,FIND("-",F61))&MID(F61,FIND("PR",F61,FIND("-",F61))+3,LEN(F61)),F61) | K61: =_xlfn.XLOOKUP(F61,投产规格!E:E,投产规格!D:D,"未投产") | L61: =IFERROR(_xlfn.XLOOKUP(F61,硫化工艺!B:B,硫化工艺!C:C),"") | M61: =IF(L61="","",L61/(L61+$L$1/60)) | N61: =C61&"全钢" | O61: =IFERROR(_xlfn.XLOOKUP(F61,轮胎重量!J:J,轮胎重量!G:G),"") | P61: =IFERROR(_xlfn.XLOOKUP(G61,硫化工艺!I:I,硫化工艺!J:J),"") | Q61: =IFERROR(ROUND(1440/L61*(I61)*M61,0),"") | R61: 130 | S61: 130 | T61: 130 | U61: 130 | V61: 130 | AW61: =IF(SUM(R61:AV61)=0,"",SUM(R61:AV61)) | AX61: =IFERROR(AW61*O61/1000,"") | AY61: =IFERROR(ROUND(AW61*P61/10000,3),"") | AZ61: 449.18 | BA61: 29.42 | BB61: 49.09 | BC61: 52.13 | BE61: =AZ61*AW61 | BF61: =BA61*AW61 | BG61: =BB61*AW61 | BH61: =BC61*AW61 | BJ61: {=_xlfn.LET(_xlpm.data,$R61:$AV61,_xlpm.starts,{1,8,16,23},_xlpm.lengths,{7,7,8,9},_xlpm.arr,_xlfn.MAP(_xlpm.starts,_xlpm.lengths,_xlfn.LAMBDA(_xlpm.s,_xlpm.l,SUM(INDEX(_xlpm.data,,_xlfn.SEQUENCE(,_xlpm.l,_xlpm.s))))),ROUND(_xlpm.arr*$O61/1000,2))} | BK61: 0 | BL61: 0 | BM61: 0 | BN61: =SUM(BJ61:BM61) | BO61: 0 | BP61: 0 | BQ61: 0 | BR61: 0 | BT61: {=_xlfn.HSTACK(SUM(INDEX($R61:$AV61,1,1):INDEX($R61:$AV61,1,7)),SUM(INDEX($R61:$AV61,1,7):INDEX($R61:$AV61,1,13)),SUM(INDEX($R61:$AV61,1,16):INDEX($R61:$AV61,1,23)),SUM(INDEX($R61:$AV61,1,23):INDEX($R61:$AV61,1,31)))} | BU61: 0 | BV61: 0 | BW61: 0 | BY61: =SUM(R61:X61) | BZ61: =SUM(Y61:AE61) | CA61: =SUM(AF61:AM61) | CB61: =SUM(AN61:AV61) | CD61: ADA | CE61: =ROUND(BY61*$O61/1000,2) | CF61: =ROUND(BZ61*$O61/1000,2) | CG61: =ROUND(CA61*$O61/1000,2) | CH61: =ROUND(CB61*$O61/1000,2) | CI61: =SUM(CE61:CH61) | CK61: =IFERROR(ROUND(BY61*$P61,2),"") | CL61: =IFERROR(ROUND(BZ61*$P61,2),"") | CM61: =IFERROR(ROUND(CA61*$P61,2),"") | CN61: =IFERROR(ROUND(CB61*$P61,2),"") | CO61: =SUM(CK61:CN61)
B62: =_xlfn.XLOOKUP(G62,销售需求表!A:A,销售需求表!C:C) | C62: =IFERROR(MID(F62,FIND("R",F62)+1,4),"") | D62: =B62&C62&"寸" | E62: =LEFT(REPLACE(G62,1,2,""),FIND("[",REPLACE(G62,1,2,""))-1)&"-"&MID(REPLACE(G62,1,2,""),FIND("[",REPLACE(G62,1,2,""))+1,FIND("]",REPLACE(G62,1,2,""))-FIND("[",REPLACE(G62,1,2,""))-1) | F62: =IFERROR(MID(G62,3,FIND("(",G62)-3)&"-"&SUBSTITUTE(MID(G62,FIND("[",G62)+1,FIND("]",G62)-FIND("[",G62)-1),"Strong Guard ",""),"") | G62: ID11R24.5-16PR(149/146L)[VD998]VITOUR无内 | H62: 500 | I62: 2 | J62: =IFERROR(LEFT(F62,FIND("-",F62))&MID(F62,FIND("PR",F62,FIND("-",F62))+3,LEN(F62)),F62) | K62: =_xlfn.XLOOKUP(F62,投产规格!E:E,投产规格!D:D,"未投产") | L62: =IFERROR(_xlfn.XLOOKUP(F62,硫化工艺!B:B,硫化工艺!C:C),"") | M62: =IF(L62="","",L62/(L62+$L$1/60)) | N62: =C62&"全钢" | O62: =IFERROR(_xlfn.XLOOKUP(F62,轮胎重量!J:J,轮胎重量!G:G),"") | P62: =IFERROR(_xlfn.XLOOKUP(G62,硫化工艺!I:I,硫化工艺!J:J),"") | Q62: =IFERROR(ROUND(1440/L62*(I62)*M62,0),"") | R62: 56 | S62: 56 | T62: 56 | U62: 56 | V62: 56 | W62: 56 | X62: 56 | Y62: 56 | Z62: 56 | AW62: =IF(SUM(R62:AV62)=0,"",SUM(R62:AV62)) | AX62: =IFERROR(AW62*O62/1000,"") | AY62: =IFERROR(ROUND(AW62*P62/10000,3),"") | AZ62: 449.18 | BA62: 29.42 | BB62: 49.09 | BC62: 52.13 | BE62: =AZ62*AW62 | BF62: =BA62*AW62 | BG62: =BB62*AW62 | BH62: =BC62*AW62 | BJ62: {=_xlfn.LET(_xlpm.data,$R62:$AV62,_xlpm.starts,{1,8,16,23},_xlpm.lengths,{7,7,8,9},_xlpm.arr,_xlfn.MAP(_xlpm.starts,_xlpm.lengths,_xlfn.LAMBDA(_xlpm.s,_xlpm.l,SUM(INDEX(_xlpm.data,,_xlfn.SEQUENCE(,_xlpm.l,_xlpm.s))))),ROUND(_xlpm.arr*$O62/1000,2))} | BK62: 7.43 | BL62: 0 | BM62: 0 | BN62: =SUM(BJ62:BM62) | BO62: 0 | BP62: 0 | BQ62: 0 | BR62: 0 | BT62: {=_xlfn.HSTACK(SUM(INDEX($R62:$AV62,1,1):INDEX($R62:$AV62,1,7)),SUM(INDEX($R62:$AV62,1,7):INDEX($R62:$AV62,1,13)),SUM(INDEX($R62:$AV62,1,16):INDEX($R62:$AV62,1,23)),SUM(INDEX($R62:$AV62,1,23):INDEX($R62:$AV62,1,31)))} | BU62: 168 | BV62: 0 | BW62: 0 | BY62: =SUM(R62:X62) | BZ62: =SUM(Y62:AE62) | CA62: =SUM(AF62:AM62) | CB62: =SUM(AN62:AV62) | CD62: ADA | CE62: =ROUND(BY62*$O62/1000,2) | CF62: =ROUND(BZ62*$O62/1000,2) | CG62: =ROUND(CA62*$O62/1000,2) | CH62: =ROUND(CB62*$O62/1000,2) | CI62: =SUM(CE62:CH62) | CK62: =IFERROR(ROUND(BY62*$P62,2),"") | CL62: =IFERROR(ROUND(BZ62*$P62,2),"") | CM62: =IFERROR(ROUND(CA62*$P62,2),"") | CN62: =IFERROR(ROUND(CB62*$P62,2),"") | CO62: =SUM(CK62:CN62)
B63: =_xlfn.XLOOKUP(G63,销售需求表!A:A,销售需求表!C:C) | C63: =IFERROR(MID(F63,FIND("R",F63)+1,4),"") | D63: =B63&C63&"寸" | E63: =LEFT(REPLACE(G63,1,2,""),FIND("[",REPLACE(G63,1,2,""))-1)&"-"&MID(REPLACE(G63,1,2,""),FIND("[",REPLACE(G63,1,2,""))+1,FIND("]",REPLACE(G63,1,2,""))-FIND("[",REPLACE(G63,1,2,""))-1) | F63: =IFERROR(MID(G63,3,FIND("(",G63)-3)&"-"&SUBSTITUTE(MID(G63,FIND("[",G63)+1,FIND("]",G63)-FIND("[",G63)-1),"Strong Guard ",""),"") | G63: ID11R24.5-16PR(149/146M)[VA996]VITOUR无内 | H63: 800 | J63: =IFERROR(LEFT(F63,FIND("-",F63))&MID(F63,FIND("PR",F63,FIND("-",F63))+3,LEN(F63)),F63) | K63: =_xlfn.XLOOKUP(F63,投产规格!E:E,投产规格!D:D,"未投产") | L63: =IFERROR(_xlfn.XLOOKUP(F63,硫化工艺!B:B,硫化工艺!C:C),"") | M63: =IF(L63="","",L63/(L63+$L$1/60)) | N63: =C63&"全钢" | O63: =IFERROR(_xlfn.XLOOKUP(F63,轮胎重量!J:J,轮胎重量!G:G),"") | P63: =IFERROR(_xlfn.XLOOKUP(G63,硫化工艺!I:I,硫化工艺!J:J),"") | Q63: =IFERROR(ROUND(1440/L63*(I63)*M63,0),"") | AA63: 56 | AB63: 56 | AC63: 56 | AD63: 56 | AE63: 56 | AF63: 56 | AG63: 56 | AH63: 56 | AI63: 56 | AJ63: 56 | AW63: =IF(SUM(R63:AV63)=0,"",SUM(R63:AV63)) | AX63: =IFERROR(AW63*O63/1000,"") | AY63: =IFERROR(ROUND(AW63*P63/10000,3),"") | AZ63: 449.18 | BA63: 29.42 | BB63: 49.09 | BC63: 52.13 | BE63: =AZ63*AW63 | BF63: =BA63*AW63 | BG63: =BB63*AW63 | BH63: =BC63*AW63 | BJ63: {=_xlfn.LET(_xlpm.data,$R63:$AV63,_xlpm.starts,{1,8,16,23},_xlpm.lengths,{7,7,8,9},_xlpm.arr,_xlfn.MAP(_xlpm.starts,_xlpm.lengths,_xlfn.LAMBDA(_xlpm.s,_xlpm.l,SUM(INDEX(_xlpm.data,,_xlfn.SEQUENCE(,_xlpm.l,_xlpm.s))))),ROUND(_xlpm.arr*$O63/1000,2))} | BK63: 16.8 | BL63: 13.44 | BM63: 0 | BN63: =SUM(BJ63:BM63) | BO63: 0 | BP63: 0 | BQ63: 0 | BR63: 0 | BT63: {=_xlfn.HSTACK(SUM(INDEX($R63:$AV63,1,1):INDEX($R63:$AV63,1,7)),SUM(INDEX($R63:$AV63,1,7):INDEX($R63:$AV63,1,13)),SUM(INDEX($R63:$AV63,1,16):INDEX($R63:$AV63,1,23)),SUM(INDEX($R63:$AV63,1,23):INDEX($R63:$AV63,1,31)))} | BU63: 224 | BV63: 224 | BW63: 0 | BY63: =SUM(R63:X63) | BZ63: =SUM(Y63:AE63) | CA63: =SUM(AF63:AM63) | CB63: =SUM(AN63:AV63) | CD63: ADA | CE63: =ROUND(BY63*$O63/1000,2) | CF63: =ROUND(BZ63*$O63/1000,2) | CG63: =ROUND(CA63*$O63/1000,2) | CH63: =ROUND(CB63*$O63/1000,2) | CI63: =SUM(CE63:CH63) | CK63: =IFERROR(ROUND(BY63*$P63,2),"") | CL63: =IFERROR(ROUND(BZ63*$P63,2),"") | CM63: =IFERROR(ROUND(CA63*$P63,2),"") | CN63: =IFERROR(ROUND(CB63*$P63,2),"") | CO63: =SUM(CK63:CN63)
B64: =_xlfn.XLOOKUP(G64,销售需求表!A:A,销售需求表!C:C) | C64: =IFERROR(MID(F64,FIND("R",F64)+1,4),"") | D64: =B64&C64&"寸" | E64: =LEFT(REPLACE(G64,1,2,""),FIND("[",REPLACE(G64,1,2,""))-1)&"-"&MID(REPLACE(G64,1,2,""),FIND("[",REPLACE(G64,1,2,""))+1,FIND("]",REPLACE(G64,1,2,""))-FIND("[",REPLACE(G64,1,2,""))-1) | F64: =IFERROR(MID(G64,3,FIND("(",G64)-3)&"-"&SUBSTITUTE(MID(G64,FIND("[",G64)+1,FIND("]",G64)-FIND("[",G64)-1),"Strong Guard ",""),"") | G64: ID11R24.5-16PR(149/146L)[VA991]VITOUR无内 | H64: 300 | J64: =IFERROR(LEFT(F64,FIND("-",F64))&MID(F64,FIND("PR",F64,FIND("-",F64))+3,LEN(F64)),F64) | K64: =_xlfn.XLOOKUP(F64,投产规格!E:E,投产规格!D:D,"未投产") | L64: =IFERROR(_xlfn.XLOOKUP(F64,硫化工艺!B:B,硫化工艺!C:C),"") | M64: =IF(L64="","",L64/(L64+$L$1/60)) | N64: =C64&"全钢" | O64: =IFERROR(_xlfn.XLOOKUP(F64,轮胎重量!J:J,轮胎重量!G:G),"") | P64: =IFERROR(_xlfn.XLOOKUP(G64,硫化工艺!I:I,硫化工艺!J:J),"") | Q64: =IFERROR(ROUND(1440/L64*(I64)*M64,0),"") | AW64: =IF(SUM(R64:AV64)=0,"",SUM(R64:AV64)) | AX64: =IFERROR(AW64*O64/1000,"") | AY64: =IFERROR(ROUND(AW64*P64/10000,3),"") | AZ64: 449.18 | BA64: 29.42 | BB64: 49.09 | BC64: 52.13 | BE64: =AZ64*AW64 | BF64: =BA64*AW64 | BG64: =BB64*AW64 | BH64: =BC64*AW64 | BJ64: {=_xlfn.LET(_xlpm.data,$R64:$AV64,_xlpm.starts,{1,8,16,23},_xlpm.lengths,{7,7,8,9},_xlpm.arr,_xlfn.MAP(_xlpm.starts,_xlpm.lengths,_xlfn.LAMBDA(_xlpm.s,_xlpm.l,SUM(INDEX(_xlpm.data,,_xlfn.SEQUENCE(,_xlpm.l,_xlpm.s))))),ROUND(_xlpm.arr*$O64/1000,2))} | BK64: 0 | BL64: 0 | BM64: 0 | BN64: =SUM(BJ64:BM64) | BO64: 0 | BP64: 0 | BQ64: 0 | BR64: 0 | BT64: {=_xlfn.HSTACK(SUM(INDEX($R64:$AV64,1,1):INDEX($R64:$AV64,1,7)),SUM(INDEX($R64:$AV64,1,7):INDEX($R64:$AV64,1,13)),SUM(INDEX($R64:$AV64,1,16):INDEX($R64:$AV64,1,23)),SUM(INDEX($R64:$AV64,1,23):INDEX($R64:$AV64,1,31)))} | BU64: 0 | BV64: 0 | BW64: 0 | BY64: =SUM(R64:X64) | BZ64: =SUM(Y64:AE64) | CA64: =SUM(AF64:AM64) | CB64: =SUM(AN64:AV64) | CD64: ADA | CE64: =ROUND(BY64*$O64/1000,2) | CF64: =ROUND(BZ64*$O64/1000,2) | CG64: =ROUND(CA64*$O64/1000,2) | CH64: =ROUND(CB64*$O64/1000,2) | CI64: =SUM(CE64:CH64) | CK64: =IFERROR(ROUND(BY64*$P64,2),"") | CL64: =IFERROR(ROUND(BZ64*$P64,2),"") | CM64: =IFERROR(ROUND(CA64*$P64,2),"") | CN64: =IFERROR(ROUND(CB64*$P64,2),"") | CO64: =SUM(CK64:CN64)
B65: =_xlfn.XLOOKUP(G65,销售需求表!A:A,销售需求表!C:C) | C65: =IFERROR(MID(F65,FIND("R",F65)+1,4),"") | D65: =B65&C65&"寸" | E65: =LEFT(REPLACE(G65,1,2,""),FIND("[",REPLACE(G65,1,2,""))-1)&"-"&MID(REPLACE(G65,1,2,""),FIND("[",REPLACE(G65,1,2,""))+1,FIND("]",REPLACE(G65,1,2,""))-FIND("[",REPLACE(G65,1,2,""))-1) | F65: =IFERROR(MID(G65,3,FIND("(",G65)-3)&"-"&SUBSTITUTE(MID(G65,FIND("[",G65)+1,FIND("]",G65)-FIND("[",G65)-1),"Strong Guard ",""),"") | G65: ID285/75R24.5-14PR(144/141L)[HD1 Plus]SUPERMAX无内 | H65: 200 | J65: =IFERROR(LEFT(F65,FIND("-",F65))&MID(F65,FIND("PR",F65,FIND("-",F65))+3,LEN(F65)),F65) | K65: =_xlfn.XLOOKUP(F65,投产规格!E:E,投产规格!D:D,"未投产") | L65: =IFERROR(_xlfn.XLOOKUP(F65,硫化工艺!B:B,硫化工艺!C:C),"") | M65: =IF(L65="","",L65/(L65+$L$1/60)) | N65: =C65&"全钢" | O65: =IFERROR(_xlfn.XLOOKUP(F65,轮胎重量!J:J,轮胎重量!G:G),"") | P65: =IFERROR(_xlfn.XLOOKUP(G65,硫化工艺!I:I,硫化工艺!J:J),"") | Q65: =IFERROR(ROUND(1440/L65*(I65)*M65,0),"") | AW65: =IF(SUM(R65:AV65)=0,"",SUM(R65:AV65)) | AX65: =IFERROR(AW65*O65/1000,"") | AY65: =IFERROR(ROUND(AW65*P65/10000,3),"") | AZ65: 449.18 | BA65: 29.42 | BB65: 49.09 | BC65: 52.13 | BE65: =AZ65*AW65 | BF65: =BA65*AW65 | BG65: =BB65*AW65 | BH65: =BC65*AW65 | BJ65: {=_xlfn.LET(_xlpm.data,$R65:$AV65,_xlpm.starts,{1,8,16,23},_xlpm.lengths,{7,7,8,9},_xlpm.arr,_xlfn.MAP(_xlpm.starts,_xlpm.lengths,_xlfn.LAMBDA(_xlpm.s,_xlpm.l,SUM(INDEX(_xlpm.data,,_xlfn.SEQUENCE(,_xlpm.l,_xlpm.s))))),ROUND(_xlpm.arr*$O65/1000,2))} | BK65: 0 | BL65: 0 | BM65: 0 | BN65: =SUM(BJ65:BM65) | BO65: 0 | BP65: 0 | BQ65: 0 | BR65: 0 | BT65: {=_xlfn.HSTACK(SUM(INDEX($R65:$AV65,1,1):INDEX($R65:$AV65,1,7)),SUM(INDEX($R65:$AV65,1,7):INDEX($R65:$AV65,1,13)),SUM(INDEX($R65:$AV65,1,16):INDEX($R65:$AV65,1,23)),SUM(INDEX($R65:$AV65,1,23):INDEX($R65:$AV65,1,31)))} | BU65: 0 | BV65: 0 | BW65: 0 | BY65: =SUM(R65:X65) | BZ65: =SUM(Y65:AE65) | CA65: =SUM(AF65:AM65) | CB65: =SUM(AN65:AV65) | CD65: ADA | CE65: =ROUND(BY65*$O65/1000,2) | CF65: =ROUND(BZ65*$O65/1000,2) | CG65: =ROUND(CA65*$O65/1000,2) | CH65: =ROUND(CB65*$O65/1000,2) | CI65: =SUM(CE65:CH65) | CK65: =IFERROR(ROUND(BY65*$P65,2),"") | CL65: =IFERROR(ROUND(BZ65*$P65,2),"") | CM65: =IFERROR(ROUND(CA65*$P65,2),"") | CN65: =IFERROR(ROUND(CB65*$P65,2),"") | CO65: =SUM(CK65:CN65)
B66: =_xlfn.XLOOKUP(G66,销售需求表!A:A,销售需求表!C:C) | C66: =IFERROR(MID(F66,FIND("R",F66)+1,4),"") | D66: =B66&C66&"寸" | E66: =LEFT(REPLACE(G66,1,2,""),FIND("[",REPLACE(G66,1,2,""))-1)&"-"&MID(REPLACE(G66,1,2,""),FIND("[",REPLACE(G66,1,2,""))+1,FIND("]",REPLACE(G66,1,2,""))-FIND("[",REPLACE(G66,1,2,""))-1) | F66: =IFERROR(MID(G66,3,FIND("(",G66)-3)&"-"&SUBSTITUTE(MID(G66,FIND("[",G66)+1,FIND("]",G66)-FIND("[",G66)-1),"Strong Guard ",""),"") | G66: ID285/75R24.5-14PR(144/141L)[HF1 Plus]SUPERMAX无内 | H66: 300 | J66: =IFERROR(LEFT(F66,FIND("-",F66))&MID(F66,FIND("PR",F66,FIND("-",F66))+3,LEN(F66)),F66) | K66: =_xlfn.XLOOKUP(F66,投产规格!E:E,投产规格!D:D,"未投产") | L66: =IFERROR(_xlfn.XLOOKUP(F66,硫化工艺!B:B,硫化工艺!C:C),"") | M66: =IF(L66="","",L66/(L66+$L$1/60)) | N66: =C66&"全钢" | O66: =IFERROR(_xlfn.XLOOKUP(F66,轮胎重量!J:J,轮胎重量!G:G),"") | P66: =IFERROR(_xlfn.XLOOKUP(G66,硫化工艺!I:I,硫化工艺!J:J),"") | Q66: =IFERROR(ROUND(1440/L66*(I66)*M66,0),"") | AW66: =IF(SUM(R66:AV66)=0,"",SUM(R66:AV66)) | AX66: =IFERROR(AW66*O66/1000,"") | AY66: =IFERROR(ROUND(AW66*P66/10000,3),"") | AZ66: 449.18 | BA66: 29.42 | BB66: 49.09 | BC66: 52.13 | BE66: =AZ66*AW66 | BF66: =BA66*AW66 | BG66: =BB66*AW66 | BH66: =BC66*AW66 | BJ66: {=_xlfn.LET(_xlpm.data,$R66:$AV66,_xlpm.starts,{1,8,16,23},_xlpm.lengths,{7,7,8,9},_xlpm.arr,_xlfn.MAP(_xlpm.starts,_xlpm.lengths,_xlfn.LAMBDA(_xlpm.s,_xlpm.l,SUM(INDEX(_xlpm.data,,_xlfn.SEQUENCE(,_xlpm.l,_xlpm.s))))),ROUND(_xlpm.arr*$O66/1000,2))} | BK66: 0 | BL66: 0 | BM66: 0 | BN66: =SUM(BJ66:BM66) | BO66: 22.41 | BP66: 22.41 | BQ66: 25.62 | BR66: 28.82 | BT66: {=_xlfn.HSTACK(SUM(INDEX($R66:$AV66,1,1):INDEX($R66:$AV66,1,7)),SUM(INDEX($R66:$AV66,1,7):INDEX($R66:$AV66,1,13)),SUM(INDEX($R66:$AV66,1,16):INDEX($R66:$AV66,1,23)),SUM(INDEX($R66:$AV66,1,23):INDEX($R66:$AV66,1,31)))} | BU66: 0 | BV66: 0 | BW66: 0 | BY66: =SUM(R66:X66) | BZ66: =SUM(Y66:AE66) | CA66: =SUM(AF66:AM66) | CB66: =SUM(AN66:AV66) | CD66: ADA | CE66: =ROUND(BY66*$O66/1000,2) | CF66: =ROUND(BZ66*$O66/1000,2) | CG66: =ROUND(CA66*$O66/1000,2) | CH66: =ROUND(CB66*$O66/1000,2) | CI66: =SUM(CE66:CH66) | CK66: =IFERROR(ROUND(BY66*$P66,2),"") | CL66: =IFERROR(ROUND(BZ66*$P66,2),"") | CM66: =IFERROR(ROUND(CA66*$P66,2),"") | CN66: =IFERROR(ROUND(CB66*$P66,2),"") | CO66: =SUM(CK66:CN66)
B67: =_xlfn.XLOOKUP(G67,销售需求表!A:A,销售需求表!C:C) | C67: =IFERROR(MID(F67,FIND("R",F67)+1,4),"") | D67: =B67&C67&"寸" | E67: =LEFT(REPLACE(G67,1,2,""),FIND("[",REPLACE(G67,1,2,""))-1)&"-"&MID(REPLACE(G67,1,2,""),FIND("[",REPLACE(G67,1,2,""))+1,FIND("]",REPLACE(G67,1,2,""))-FIND("[",REPLACE(G67,1,2,""))-1) | F67: =IFERROR(MID(G67,3,FIND("(",G67)-3)&"-"&SUBSTITUTE(MID(G67,FIND("[",G67)+1,FIND("]",G67)-FIND("[",G67)-1),"Strong Guard ",""),"") | G67: ID285/75R24.5-14PR(144/141L)[I-28D]IRONMAN无内 SMARTWAY | H67: 1000 | J67: =IFERROR(LEFT(F67,FIND("-",F67))&MID(F67,FIND("PR",F67,FIND("-",F67))+3,LEN(F67)),F67) | K67: =_xlfn.XLOOKUP(F67,投产规格!E:E,投产规格!D:D,"未投产") | L67: =IFERROR(_xlfn.XLOOKUP(F67,硫化工艺!B:B,硫化工艺!C:C),"") | M67: =IF(L67="","",L67/(L67+$L$1/60)) | N67: =C67&"全钢" | O67: =IFERROR(_xlfn.XLOOKUP(F67,轮胎重量!J:J,轮胎重量!G:G),"") | P67: =IFERROR(_xlfn.XLOOKUP(G67,硫化工艺!I:I,硫化工艺!J:J),"") | Q67: =IFERROR(ROUND(1440/L67*(I67)*M67,0),"") | AK67: 60 | AL67: 60 | AM67: 60 | AN67: 60 | AO67: 60 | AP67: 60 | AQ67: 60 | AR67: 60 | AS67: 60 | AT67: 60 | AU67: 60 | AV67: 60 | AW67: =IF(SUM(R67:AV67)=0,"",SUM(R67:AV67)) | AX67: =IFERROR(AW67*O67/1000,"") | AY67: =IFERROR(ROUND(AW67*P67/10000,3),"") | BE67: =AZ67*AW67 | BF67: =BA67*AW67 | BG67: =BB67*AW67 | BH67: =BC67*AW67 | BJ67: {=_xlfn.LET(_xlpm.data,$R67:$AV67,_xlpm.starts,{1,8,16,23},_xlpm.lengths,{7,7,8,9},_xlpm.arr,_xlfn.MAP(_xlpm.starts,_xlpm.lengths,_xlfn.LAMBDA(_xlpm.s,_xlpm.l,SUM(INDEX(_xlpm.data,,_xlfn.SEQUENCE(,_xlpm.l,_xlpm.s))))),ROUND(_xlpm.arr*$O67/1000,2))} | BK67: 0 | BL67: 14.31 | BM67: 32.19 | BN67: =SUM(BJ67:BM67) | BO67: 21.08 | BP67: 21.08 | BQ67: 24.09 | BR67: 27.1 | BT67: {=_xlfn.HSTACK(SUM(INDEX($R67:$AV67,1,1):INDEX($R67:$AV67,1,7)),SUM(INDEX($R67:$AV67,1,7):INDEX($R67:$AV67,1,13)),SUM(INDEX($R67:$AV67,1,16):INDEX($R67:$AV67,1,23)),SUM(INDEX($R67:$AV67,1,23):INDEX($R67:$AV67,1,31)))} | BU67: 0 | BV67: 240 | BW67: 540 | BY67: =SUM(R67:X67) | BZ67: =SUM(Y67:AE67) | CA67: =SUM(AF67:AM67) | CB67: =SUM(AN67:AV67) | CD67: ADA | CE67: =ROUND(BY67*$O67/1000,2) | CF67: =ROUND(BZ67*$O67/1000,2) | CG67: =ROUND(CA67*$O67/1000,2) | CH67: =ROUND(CB67*$O67/1000,2) | CI67: =SUM(CE67:CH67) | CK67: =IFERROR(ROUND(BY67*$P67,2),"") | CL67: =IFERROR(ROUND(BZ67*$P67,2),"") | CM67: =IFERROR(ROUND(CA67*$P67,2),"") | CN67: =IFERROR(ROUND(CB67*$P67,2),"") | CO67: =SUM(CK67:CN67)
B68: =_xlfn.XLOOKUP(G68,销售需求表!A:A,销售需求表!C:C) | C68: =IFERROR(MID(F68,FIND("R",F68)+1,4),"") | D68: =B68&C68&"寸" | E68: =LEFT(REPLACE(G68,1,2,""),FIND("[",REPLACE(G68,1,2,""))-1)&"-"&MID(REPLACE(G68,1,2,""),FIND("[",REPLACE(G68,1,2,""))+1,FIND("]",REPLACE(G68,1,2,""))-FIND("[",REPLACE(G68,1,2,""))-1) | F68: =IFERROR(MID(G68,3,FIND("(",G68)-3)&"-"&SUBSTITUTE(MID(G68,FIND("[",G68)+1,FIND("]",G68)-FIND("[",G68)-1),"Strong Guard ",""),"") | G68: ID285/75R24.5-14PR(144/141L)[I-37D]IRONMAN无内 | H68: 250 | J68: =IFERROR(LEFT(F68,FIND("-",F68))&MID(F68,FIND("PR",F68,FIND("-",F68))+3,LEN(F68)),F68) | K68: =_xlfn.XLOOKUP(F68,投产规格!E:E,投产规格!D:D,"未投产") | L68: =IFERROR(_xlfn.XLOOKUP(F68,硫化工艺!B:B,硫化工艺!C:C),"") | M68: =IF(L68="","",L68/(L68+$L$1/60)) | N68: =C68&"全钢" | O68: =IFERROR(_xlfn.XLOOKUP(F68,轮胎重量!J:J,轮胎重量!G:G),"") | P68: =IFERROR(_xlfn.XLOOKUP(G68,硫化工艺!I:I,硫化工艺!J:J),"") | Q68: =IFERROR(ROUND(1440/L68*(I68)*M68,0),"") | AW68: =IF(SUM(R68:AV68)=0,"",SUM(R68:AV68)) | AX68: =IFERROR(AW68*O68/1000,"") | AY68: =IFERROR(ROUND(AW68*P68/10000,3),"") | BE68: =AZ68*AW68 | BF68: =BA68*AW68 | BG68: =BB68*AW68 | BH68: =BC68*AW68 | BJ68: {=_xlfn.LET(_xlpm.data,$R68:$AV68,_xlpm.starts,{1,8,16,23},_xlpm.lengths,{7,7,8,9},_xlpm.arr,_xlfn.MAP(_xlpm.starts,_xlpm.lengths,_xlfn.LAMBDA(_xlpm.s,_xlpm.l,SUM(INDEX(_xlpm.data,,_xlfn.SEQUENCE(,_xlpm.l,_xlpm.s))))),ROUND(_xlpm.arr*$O68/1000,2))} | BK68: 0 | BL68: 0 | BM68: 0 | BN68: =SUM(BJ68:BM68) | BO68: 0 | BP68: 0 | BQ68: 0 | BR68: 0 | BT68: {=_xlfn.HSTACK(SUM(INDEX($R68:$AV68,1,1):INDEX($R68:$AV68,1,7)),SUM(INDEX($R68:$AV68,1,7):INDEX($R68:$AV68,1,13)),SUM(INDEX($R68:$AV68,1,16):INDEX($R68:$AV68,1,23)),SUM(INDEX($R68:$AV68,1,23):INDEX($R68:$AV68,1,31)))} | BU68: 0 | BV68: 0 | BW68: 0 | BY68: =SUM(R68:X68) | BZ68: =SUM(Y68:AE68) | CA68: =SUM(AF68:AM68) | CB68: =SUM(AN68:AV68) | CD68: ADA | CE68: =ROUND(BY68*$O68/1000,2) | CF68: =ROUND(BZ68*$O68/1000,2) | CG68: =ROUND(CA68*$O68/1000,2) | CH68: =ROUND(CB68*$O68/1000,2) | CI68: =SUM(CE68:CH68) | CK68: =IFERROR(ROUND(BY68*$P68,2),"") | CL68: =IFERROR(ROUND(BZ68*$P68,2),"") | CM68: =IFERROR(ROUND(CA68*$P68,2),"") | CN68: =IFERROR(ROUND(CB68*$P68,2),"") | CO68: =SUM(CK68:CN68)
B69: =_xlfn.XLOOKUP(G69,销售需求表!A:A,销售需求表!C:C) | C69: =IFERROR(MID(F69,FIND("R",F69)+1,4),"") | D69: =B69&C69&"寸" | E69: =LEFT(REPLACE(G69,1,2,""),FIND("[",REPLACE(G69,1,2,""))-1)&"-"&MID(REPLACE(G69,1,2,""),FIND("[",REPLACE(G69,1,2,""))+1,FIND("]",REPLACE(G69,1,2,""))-FIND("[",REPLACE(G69,1,2,""))-1) | F69: =IFERROR(MID(G69,3,FIND("(",G69)-3)&"-"&SUBSTITUTE(MID(G69,FIND("[",G69)+1,FIND("]",G69)-FIND("[",G69)-1),"Strong Guard ",""),"") | G69: ID285/75R24.5-14PR(144/141L)[Strong Guard H-TL]HERCULES无内 | H69: 180 | J69: =IFERROR(LEFT(F69,FIND("-",F69))&MID(F69,FIND("PR",F69,FIND("-",F69))+3,LEN(F69)),F69) | K69: =_xlfn.XLOOKUP(F69,投产规格!E:E,投产规格!D:D,"未投产") | L69: =IFERROR(_xlfn.XLOOKUP(F69,硫化工艺!B:B,硫化工艺!C:C),"") | M69: =IF(L69="","",L69/(L69+$L$1/60)) | N69: =C69&"全钢" | O69: =IFERROR(_xlfn.XLOOKUP(F69,轮胎重量!J:J,轮胎重量!G:G),"") | P69: =IFERROR(_xlfn.XLOOKUP(G69,硫化工艺!I:I,硫化工艺!J:J),"") | Q69: =IFERROR(ROUND(1440/L69*(I69)*M69,0),"") | AW69: =IF(SUM(R69:AV69)=0,"",SUM(R69:AV69)) | AX69: =IFERROR(AW69*O69/1000,"") | AY69: =IFERROR(ROUND(AW69*P69/10000,3),"") | BE69: =AZ69*AW69 | BF69: =BA69*AW69 | BG69: =BB69*AW69 | BH69: =BC69*AW69 | BJ69: {=_xlfn.LET(_xlpm.data,$R69:$AV69,_xlpm.starts,{1,8,16,23},_xlpm.lengths,{7,7,8,9},_xlpm.arr,_xlfn.MAP(_xlpm.starts,_xlpm.lengths,_xlfn.LAMBDA(_xlpm.s,_xlpm.l,SUM(INDEX(_xlpm.data,,_xlfn.SEQUENCE(,_xlpm.l,_xlpm.s))))),ROUND(_xlpm.arr*$O69/1000,2))} | BK69: 0 | BL69: 0 | BM69: 0 | BN69: =SUM(BJ69:BM69) | BO69: 0 | BP69: 0 | BQ69: 0 | BR69: 0 | BT69: {=_xlfn.HSTACK(SUM(INDEX($R69:$AV69,1,1):INDEX($R69:$AV69,1,7)),SUM(INDEX($R69:$AV69,1,7):INDEX($R69:$AV69,1,13)),SUM(INDEX($R69:$AV69,1,16):INDEX($R69:$AV69,1,23)),SUM(INDEX($R69:$AV69,1,23):INDEX($R69:$AV69,1,31)))} | BU69: 0 | BV69: 0 | BW69: 0 | BY69: =SUM(R69:X69) | BZ69: =SUM(Y69:AE69) | CA69: =SUM(AF69:AM69) | CB69: =SUM(AN69:AV69) | CD69: ADA | CE69: =ROUND(BY69*$O69/1000,2) | CF69: =ROUND(BZ69*$O69/1000,2) | CG69: =ROUND(CA69*$O69/1000,2) | CH69: =ROUND(CB69*$O69/1000,2) | CI69: =SUM(CE69:CH69) | CK69: =IFERROR(ROUND(BY69*$P69,2),"") | CL69: =IFERROR(ROUND(BZ69*$P69,2),"") | CM69: =IFERROR(ROUND(CA69*$P69,2),"") | CN69: =IFERROR(ROUND(CB69*$P69,2),"") | CO69: =SUM(CK69:CN69)
B70: =_xlfn.XLOOKUP(G70,销售需求表!A:A,销售需求表!C:C) | C70: =IFERROR(MID(F70,FIND("R",F70)+1,4),"") | D70: =B70&C70&"寸" | E70: =LEFT(REPLACE(G70,1,2,""),FIND("[",REPLACE(G70,1,2,""))-1)&"-"&MID(REPLACE(G70,1,2,""),FIND("[",REPLACE(G70,1,2,""))+1,FIND("]",REPLACE(G70,1,2,""))-FIND("[",REPLACE(G70,1,2,""))-1) | F70: =IFERROR(MID(G70,3,FIND("(",G70)-3)&"-"&SUBSTITUTE(MID(G70,FIND("[",G70)+1,FIND("]",G70)-FIND("[",G70)-1),"Strong Guard ",""),"") | G70: ID285/75R24.5-14PR(144/141M)[I-19A]IRONMAN无内 SMARTWAY | H70: 1100 | J70: =IFERROR(LEFT(F70,FIND("-",F70))&MID(F70,FIND("PR",F70,FIND("-",F70))+3,LEN(F70)),F70) | K70: =_xlfn.XLOOKUP(F70,投产规格!E:E,投产规格!D:D,"未投产") | L70: =IFERROR(_xlfn.XLOOKUP(F70,硫化工艺!B:B,硫化工艺!C:C),"") | M70: =IF(L70="","",L70/(L70+$L$1/60)) | N70: =C70&"全钢" | O70: =IFERROR(_xlfn.XLOOKUP(F70,轮胎重量!J:J,轮胎重量!G:G),"") | P70: =IFERROR(_xlfn.XLOOKUP(G70,硫化工艺!I:I,硫化工艺!J:J),"") | Q70: =IFERROR(ROUND(1440/L70*(I70)*M70,0),"") | AK70: 60 | AL70: 60 | AM70: 60 | AN70: 60 | AO70: 60 | AP70: 60 | AQ70: 60 | AR70: 60 | AS70: 60 | AT70: 60 | AU70: 60 | AV70: 60 | AW70: =IF(SUM(R70:AV70)=0,"",SUM(R70:AV70)) | AX70: =IFERROR(AW70*O70/1000,"") | AY70: =IFERROR(ROUND(AW70*P70/10000,3),"") | BE70: =AZ70*AW70 | BF70: =BA70*AW70 | BG70: =BB70*AW70 | BH70: =BC70*AW70 | BJ70: {=_xlfn.LET(_xlpm.data,$R70:$AV70,_xlpm.starts,{1,8,16,23},_xlpm.lengths,{7,7,8,9},_xlpm.arr,_xlfn.MAP(_xlpm.starts,_xlpm.lengths,_xlfn.LAMBDA(_xlpm.s,_xlpm.l,SUM(INDEX(_xlpm.data,,_xlfn.SEQUENCE(,_xlpm.l,_xlpm.s))))),ROUND(_xlpm.arr*$O70/1000,2))} | BK70: 0 | BL70: 12.55 | BM70: 28.23 | BN70: =SUM(BJ70:BM70) | BO70: 0 | BP70: 0 | BQ70: 0 | BR70: 0 | BT70: {=_xlfn.HSTACK(SUM(INDEX($R70:$AV70,1,1):INDEX($R70:$AV70,1,7)),SUM(INDEX($R70:$AV70,1,7):INDEX($R70:$AV70,1,13)),SUM(INDEX($R70:$AV70,1,16):INDEX($R70:$AV70,1,23)),SUM(INDEX($R70:$AV70,1,23):INDEX($R70:$AV70,1,31)))} | BU70: 0 | BV70: 240 | BW70: 540 | BY70: =SUM(R70:X70) | BZ70: =SUM(Y70:AE70) | CA70: =SUM(AF70:AM70) | CB70: =SUM(AN70:AV70) | CD70: ADA | CE70: =ROUND(BY70*$O70/1000,2) | CF70: =ROUND(BZ70*$O70/1000,2) | CG70: =ROUND(CA70*$O70/1000,2) | CH70: =ROUND(CB70*$O70/1000,2) | CI70: =SUM(CE70:CH70) | CK70: =IFERROR(ROUND(BY70*$P70,2),"") | CL70: =IFERROR(ROUND(BZ70*$P70,2),"") | CM70: =IFERROR(ROUND(CA70*$P70,2),"") | CN70: =IFERROR(ROUND(CB70*$P70,2),"") | CO70: =SUM(CK70:CN70)
B71: =_xlfn.XLOOKUP(G71,销售需求表!A:A,销售需求表!C:C) | C71: =IFERROR(MID(F71,FIND("R",F71)+1,4),"") | D71: =B71&C71&"寸" | E71: =LEFT(REPLACE(G71,1,2,""),FIND("[",REPLACE(G71,1,2,""))-1)&"-"&MID(REPLACE(G71,1,2,""),FIND("[",REPLACE(G71,1,2,""))+1,FIND("]",REPLACE(G71,1,2,""))-FIND("[",REPLACE(G71,1,2,""))-1) | F71: =IFERROR(MID(G71,3,FIND("(",G71)-3)&"-"&SUBSTITUTE(MID(G71,FIND("[",G71)+1,FIND("]",G71)-FIND("[",G71)-1),"Strong Guard ",""),"") | G71: ID285/75R24.5-14PR(144/141M)[I-48T]IRONMAN无内 SMARTWAY | H71: 560 | J71: =IFERROR(LEFT(F71,FIND("-",F71))&MID(F71,FIND("PR",F71,FIND("-",F71))+3,LEN(F71)),F71) | K71: =_xlfn.XLOOKUP(F71,投产规格!E:E,投产规格!D:D,"未投产") | L71: =IFERROR(_xlfn.XLOOKUP(F71,硫化工艺!B:B,硫化工艺!C:C),"") | M71: =IF(L71="","",L71/(L71+$L$1/60)) | N71: =C71&"全钢" | O71: =IFERROR(_xlfn.XLOOKUP(F71,轮胎重量!J:J,轮胎重量!G:G),"") | P71: =IFERROR(_xlfn.XLOOKUP(G71,硫化工艺!I:I,硫化工艺!J:J),"") | Q71: =IFERROR(ROUND(1440/L71*(I71)*M71,0),"") | AW71: =IF(SUM(R71:AV71)=0,"",SUM(R71:AV71)) | AX71: =IFERROR(AW71*O71/1000,"") | AY71: =IFERROR(ROUND(AW71*P71/10000,3),"") | BE71: =AZ71*AW71 | BF71: =BA71*AW71 | BG71: =BB71*AW71 | BH71: =BC71*AW71 | BJ71: {=_xlfn.LET(_xlpm.data,$R71:$AV71,_xlpm.starts,{1,8,16,23},_xlpm.lengths,{7,7,8,9},_xlpm.arr,_xlfn.MAP(_xlpm.starts,_xlpm.lengths,_xlfn.LAMBDA(_xlpm.s,_xlpm.l,SUM(INDEX(_xlpm.data,,_xlfn.SEQUENCE(,_xlpm.l,_xlpm.s))))),ROUND(_xlpm.arr*$O71/1000,2))} | BK71: 0 | BL71: 0 | BM71: 0 | BN71: =SUM(BJ71:BM71) | BO71: 0 | BP71: 0 | BQ71: 0 | BR71: 0 | BT71: {=_xlfn.HSTACK(SUM(INDEX($R71:$AV71,1,1):INDEX($R71:$AV71,1,7)),SUM(INDEX($R71:$AV71,1,7):INDEX($R71:$AV71,1,13)),SUM(INDEX($R71:$AV71,1,16):INDEX($R71:$AV71,1,23)),SUM(INDEX($R71:$AV71,1,23):INDEX($R71:$AV71,1,31)))} | BU71: 0 | BV71: 0 | BW71: 0 | BY71: =SUM(R71:X71) | BZ71: =SUM(Y71:AE71) | CA71: =SUM(AF71:AM71) | CB71: =SUM(AN71:AV71) | CD71: ADA | CE71: =ROUND(BY71*$O71/1000,2) | CF71: =ROUND(BZ71*$O71/1000,2) | CG71: =ROUND(CA71*$O71/1000,2) | CH71: =ROUND(CB71*$O71/1000,2) | CI71: =SUM(CE71:CH71) | CK71: =IFERROR(ROUND(BY71*$P71,2),"") | CL71: =IFERROR(ROUND(BZ71*$P71,2),"") | CM71: =IFERROR(ROUND(CA71*$P71,2),"") | CN71: =IFERROR(ROUND(CB71*$P71,2),"") | CO71: =SUM(CK71:CN71)
B72: =_xlfn.XLOOKUP(G72,销售需求表!A:A,销售需求表!C:C) | C72: =IFERROR(MID(F72,FIND("R",F72)+1,4),"") | D72: =B72&C72&"寸" | E72: =LEFT(REPLACE(G72,1,2,""),FIND("[",REPLACE(G72,1,2,""))-1)&"-"&MID(REPLACE(G72,1,2,""),FIND("[",REPLACE(G72,1,2,""))+1,FIND("]",REPLACE(G72,1,2,""))-FIND("[",REPLACE(G72,1,2,""))-1) | F72: =IFERROR(MID(G72,3,FIND("(",G72)-3)&"-"&SUBSTITUTE(MID(G72,FIND("[",G72)+1,FIND("]",G72)-FIND("[",G72)-1),"Strong Guard ",""),"") | G72: ID285/75R24.5-16PR(147/144L)[M-TRAC AP]MASTERTRACK无内 | H72: 980 | J72: =IFERROR(LEFT(F72,FIND("-",F72))&MID(F72,FIND("PR",F72,FIND("-",F72))+3,LEN(F72)),F72) | K72: =_xlfn.XLOOKUP(F72,投产规格!E:E,投产规格!D:D,"未投产") | L72: =IFERROR(_xlfn.XLOOKUP(F72,硫化工艺!B:B,硫化工艺!C:C),"") | M72: =IF(L72="","",L72/(L72+$L$1/60)) | N72: =C72&"全钢" | O72: =IFERROR(_xlfn.XLOOKUP(F72,轮胎重量!J:J,轮胎重量!G:G),"") | P72: =O72*13.9 | Q72: =IFERROR(ROUND(1440/L72*(I72)*M72,0),"") | AK72: 120 | AL72: 120 | AM72: 120 | AN72: 120 | AO72: 120 | AP72: 120 | AQ72: 120 | AW72: =IF(SUM(R72:AV72)=0,"",SUM(R72:AV72)) | AX72: =IFERROR(AW72*O72/1000,"") | AY72: =IFERROR(ROUND(AW72*P72/10000,3),"") | AZ72: 449.18 | BA72: 29.42 | BB72: 49.09 | BC72: 52.13 | BE72: =AZ72*AW72 | BF72: =BA72*AW72 | BG72: =BB72*AW72 | BH72: =BC72*AW72 | BJ72: {=_xlfn.LET(_xlpm.data,$R72:$AV72,_xlpm.starts,{1,8,16,23},_xlpm.lengths,{7,7,8,9},_xlpm.arr,_xlfn.MAP(_xlpm.starts,_xlpm.lengths,_xlfn.LAMBDA(_xlpm.s,_xlpm.l,SUM(INDEX(_xlpm.data,,_xlfn.SEQUENCE(,_xlpm.l,_xlpm.s))))),ROUND(_xlpm.arr*$O72/1000,2))} | BK72: 0 | BL72: 25.35 | BM72: 25.35 | BN72: =SUM(BJ72:BM72) | BO72: 22.38 | BP72: 22.38 | BQ72: 25.58 | BR72: 28.77 | BT72: {=_xlfn.HSTACK(SUM(INDEX($R72:$AV72,1,1):INDEX($R72:$AV72,1,7)),SUM(INDEX($R72:$AV72,1,7):INDEX($R72:$AV72,1,13)),SUM(INDEX($R72:$AV72,1,16):INDEX($R72:$AV72,1,23)),SUM(INDEX($R72:$AV72,1,23):INDEX($R72:$AV72,1,31)))} | BU72: 0 | BV72: 480 | BW72: 480 | BY72: =SUM(R72:X72) | BZ72: =SUM(Y72:AE72) | CA72: =SUM(AF72:AM72) | CB72: =SUM(AN72:AV72) | CD72: ADA | CE72: =ROUND(BY72*$O72/1000,2) | CF72: =ROUND(BZ72*$O72/1000,2) | CG72: =ROUND(CA72*$O72/1000,2) | CH72: =ROUND(CB72*$O72/1000,2) | CI72: =SUM(CE72:CH72) | CK72: =IFERROR(ROUND(BY72*$P72,2),"") | CL72: =IFERROR(ROUND(BZ72*$P72,2),"") | CM72: =IFERROR(ROUND(CA72*$P72,2),"") | CN72: =IFERROR(ROUND(CB72*$P72,2),"") | CO72: =SUM(CK72:CN72)
B73: =_xlfn.XLOOKUP(G73,销售需求表!A:A,销售需求表!C:C) | C73: =IFERROR(MID(F73,FIND("R",F73)+1,4),"") | D73: =B73&C73&"寸" | E73: =LEFT(REPLACE(G73,1,2,""),FIND("[",REPLACE(G73,1,2,""))-1)&"-"&MID(REPLACE(G73,1,2,""),FIND("[",REPLACE(G73,1,2,""))+1,FIND("]",REPLACE(G73,1,2,""))-FIND("[",REPLACE(G73,1,2,""))-1) | F73: =IFERROR(MID(G73,3,FIND("(",G73)-3)&"-"&SUBSTITUTE(MID(G73,FIND("[",G73)+1,FIND("]",G73)-FIND("[",G73)-1),"Strong Guard ",""),"") | G73: ID285/75R24.5-16PR(147/144L)[M-TRAC CSD]MASTERTRACK无内 | H73: 600 | J73: =IFERROR(LEFT(F73,FIND("-",F73))&MID(F73,FIND("PR",F73,FIND("-",F73))+3,LEN(F73)),F73) | K73: =_xlfn.XLOOKUP(F73,投产规格!E:E,投产规格!D:D,"未投产") | L73: =IFERROR(_xlfn.XLOOKUP(F73,硫化工艺!B:B,硫化工艺!C:C),"") | M73: =IF(L73="","",L73/(L73+$L$1/60)) | N73: =C73&"全钢" | O73: =IFERROR(_xlfn.XLOOKUP(F73,轮胎重量!J:J,轮胎重量!G:G),"") | P73: =O73*13.9 | Q73: =IFERROR(ROUND(1440/L73*(I73)*M73,0),"") | AR73: 120 | AS73: 120 | AT73: 120 | AU73: 120 | AV73: 120 | AW73: =IF(SUM(R73:AV73)=0,"",SUM(R73:AV73)) | AX73: =IFERROR(AW73*O73/1000,"") | AY73: =IFERROR(ROUND(AW73*P73/10000,3),"") | AZ73: 449.18 | BA73: 29.42 | BB73: 49.09 | BC73: 52.13 | BE73: =AZ73*AW73 | BF73: =BA73*AW73 | BG73: =BB73*AW73 | BH73: =BC73*AW73 | BJ73: {=_xlfn.LET(_xlpm.data,$R73:$AV73,_xlpm.starts,{1,8,16,23},_xlpm.lengths,{7,7,8,9},_xlpm.arr,_xlfn.MAP(_xlpm.starts,_xlpm.lengths,_xlfn.LAMBDA(_xlpm.s,_xlpm.l,SUM(INDEX(_xlpm.data,,_xlfn.SEQUENCE(,_xlpm.l,_xlpm.s))))),ROUND(_xlpm.arr*$O73/1000,2))} | BK73: 0 | BL73: 0 | BM73: 34.29 | BN73: =SUM(BJ73:BM73) | BO73: 20.87 | BP73: 20.87 | BQ73: 23.85 | BR73: 26.84 | BT73: {=_xlfn.HSTACK(SUM(INDEX($R73:$AV73,1,1):INDEX($R73:$AV73,1,7)),SUM(INDEX($R73:$AV73,1,7):INDEX($R73:$AV73,1,13)),SUM(INDEX($R73:$AV73,1,16):INDEX($R73:$AV73,1,23)),SUM(INDEX($R73:$AV73,1,23):INDEX($R73:$AV73,1,31)))} | BU73: 0 | BV73: 0 | BW73: 600 | BY73: =SUM(R73:X73) | BZ73: =SUM(Y73:AE73) | CA73: =SUM(AF73:AM73) | CB73: =SUM(AN73:AV73) | CD73: ADA | CE73: =ROUND(BY73*$O73/1000,2) | CF73: =ROUND(BZ73*$O73/1000,2) | CG73: =ROUND(CA73*$O73/1000,2) | CH73: =ROUND(CB73*$O73/1000,2) | CI73: =SUM(CE73:CH73) | CK73: =IFERROR(ROUND(BY73*$P73,2),"") | CL73: =IFERROR(ROUND(BZ73*$P73,2),"") | CM73: =IFERROR(ROUND(CA73*$P73,2),"") | CN73: =IFERROR(ROUND(CB73*$P73,2),"") | CO73: =SUM(CK73:CN73)
B74: =_xlfn.XLOOKUP(G74,销售需求表!A:A,销售需求表!C:C) | C74: =IFERROR(MID(F74,FIND("R",F74)+1,4),"") | D74: =B74&C74&"寸" | E74: =LEFT(REPLACE(G74,1,2,""),FIND("[",REPLACE(G74,1,2,""))-1)&"-"&MID(REPLACE(G74,1,2,""),FIND("[",REPLACE(G74,1,2,""))+1,FIND("]",REPLACE(G74,1,2,""))-FIND("[",REPLACE(G74,1,2,""))-1) | F74: =IFERROR(MID(G74,3,FIND("(",G74)-3)&"-"&SUBSTITUTE(MID(G74,FIND("[",G74)+1,FIND("]",G74)-FIND("[",G74)-1),"Strong Guard ",""),"") | G74: ID285/75R24.5-16PR(147/144M)[I-61S]IRONMAN无内 SMARTWAY | H74: 150 | J74: =IFERROR(LEFT(F74,FIND("-",F74))&MID(F74,FIND("PR",F74,FIND("-",F74))+3,LEN(F74)),F74) | K74: =_xlfn.XLOOKUP(F74,投产规格!E:E,投产规格!D:D,"未投产") | L74: =IFERROR(_xlfn.XLOOKUP(F74,硫化工艺!B:B,硫化工艺!C:C),"") | M74: =IF(L74="","",L74/(L74+$L$1/60)) | N74: =C74&"全钢" | O74: =IFERROR(_xlfn.XLOOKUP(F74,轮胎重量!J:J,轮胎重量!G:G),"") | P74: =IFERROR(_xlfn.XLOOKUP(G74,硫化工艺!I:I,硫化工艺!J:J),"") | Q74: =IFERROR(ROUND(1440/L74*(I74)*M74,0),"") | AW74: =IF(SUM(R74:AV74)=0,"",SUM(R74:AV74)) | AX74: =IFERROR(AW74*O74/1000,"") | AY74: =IFERROR(ROUND(AW74*P74/10000,3),"") | BJ74: {=_xlfn.LET(_xlpm.data,$R74:$AV74,_xlpm.starts,{1,8,16,23},_xlpm.lengths,{7,7,8,9},_xlpm.arr,_xlfn.MAP(_xlpm.starts,_xlpm.lengths,_xlfn.LAMBDA(_xlpm.s,_xlpm.l,SUM(INDEX(_xlpm.data,,_xlfn.SEQUENCE(,_xlpm.l,_xlpm.s))))),ROUND(_xlpm.arr*$O74/1000,2))} | BK74: 0 | BL74: 0 | BM74: 0 | BN74: =SUM(BJ74:BM74) | BO74: 0 | BP74: 0.5 | BQ74: 0 | BR74: 11.08 | BT74: {=_xlfn.HSTACK(SUM(INDEX($R74:$AV74,1,1):INDEX($R74:$AV74,1,7)),SUM(INDEX($R74:$AV74,1,7):INDEX($R74:$AV74,1,13)),SUM(INDEX($R74:$AV74,1,16):INDEX($R74:$AV74,1,23)),SUM(INDEX($R74:$AV74,1,23):INDEX($R74:$AV74,1,31)))} | BU74: 0 | BV74: 0 | BW74: 0 | BY74: =SUM(R74:X74) | BZ74: =SUM(Y74:AE74) | CA74: =SUM(AF74:AM74) | CB74: =SUM(AN74:AV74) | CD74: ADA | CE74: =ROUND(BY74*$O74/1000,2) | CF74: =ROUND(BZ74*$O74/1000,2) | CG74: =ROUND(CA74*$O74/1000,2) | CH74: =ROUND(CB74*$O74/1000,2) | CI74: =SUM(CE74:CH74) | CK74: =IFERROR(ROUND(BY74*$P74,2),"") | CL74: =IFERROR(ROUND(BZ74*$P74,2),"") | CM74: =IFERROR(ROUND(CA74*$P74,2),"") | CN74: =IFERROR(ROUND(CB74*$P74,2),"") | CO74: =SUM(CK74:CN74)
B75: =_xlfn.XLOOKUP(G75,销售需求表!A:A,销售需求表!C:C) | C75: =IFERROR(MID(F75,FIND("R",F75)+1,4),"") | D75: =B75&C75&"寸" | E75: =LEFT(REPLACE(G75,1,2,""),FIND("[",REPLACE(G75,1,2,""))-1)&"-"&MID(REPLACE(G75,1,2,""),FIND("[",REPLACE(G75,1,2,""))+1,FIND("]",REPLACE(G75,1,2,""))-FIND("[",REPLACE(G75,1,2,""))-1) | F75: =IFERROR(MID(G75,3,FIND("(",G75)-3)&"-"&SUBSTITUTE(MID(G75,FIND("[",G75)+1,FIND("]",G75)-FIND("[",G75)-1),"Strong Guard ",""),"") | G75: ID285/75R24.5-16PR(147/144L)[VA996]VITOUR无内 | H75: 500 | J75: =IFERROR(LEFT(F75,FIND("-",F75))&MID(F75,FIND("PR",F75,FIND("-",F75))+3,LEN(F75)),F75) | K75: =_xlfn.XLOOKUP(F75,投产规格!E:E,投产规格!D:D,"未投产") | L75: =IFERROR(_xlfn.XLOOKUP(F75,硫化工艺!B:B,硫化工艺!C:C),"") | M75: =IF(L75="","",L75/(L75+$L$1/60)) | N75: =C75&"全钢" | O75: =IFERROR(_xlfn.XLOOKUP(F75,轮胎重量!J:J,轮胎重量!G:G),"") | P75: =IFERROR(_xlfn.XLOOKUP(G75,硫化工艺!I:I,硫化工艺!J:J),"") | Q75: =IFERROR(ROUND(1440/L75*(I75)*M75,0),"") | AW75: =IF(SUM(R75:AV75)=0,"",SUM(R75:AV75)) | AX75: =IFERROR(AW75*O75/1000,"") | AY75: =IFERROR(ROUND(AW75*P75/10000,3),"") | BJ75: {=_xlfn.LET(_xlpm.data,$R75:$AV75,_xlpm.starts,{1,8,16,23},_xlpm.lengths,{7,7,8,9},_xlpm.arr,_xlfn.MAP(_xlpm.starts,_xlpm.lengths,_xlfn.LAMBDA(_xlpm.s,_xlpm.l,SUM(INDEX(_xlpm.data,,_xlfn.SEQUENCE(,_xlpm.l,_xlpm.s))))),ROUND(_xlpm.arr*$O75/1000,2))} | BK75: 0 | BL75: 0 | BM75: 0 | BN75: =SUM(BJ75:BM75) | BO75: #VALUE! | BP75: #VALUE! | BQ75: #VALUE! | BR75: #VALUE! | BT75: {=_xlfn.HSTACK(SUM(INDEX($R75:$AV75,1,1):INDEX($R75:$AV75,1,7)),SUM(INDEX($R75:$AV75,1,7):INDEX($R75:$AV75,1,13)),SUM(INDEX($R75:$AV75,1,16):INDEX($R75:$AV75,1,23)),SUM(INDEX($R75:$AV75,1,23):INDEX($R75:$AV75,1,31)))} | BU75: 0 | BV75: 0 | BW75: 0 | BY75: =SUM(R75:X75) | BZ75: =SUM(Y75:AE75) | CA75: =SUM(AF75:AM75) | CB75: =SUM(AN75:AV75) | CD75: ADA | CE75: =ROUND(BY75*$O75/1000,2) | CF75: =ROUND(BZ75*$O75/1000,2) | CG75: =ROUND(CA75*$O75/1000,2) | CH75: =ROUND(CB75*$O75/1000,2) | CI75: =SUM(CE75:CH75) | CK75: =IFERROR(ROUND(BY75*$P75,2),"") | CL75: =IFERROR(ROUND(BZ75*$P75,2),"") | CM75: =IFERROR(ROUND(CA75*$P75,2),"") | CN75: =IFERROR(ROUND(CB75*$P75,2),"") | CO75: =SUM(CK75:CN75)
B76: =_xlfn.XLOOKUP(G76,销售需求表!A:A,销售需求表!C:C) | C76: =IFERROR(MID(F76,FIND("R",F76)+1,4),"") | D76: =B76&C76&"寸" | E76: =LEFT(REPLACE(G76,1,2,""),FIND("[",REPLACE(G76,1,2,""))-1)&"-"&MID(REPLACE(G76,1,2,""),FIND("[",REPLACE(G76,1,2,""))+1,FIND("]",REPLACE(G76,1,2,""))-FIND("[",REPLACE(G76,1,2,""))-1) | F76: =IFERROR(MID(G76,3,FIND("(",G76)-3)&"-"&SUBSTITUTE(MID(G76,FIND("[",G76)+1,FIND("]",G76)-FIND("[",G76)-1),"Strong Guard ",""),"") | G76: ID215/75R17.5-16PR(135/133J)[AP-7318]VANTAGE无内 | H76: 280 | J76: =IFERROR(LEFT(F76,FIND("-",F76))&MID(F76,FIND("PR",F76,FIND("-",F76))+3,LEN(F76)),F76) | K76: =_xlfn.XLOOKUP(F76,投产规格!E:E,投产规格!D:D,"未投产") | L76: =IFERROR(_xlfn.XLOOKUP(F76,硫化工艺!B:B,硫化工艺!C:C),"") | M76: =IF(L76="","",L76/(L76+$L$1/60)) | N76: =C76&"全钢" | O76: =IFERROR(_xlfn.XLOOKUP(F76,轮胎重量!J:J,轮胎重量!G:G),"") | P76: =IFERROR(_xlfn.XLOOKUP(G76,硫化工艺!I:I,硫化工艺!J:J),"") | Q76: =IFERROR(ROUND(1440/L76*(I76)*M76,0),"") | AW76: =IF(SUM(R76:AV76)=0,"",SUM(R76:AV76)) | AX76: =IFERROR(AW76*O76/1000,"") | AY76: =IFERROR(ROUND(AW76*P76/10000,3),"") | BJ76: {=_xlfn.LET(_xlpm.data,$R76:$AV76,_xlpm.starts,{1,8,16,23},_xlpm.lengths,{7,7,8,9},_xlpm.arr,_xlfn.MAP(_xlpm.starts,_xlpm.lengths,_xlfn.LAMBDA(_xlpm.s,_xlpm.l,SUM(INDEX(_xlpm.data,,_xlfn.SEQUENCE(,_xlpm.l,_xlpm.s))))),ROUND(_xlpm.arr*$O76/1000,2))} | BK76: 0 | BL76: 0 | BM76: 0 | BN76: =SUM(BJ76:BM76) | BO76: #VALUE! | BP76: #VALUE! | BQ76: #VALUE! | BR76: #VALUE! | BT76: {=_xlfn.HSTACK(SUM(INDEX($R76:$AV76,1,1):INDEX($R76:$AV76,1,7)),SUM(INDEX($R76:$AV76,1,7):INDEX($R76:$AV76,1,13)),SUM(INDEX($R76:$AV76,1,16):INDEX($R76:$AV76,1,23)),SUM(INDEX($R76:$AV76,1,23):INDEX($R76:$AV76,1,31)))} | BU76: 0 | BV76: 0 | BW76: 0 | BY76: =SUM(R76:X76) | BZ76: =SUM(Y76:AE76) | CA76: =SUM(AF76:AM76) | CB76: =SUM(AN76:AV76) | CD76: ADA | CE76: =ROUND(BY76*$O76/1000,2) | CF76: =ROUND(BZ76*$O76/1000,2) | CG76: =ROUND(CA76*$O76/1000,2) | CH76: =ROUND(CB76*$O76/1000,2) | CI76: =SUM(CE76:CH76) | CK76: =IFERROR(ROUND(BY76*$P76,2),"") | CL76: =IFERROR(ROUND(BZ76*$P76,2),"") | CM76: =IFERROR(ROUND(CA76*$P76,2),"") | CN76: =IFERROR(ROUND(CB76*$P76,2),"") | CO76: =SUM(CK76:CN76)
B77: =_xlfn.XLOOKUP(G77,销售需求表!A:A,销售需求表!C:C) | C77: =IFERROR(MID(F77,FIND("R",F77)+1,4),"") | D77: =B77&C77&"寸" | E77: =LEFT(REPLACE(G77,1,2,""),FIND("[",REPLACE(G77,1,2,""))-1)&"-"&MID(REPLACE(G77,1,2,""),FIND("[",REPLACE(G77,1,2,""))+1,FIND("]",REPLACE(G77,1,2,""))-FIND("[",REPLACE(G77,1,2,""))-1) | F77: =IFERROR(MID(G77,3,FIND("(",G77)-3)&"-"&SUBSTITUTE(MID(G77,FIND("[",G77)+1,FIND("]",G77)-FIND("[",G77)-1),"Strong Guard ",""),"") | G77: ID215/75R17.5-16PR(135/133L)[I-19A]IRONMAN无内 | H77: 3500 | I77: 6 | J77: =IFERROR(LEFT(F77,FIND("-",F77))&MID(F77,FIND("PR",F77,FIND("-",F77))+3,LEN(F77)),F77) | K77: =_xlfn.XLOOKUP(F77,投产规格!E:E,投产规格!D:D,"未投产") | L77: =IFERROR(_xlfn.XLOOKUP(F77,硫化工艺!B:B,硫化工艺!C:C),"") | M77: =IF(L77="","",L77/(L77+$L$1/60)) | N77: =C77&"全钢" | O77: =IFERROR(_xlfn.XLOOKUP(F77,轮胎重量!J:J,轮胎重量!G:G),"") | P77: =IFERROR(_xlfn.XLOOKUP(G77,硫化工艺!I:I,硫化工艺!J:J),"") | Q77: =IFERROR(ROUND(1440/L77*(I77)*M77,0),"") | R77: 220 | S77: 220 | T77: 220 | U77: 220 | V77: 220 | W77: 220 | X77: 220 | Y77: 220 | Z77: 220 | AA77: 220 | AB77: 220 | AC77: 220 | AD77: 220 | AE77: 220 | AF77: 220 | AG77: 220 | AH77: 220 | AI77: 220 | AJ77: 220 | AK77: 220 | AW77: =IF(SUM(R77:AV77)=0,"",SUM(R77:AV77)) | AX77: =IFERROR(AW77*O77/1000,"") | AY77: =IFERROR(ROUND(AW77*P77/10000,3),"") | BJ77: {=_xlfn.LET(_xlpm.data,$R77:$AV77,_xlpm.starts,{1,8,16,23},_xlpm.lengths,{7,7,8,9},_xlpm.arr,_xlfn.MAP(_xlpm.starts,_xlpm.lengths,_xlfn.LAMBDA(_xlpm.s,_xlpm.l,SUM(INDEX(_xlpm.data,,_xlfn.SEQUENCE(,_xlpm.l,_xlpm.s))))),ROUND(_xlpm.arr*$O77/1000,2))} | BK77: 39.93 | BL77: 28.52 | BM77: 0 | BN77: =SUM(BJ77:BM77) | BO77: 15.01 | BP77: 15.01 | BQ77: 17.15 | BR77: 19.29 | BT77: {=_xlfn.HSTACK(SUM(INDEX($R77:$AV77,1,1):INDEX($R77:$AV77,1,7)),SUM(INDEX($R77:$AV77,1,7):INDEX($R77:$AV77,1,13)),SUM(INDEX($R77:$AV77,1,16):INDEX($R77:$AV77,1,23)),SUM(INDEX($R77:$AV77,1,23):INDEX($R77:$AV77,1,31)))} | BU77: 1540 | BV77: 1100 | BW77: 0 | BY77: =SUM(R77:X77) | BZ77: =SUM(Y77:AE77) | CA77: =SUM(AF77:AM77) | CB77: =SUM(AN77:AV77) | CD77: ADA | CE77: =ROUND(BY77*$O77/1000,2) | CF77: =ROUND(BZ77*$O77/1000,2) | CG77: =ROUND(CA77*$O77/1000,2) | CH77: =ROUND(CB77*$O77/1000,2) | CI77: =SUM(CE77:CH77) | CK77: =IFERROR(ROUND(BY77*$P77,2),"") | CL77: =IFERROR(ROUND(BZ77*$P77,2),"") | CM77: =IFERROR(ROUND(CA77*$P77,2),"") | CN77: =IFERROR(ROUND(CB77*$P77,2),"") | CO77: =SUM(CK77:CN77)
B78: =_xlfn.XLOOKUP(G78,销售需求表!A:A,销售需求表!C:C) | C78: =IFERROR(MID(F78,FIND("R",F78)+1,4),"") | D78: =B78&C78&"寸" | E78: =LEFT(REPLACE(G78,1,2,""),FIND("[",REPLACE(G78,1,2,""))-1)&"-"&MID(REPLACE(G78,1,2,""),FIND("[",REPLACE(G78,1,2,""))+1,FIND("]",REPLACE(G78,1,2,""))-FIND("[",REPLACE(G78,1,2,""))-1) | F78: =IFERROR(MID(G78,3,FIND("(",G78)-3)&"-"&SUBSTITUTE(MID(G78,FIND("[",G78)+1,FIND("]",G78)-FIND("[",G78)-1),"Strong Guard ",""),"") | G78: ID215/75R17.5-16PR(135/133L)[Strong Guard H-RA]HERCULES无内 | H78: 1600 | J78: =IFERROR(LEFT(F78,FIND("-",F78))&MID(F78,FIND("PR",F78,FIND("-",F78))+3,LEN(F78)),F78) | K78: =_xlfn.XLOOKUP(F78,投产规格!E:E,投产规格!D:D,"未投产") | L78: =IFERROR(_xlfn.XLOOKUP(F78,硫化工艺!B:B,硫化工艺!C:C),"") | M78: =IF(L78="","",L78/(L78+$L$1/60)) | N78: =C78&"全钢" | O78: =IFERROR(_xlfn.XLOOKUP(F78,轮胎重量!J:J,轮胎重量!G:G),"") | P78: =IFERROR(_xlfn.XLOOKUP(G78,硫化工艺!I:I,硫化工艺!J:J),"") | Q78: =IFERROR(ROUND(1440/L78*(I78)*M78,0),"") | AL78: 220 | AM78: 220 | AN78: 220 | AO78: 220 | AP78: 220 | AQ78: 220 | AR78: 220 | AS78: 220 | AT78: 220 | AU78: 220 | AV78: 220 | AW78: =IF(SUM(R78:AV78)=0,"",SUM(R78:AV78)) | AX78: =IFERROR(AW78*O78/1000,"") | AY78: =IFERROR(ROUND(AW78*P78/10000,3),"") | AZ78: 449.18 | BA78: 29.42 | BB78: 49.09 | BC78: 52.13 | BE78: =AZ78*AW78 | BF78: =BA78*AW78 | BG78: =BB78*AW78 | BH78: =BC78*AW78 | BJ78: {=_xlfn.LET(_xlpm.data,$R78:$AV78,_xlpm.starts,{1,8,16,23},_xlpm.lengths,{7,7,8,9},_xlpm.arr,_xlfn.MAP(_xlpm.starts,_xlpm.lengths,_xlfn.LAMBDA(_xlpm.s,_xlpm.l,SUM(INDEX(_xlpm.data,,_xlfn.SEQUENCE(,_xlpm.l,_xlpm.s))))),ROUND(_xlpm.arr*$O78/1000,2))} | BK78: 0 | BL78: 16.23 | BM78: 48.68 | BN78: =SUM(BJ78:BM78) | BO78: 0 | BP78: 0 | BQ78: 0 | BR78: 0 | BT78: {=_xlfn.HSTACK(SUM(INDEX($R78:$AV78,1,1):INDEX($R78:$AV78,1,7)),SUM(INDEX($R78:$AV78,1,7):INDEX($R78:$AV78,1,13)),SUM(INDEX($R78:$AV78,1,16):INDEX($R78:$AV78,1,23)),SUM(INDEX($R78:$AV78,1,23):INDEX($R78:$AV78,1,31)))} | BU78: 0 | BV78: 660 | BW78: 1980 | BY78: =SUM(R78:X78) | BZ78: =SUM(Y78:AE78) | CA78: =SUM(AF78:AM78) | CB78: =SUM(AN78:AV78) | CD78: ADA | CE78: =ROUND(BY78*$O78/1000,2) | CF78: =ROUND(BZ78*$O78/1000,2) | CG78: =ROUND(CA78*$O78/1000,2) | CH78: =ROUND(CB78*$O78/1000,2) | CI78: =SUM(CE78:CH78) | CK78: =IFERROR(ROUND(BY78*$P78,2),"") | CL78: =IFERROR(ROUND(BZ78*$P78,2),"") | CM78: =IFERROR(ROUND(CA78*$P78,2),"") | CN78: =IFERROR(ROUND(CB78*$P78,2),"") | CO78: =SUM(CK78:CN78)
B79: =_xlfn.XLOOKUP(G79,销售需求表!A:A,销售需求表!C:C) | C79: =IFERROR(MID(F79,FIND("R",F79)+1,4),"") | D79: =B79&C79&"寸" | E79: =LEFT(REPLACE(G79,1,2,""),FIND("[",REPLACE(G79,1,2,""))-1)&"-"&MID(REPLACE(G79,1,2,""),FIND("[",REPLACE(G79,1,2,""))+1,FIND("]",REPLACE(G79,1,2,""))-FIND("[",REPLACE(G79,1,2,""))-1) | F79: =IFERROR(MID(G79,3,FIND("(",G79)-3)&"-"&SUBSTITUTE(MID(G79,FIND("[",G79)+1,FIND("]",G79)-FIND("[",G79)-1),"Strong Guard ",""),"") | G79: ID215/75R17.5-18PR(135/133L)[AZ599]威狮无内 | H79: 400 | J79: =IFERROR(LEFT(F79,FIND("-",F79))&MID(F79,FIND("PR",F79,FIND("-",F79))+3,LEN(F79)),F79) | K79: =_xlfn.XLOOKUP(F79,投产规格!E:E,投产规格!D:D,"未投产") | L79: =IFERROR(_xlfn.XLOOKUP(F79,硫化工艺!B:B,硫化工艺!C:C),"") | M79: =IF(L79="","",L79/(L79+$L$1/60)) | N79: =C79&"全钢" | O79: =IFERROR(_xlfn.XLOOKUP(F79,轮胎重量!J:J,轮胎重量!G:G),"") | P79: =O79*13.9 | Q79: =IFERROR(ROUND(1440/L79*(I79)*M79,0),"") | AW79: =IF(SUM(R79:AV79)=0,"",SUM(R79:AV79)) | AX79: =IFERROR(AW79*O79/1000,"") | AY79: =IFERROR(ROUND(AW79*P79/10000,3),"") | AZ79: 449.18 | BA79: 29.42 | BB79: 49.09 | BC79: 52.13 | BE79: =AZ79*AW79 | BF79: =BA79*AW79 | BG79: =BB79*AW79 | BH79: =BC79*AW79 | BJ79: {=_xlfn.LET(_xlpm.data,$R79:$AV79,_xlpm.starts,{1,8,16,23},_xlpm.lengths,{7,7,8,9},_xlpm.arr,_xlfn.MAP(_xlpm.starts,_xlpm.lengths,_xlfn.LAMBDA(_xlpm.s,_xlpm.l,SUM(INDEX(_xlpm.data,,_xlfn.SEQUENCE(,_xlpm.l,_xlpm.s))))),ROUND(_xlpm.arr*$O79/1000,2))} | BK79: 0 | BL79: 0 | BM79: 0 | BN79: =SUM(BJ79:BM79) | BO79: 22.41 | BP79: 22.41 | BQ79: 25.62 | BR79: 28.82 | BT79: {=_xlfn.HSTACK(SUM(INDEX($R79:$AV79,1,1):INDEX($R79:$AV79,1,7)),SUM(INDEX($R79:$AV79,1,7):INDEX($R79:$AV79,1,13)),SUM(INDEX($R79:$AV79,1,16):INDEX($R79:$AV79,1,23)),SUM(INDEX($R79:$AV79,1,23):INDEX($R79:$AV79,1,31)))} | BU79: 0 | BV79: 0 | BW79: 0 | BY79: =SUM(R79:X79) | BZ79: =SUM(Y79:AE79) | CA79: =SUM(AF79:AM79) | CB79: =SUM(AN79:AV79) | CD79: ADA | CE79: =ROUND(BY79*$O79/1000,2) | CF79: =ROUND(BZ79*$O79/1000,2) | CG79: =ROUND(CA79*$O79/1000,2) | CH79: =ROUND(CB79*$O79/1000,2) | CI79: =SUM(CE79:CH79) | CK79: =IFERROR(ROUND(BY79*$P79,2),"") | CL79: =IFERROR(ROUND(BZ79*$P79,2),"") | CM79: =IFERROR(ROUND(CA79*$P79,2),"") | CN79: =IFERROR(ROUND(CB79*$P79,2),"") | CO79: =SUM(CK79:CN79)
B80: =_xlfn.XLOOKUP(G80,销售需求表!A:A,销售需求表!C:C) | C80: =IFERROR(MID(F80,FIND("R",F80)+1,4),"") | D80: =B80&C80&"寸" | E80: =LEFT(REPLACE(G80,1,2,""),FIND("[",REPLACE(G80,1,2,""))-1)&"-"&MID(REPLACE(G80,1,2,""),FIND("[",REPLACE(G80,1,2,""))+1,FIND("]",REPLACE(G80,1,2,""))-FIND("[",REPLACE(G80,1,2,""))-1) | F80: =IFERROR(MID(G80,3,FIND("(",G80)-3)&"-"&SUBSTITUTE(MID(G80,FIND("[",G80)+1,FIND("]",G80)-FIND("[",G80)-1),"Strong Guard ",""),"") | G80: ID215/75R17.5-18PR(135/133L)[M-TRAC AP]MASTERTRACK无内 | H80: 1800 | I80: 2 | J80: =IFERROR(LEFT(F80,FIND("-",F80))&MID(F80,FIND("PR",F80,FIND("-",F80))+3,LEN(F80)),F80) | K80: =_xlfn.XLOOKUP(F80,投产规格!E:E,投产规格!D:D,"未投产") | L80: =IFERROR(_xlfn.XLOOKUP(F80,硫化工艺!B:B,硫化工艺!C:C),"") | M80: =IF(L80="","",L80/(L80+$L$1/60)) | N80: =C80&"全钢" | O80: =IFERROR(_xlfn.XLOOKUP(F80,轮胎重量!J:J,轮胎重量!G:G),"") | P80: =IFERROR(_xlfn.XLOOKUP(G80,硫化工艺!I:I,硫化工艺!J:J),"") | Q80: =IFERROR(ROUND(1440/L80*(I80)*M80,0),"") | R80: 60 | S80: 60 | T80: 60 | U80: 60 | V80: 60 | W80: 60 | X80: 60 | Y80: 60 | Z80: 60 | AA80: 60 | AB80: 60 | AC80: 60 | AD80: 60 | AE80: 60 | AF80: 60 | AG80: 60 | AH80: 60 | AI80: 60 | AJ80: 60 | AK80: 60 | AL80: 60 | AM80: 60 | AN80: 60 | AO80: 60 | AP80: 60 | AQ80: 60 | AR80: 60 | AS80: 60 | AT80: 60 | AU80: 60 | AV80: 60 | AW80: =IF(SUM(R80:AV80)=0,"",SUM(R80:AV80)) | AX80: =IFERROR(AW80*O80/1000,"") | AY80: =IFERROR(ROUND(AW80*P80/10000,3),"") | BE80: =AZ80*AW80 | BF80: =BA80*AW80 | BG80: =BB80*AW80 | BH80: =BC80*AW80 | BJ80: {=_xlfn.LET(_xlpm.data,$R80:$AV80,_xlpm.starts,{1,8,16,23},_xlpm.lengths,{7,7,8,9},_xlpm.arr,_xlfn.MAP(_xlpm.starts,_xlpm.lengths,_xlfn.LAMBDA(_xlpm.s,_xlpm.l,SUM(INDEX(_xlpm.data,,_xlfn.SEQUENCE(,_xlpm.l,_xlpm.s))))),ROUND(_xlpm.arr*$O80/1000,2))} | BK80: 10.72 | BL80: 12.25 | BM80: 13.78 | BN80: =SUM(BJ80:BM80) | BO80: 21.08 | BP80: 21.08 | BQ80: 24.09 | BR80: 27.1 | BT80: {=_xlfn.HSTACK(SUM(INDEX($R80:$AV80,1,1):INDEX($R80:$AV80,1,7)),SUM(INDEX($R80:$AV80,1,7):INDEX($R80:$AV80,1,13)),SUM(INDEX($R80:$AV80,1,16):INDEX($R80:$AV80,1,23)),SUM(INDEX($R80:$AV80,1,23):INDEX($R80:$AV80,1,31)))} | BU80: 420 | BV80: 480 | BW80: 540 | BY80: =SUM(R80:X80) | BZ80: =SUM(Y80:AE80) | CA80: =SUM(AF80:AM80) | CB80: =SUM(AN80:AV80) | CD80: ADA | CE80: =ROUND(BY80*$O80/1000,2) | CF80: =ROUND(BZ80*$O80/1000,2) | CG80: =ROUND(CA80*$O80/1000,2) | CH80: =ROUND(CB80*$O80/1000,2) | CI80: =SUM(CE80:CH80) | CK80: =IFERROR(ROUND(BY80*$P80,2),"") | CL80: =IFERROR(ROUND(BZ80*$P80,2),"") | CM80: =IFERROR(ROUND(CA80*$P80,2),"") | CN80: =IFERROR(ROUND(CB80*$P80,2),"") | CO80: =SUM(CK80:CN80)
B81: =_xlfn.XLOOKUP(G81,销售需求表!A:A,销售需求表!C:C) | C81: =IFERROR(MID(F81,FIND("R",F81)+1,4),"") | D81: =B81&C81&"寸" | E81: =LEFT(REPLACE(G81,1,2,""),FIND("[",REPLACE(G81,1,2,""))-1)&"-"&MID(REPLACE(G81,1,2,""),FIND("[",REPLACE(G81,1,2,""))+1,FIND("]",REPLACE(G81,1,2,""))-FIND("[",REPLACE(G81,1,2,""))-1) | F81: =IFERROR(MID(G81,3,FIND("(",G81)-3)&"-"&SUBSTITUTE(MID(G81,FIND("[",G81)+1,FIND("]",G81)-FIND("[",G81)-1),"Strong Guard ",""),"") | G81: ID235/75R17.5-18PR(143/141L)[AP-7318]VANTAGE无内 | H81: 300 | J81: =IFERROR(LEFT(F81,FIND("-",F81))&MID(F81,FIND("PR",F81,FIND("-",F81))+3,LEN(F81)),F81) | K81: =_xlfn.XLOOKUP(F81,投产规格!E:E,投产规格!D:D,"未投产") | L81: =IFERROR(_xlfn.XLOOKUP(F81,硫化工艺!B:B,硫化工艺!C:C),"") | M81: =IF(L81="","",L81/(L81+$L$1/60)) | N81: =C81&"全钢" | O81: =IFERROR(_xlfn.XLOOKUP(F81,轮胎重量!J:J,轮胎重量!G:G),"") | P81: =IFERROR(_xlfn.XLOOKUP(G81,硫化工艺!I:I,硫化工艺!J:J),"") | Q81: =IFERROR(ROUND(1440/L81*(I81)*M81,0),"") | AW81: =IF(SUM(R81:AV81)=0,"",SUM(R81:AV81)) | AX81: =IFERROR(AW81*O81/1000,"") | AY81: =IFERROR(ROUND(AW81*P81/10000,3),"") | BE81: =AZ81*AW81 | BF81: =BA81*AW81 | BG81: =BB81*AW81 | BH81: =BC81*AW81 | BJ81: {=_xlfn.LET(_xlpm.data,$R81:$AV81,_xlpm.starts,{1,8,16,23},_xlpm.lengths,{7,7,8,9},_xlpm.arr,_xlfn.MAP(_xlpm.starts,_xlpm.lengths,_xlfn.LAMBDA(_xlpm.s,_xlpm.l,SUM(INDEX(_xlpm.data,,_xlfn.SEQUENCE(,_xlpm.l,_xlpm.s))))),ROUND(_xlpm.arr*$O81/1000,2))} | BK81: 0 | BL81: 0 | BM81: 0 | BN81: =SUM(BJ81:BM81) | BO81: 21.08 | BP81: 21.08 | BQ81: 24.09 | BR81: 27.1 | BT81: {=_xlfn.HSTACK(SUM(INDEX($R81:$AV81,1,1):INDEX($R81:$AV81,1,7)),SUM(INDEX($R81:$AV81,1,7):INDEX($R81:$AV81,1,13)),SUM(INDEX($R81:$AV81,1,16):INDEX($R81:$AV81,1,23)),SUM(INDEX($R81:$AV81,1,23):INDEX($R81:$AV81,1,31)))} | BU81: 0 | BV81: 0 | BW81: 0 | BY81: =SUM(R81:X81) | BZ81: =SUM(Y81:AE81) | CA81: =SUM(AF81:AM81) | CB81: =SUM(AN81:AV81) | CD81: ADA | CE81: =ROUND(BY81*$O81/1000,2) | CF81: =ROUND(BZ81*$O81/1000,2) | CG81: =ROUND(CA81*$O81/1000,2) | CH81: =ROUND(CB81*$O81/1000,2) | CI81: =SUM(CE81:CH81) | CK81: =IFERROR(ROUND(BY81*$P81,2),"") | CL81: =IFERROR(ROUND(BZ81*$P81,2),"") | CM81: =IFERROR(ROUND(CA81*$P81,2),"") | CN81: =IFERROR(ROUND(CB81*$P81,2),"") | CO81: =SUM(CK81:CN81)
B82: =_xlfn.XLOOKUP(G82,销售需求表!A:A,销售需求表!C:C) | C82: =IFERROR(MID(F82,FIND("R",F82)+1,4),"") | D82: =B82&C82&"寸" | E82: =LEFT(REPLACE(G82,1,2,""),FIND("[",REPLACE(G82,1,2,""))-1)&"-"&MID(REPLACE(G82,1,2,""),FIND("[",REPLACE(G82,1,2,""))+1,FIND("]",REPLACE(G82,1,2,""))-FIND("[",REPLACE(G82,1,2,""))-1) | F82: =IFERROR(MID(G82,3,FIND("(",G82)-3)&"-"&SUBSTITUTE(MID(G82,FIND("[",G82)+1,FIND("]",G82)-FIND("[",G82)-1),"Strong Guard ",""),"") | G82: ID235/75R17.5-18PR(143/141L)[I-19A]IRONMAN无内 | H82: 2500 | I82: 2 | J82: =IFERROR(LEFT(F82,FIND("-",F82))&MID(F82,FIND("PR",F82,FIND("-",F82))+3,LEN(F82)),F82) | K82: =_xlfn.XLOOKUP(F82,投产规格!E:E,投产规格!D:D,"未投产") | L82: =IFERROR(_xlfn.XLOOKUP(F82,硫化工艺!B:B,硫化工艺!C:C),"") | M82: =IF(L82="","",L82/(L82+$L$1/60)) | N82: =C82&"全钢" | O82: =IFERROR(_xlfn.XLOOKUP(F82,轮胎重量!J:J,轮胎重量!G:G),"") | P82: =IFERROR(_xlfn.XLOOKUP(G82,硫化工艺!I:I,硫化工艺!J:J),"") | Q82: =IFERROR(ROUND(1440/L82*(I82)*M82,0),"") | R82: 70 | S82: 70 | T82: 70 | U82: 70 | V82: 70 | W82: 70 | X82: 70 | Y82: 70 | Z82: 70 | AA82: 70 | AB82: 70 | AC82: 70 | AD82: 70 | AE82: 70 | AF82: 70 | AG82: 70 | AH82: 70 | AI82: 70 | AJ82: 70 | AK82: 70 | AL82: 70 | AM82: 70 | AN82: 70 | AO82: 70 | AP82: 70 | AQ82: 70 | AR82: 70 | AS82: 70 | AT82: 70 | AU82: 70 | AV82: 70 | AW82: =IF(SUM(R82:AV82)=0,"",SUM(R82:AV82)) | AX82: =IFERROR(AW82*O82/1000,"") | AY82: =IFERROR(ROUND(AW82*P82/10000,3),"") | BE82: =AZ82*AW82 | BF82: =BA82*AW82 | BG82: =BB82*AW82 | BH82: =BC82*AW82 | BJ82: {=_xlfn.LET(_xlpm.data,$R82:$AV82,_xlpm.starts,{1,8,16,23},_xlpm.lengths,{7,7,8,9},_xlpm.arr,_xlfn.MAP(_xlpm.starts,_xlpm.lengths,_xlfn.LAMBDA(_xlpm.s,_xlpm.l,SUM(INDEX(_xlpm.data,,_xlfn.SEQUENCE(,_xlpm.l,_xlpm.s))))),ROUND(_xlpm.arr*$O82/1000,2))} | BK82: 14.52 | BL82: 16.59 | BM82: 18.67 | BN82: =SUM(BJ82:BM82) | BO82: 0 | BP82: 0 | BQ82: 0 | BR82: 0 | BT82: {=_xlfn.HSTACK(SUM(INDEX($R82:$AV82,1,1):INDEX($R82:$AV82,1,7)),SUM(INDEX($R82:$AV82,1,7):INDEX($R82:$AV82,1,13)),SUM(INDEX($R82:$AV82,1,16):INDEX($R82:$AV82,1,23)),SUM(INDEX($R82:$AV82,1,23):INDEX($R82:$AV82,1,31)))} | BU82: 490 | BV82: 560 | BW82: 630 | BY82: =SUM(R82:X82) | BZ82: =SUM(Y82:AE82) | CA82: =SUM(AF82:AM82) | CB82: =SUM(AN82:AV82) | CD82: ADA | CE82: =ROUND(BY82*$O82/1000,2) | CF82: =ROUND(BZ82*$O82/1000,2) | CG82: =ROUND(CA82*$O82/1000,2) | CH82: =ROUND(CB82*$O82/1000,2) | CI82: =SUM(CE82:CH82) | CK82: =IFERROR(ROUND(BY82*$P82,2),"") | CL82: =IFERROR(ROUND(BZ82*$P82,2),"") | CM82: =IFERROR(ROUND(CA82*$P82,2),"") | CN82: =IFERROR(ROUND(CB82*$P82,2),"") | CO82: =SUM(CK82:CN82)
