Workbook

Sheet local items
A1: market | B1: ERP Label Code - Chinese | C1: ERP Label Code - English | D1: 规格 specification | E1: 有无模版template | F1: EANCODE | G1: ERP CODE | H1: 品牌 Brand | I1: TT/TL | J1: M+S标记 | K1: 泥雪地 牵引标识位置 | L1: QTY | M1: RR | N1: W1.24t | O1: 噪音 | P1: 噪音等级 | Q1: pickup date
A2: SNI | B2: (ID-TIANLI-TBR-SNI)ID11.00R20-18PR(152/149F)[TZ101]TIANLI | C2: (ID-TIANLI-TBR-SNI)ID11.00R20-18PR(152/149F)[TZ101]TIANLI | D2: ID11.00R20-18PR(152/149F)[TZ101]TIANLI | G2: 0105045752ID | H2: TIANLI | I2: TT | J2: 18J | M2: 3000
A3: SNI | B3: (ID-EFFIPLUS-TBR-SNI)ID11.00R20-18PR(152/149K)[AM4S.Q679]EFFIPLUS | C3: (ID-EFFIPLUS-TBR-SNI)ID11.00R20-18PR(152/149K)[AM4S.Q679]EFFIPLUS | D3: ID11.00R20-18PR(152/149K)[AM4S.Q679]EFFIPLUS | G3: 01050457782ID | H3: EFFIPLUS | I3: TT | J3: 18J | M3: 3000
A4: SNI | B4: (ID-EFFIPLUS-TBR-SNI)ID11.00R20-18PR(152/149L)[FOLO.R109]EFFIPLUS | C4: (ID-EFFIPLUS-TBR-SNI)ID11.00R20-18PR(152/149L)[FOLO.R109]EFFIPLUS | D4: ID11.00R20-18PR(152/149L)[FOLO.R109]EFFIPLUS | G4: 01050457786ID | H4: EFFIPLUS | I4: TT | J4: 18J | M4: 3000
A5: SNI | B5: (ID-YR-TBR-SNI)ID12.00R20-20PR(156/153F)[EZ345]雅度 | C5: (ID-YR-TBR-SNI)ID12.00R20-20PR(156/153F)[EZ345]YARTU | D5: ID12.00R20-20PR(156/153F)[EZ345]雅度 | G5: 0105045809319ID | H5: YARTU | I5: TT | J5: 20L | M5: 5000
A6: SNI | B6: (ID-TN-TBR-SNI)ID12.00R20-22PR(158/155F)[TRD-79]TRAZANO(全诺) 东南亚 | C6: (ID-TN-TBR-SNI)ID12.00R20-22PR(158/155F)[TRD-79]TRAZANO | D6: ID12.00R20-22PR(158/155F)[TRD-79]TRAZANO(全诺) 东南亚 | G6: 0105045809529ID | H6: TRAZANO | I6: TT | J6: 22M | M6: 3000
A7: SNI | B7: (ID-YR-TBR-SNI)ID12.00R24-20PR(160/157F)[CB972]雅度 | C7: (ID-YR-TBR-SNI)ID12.00R24-20PR(160/157F)[CB972]YARTU | D7: ID12.00R24-20PR(160/157F)[CB972]雅度 | G7: 010504245ID | H7: YARTU | I7: TT | J7: 20L | M7: 5000
A8: SNI | B8: (ID-TN-TBR-SNI)ID12.00R24-20PR(160/157F)[TRD-79]TRAZANO(全诺) | C8: (ID-TN-TBR-SNI)ID12.00R24-20PR(160/157F)[TRD-79]TRAZANO | D8: ID12.00R24-20PR(160/157F)[TRD-79]TRAZANO(全诺) | G8: 0105045809530ID | H8: TRAZANO | I8: TT | J8: 20L | M8: 3000
A9: SNI | B9: (ID-TIANLI-TBR-SNI)ID7.50R16-14PR(122/118L)[TZ202]TIANLI | C9: (ID-TIANLI-TBR-SNI)ID7.50R16-14PR(122/118L)[TZ202]TIANLI | D9: ID7.50R16-14PR(122/118L)[TZ202]TIANLI | G9: 0105045754ID | H9: TIANLI | I9: TT | J9: 14G | M9: 3000
A10: SNI | B10: (ID-WL-BIAS-SNI)ID7.50-16LT-14PR[MR881]122/118K 威狮 | C10: (ID-WL-BIAS-SNI)ID7.50-16LT-14PR[MR881]122/118K WESTLAKE | D10: ID7.50-16LT-14PR[MR881]122/118K 威狮 | G10: 0105045809259ID | H10: WESTLAKE | I10: TT | J10: 14G | M10: 3000
A11: newitems
A12: SNI | B12: (ID-YR-TBR-SNI)ID7.50R16-14PR(122/118F)[CB972pro]雅度 | C12: (ID-YR-TBR-SNI)ID7.50R16-14PR(122/118F)[CB972pro]YARTU | D12: ID7.50R16-14PR(122/118F)[CB972pro]雅度 | F12: 0721688040064 | G12: 01050458095324ID | H12: YARTU | I12: TT | J12: 14G | K12: / | L12: / | M12: 3000
A13: SNI | B13: (ID-GR-TBR-SNI)ID7.50R16-14PR(122/118F)[CB972pro]好运 | C13: (ID-GR-TBR-SNI)ID7.50R16-14PR(122/118F)[CB972pro]GOODRIDE | D13: ID7.50R16-14PR(122/118F)[CB972pro]好运 | F13: 0721688040071 | G13: 01050458095325ID | H13: GOODRIDE | I13: TT | J13: 14G | K13: / | L13: / | M13: 3000
A14: SNI | B14: (ID-WL-TBR-SNI)ID7.50R16-14PR(122/118F)[CB972pro]威狮 | C14: (ID-WL-TBR-SNI)ID7.50R16-14PR(122/118F)[CB972pro]WESTLAKE | D14: ID7.50R16-14PR(122/118F)[CB972pro]威狮 | F14: 0721688040088 | G14: 01050458095326ID | H14: WESTLAKE | I14: TT | J14: 14G | K14: / | L14: / | M14: 3000
A15: SNI | B15: (ID-WL-TBR-SNI)ID7.50R16-14PR(122/118L)[AZ601+]威狮 | C15: (ID-WL-TBR-SNI)ID7.50R16-14PR(122/118L)[AZ601+]WESTLAKE | D15: ID7.50R16-14PR(122/118L)[AZ601+]威狮 | F15: 0721688040057 | G15: 0105045809532ID | H15: WESTLAKE | I15: TT | J15: 14G | K15: / | L15: / | M15: 3000

Sheet expert items
A1: market | B1: ERP Label Code - Chinese | C1: ERP Label Code - English | D1: 规格 specification | E1: 有无模版template | F1: EANCODE | G1: ERP CODE | H1: 品牌 Brand | I1: TT/TL | J1: M+S标记 | K1: 泥雪地 牵引标识位置 | L1: QTY | M1: RR | N1: W1.24t | O1: 噪音 | P1: 噪音等级 | Q1: pickup date
A2: OEM | B2: (ID-ITARO-TBR-OEM)ID11R22.5-16PR(146/143L)[KOBE DPM]ITARO无内 | C2: (ID-ITARO-TBR-OEM)ID11R22.5-16PR(146/143L)[KOBE DPM]ITARO TL | D2: ID11R22.5-16PR(146/143L)[KOBE DPM]ITARO无内 | E2: ✅ | G2: 0105045740ID | H2: ITARO | I2: TL | J2: 16H | M2: 3000
A3: PT | B3: (ID-WL-TBR-PT)ID11R22.5-16PR(148/145L)[AZ599]威狮无内 | C3: (ID-WL-TBR-PT)ID11R22.5-16PR(148/145L)[AZ599]WESTLAKE TL | D3: ID11R22.5-16PR(148/145L)[AZ599]威狮无内 | G3: 0105045672ID | H3: WESTLAKE | I3: TL | J3: 16H | M3: 3000
A4: ATD | B4: (ID-IRONMAN-TBR-ATD)ID11R22.5-16PR(148/145L)[I-28D]IRONMAN无内 SMARTWAY | C4: (ID-IRONMAN-TBR-ATD)ID11R22.5-16PR(148/145L)[I-28D]IRONMAN TL SMARTWAY | D4: ID11R22.5-16PR(148/145L)[I-28D]IRONMAN无内 SMARTWAY | E4: ✅ | G4: 0105045792ID | H4: IRONMAN | I4: TL | J4: 16H | M4: 3000
A5: OEM | B5: (ID-IRONMAN-TBR-OEM)ID215/75R17.5-16PR(135/133L)[I-19A]IRONMAN无内 | C5: (ID-IRONMAN-TBR-OEM)ID215/75R17.5-16PR(135/133L)[I-19A]IRONMAN TL | D5: ID215/75R17.5-16PR(135/133L)[I-19A]IRONMAN无内 | E5: ✅ | G5: 010504326ID | H5: IRONMAN | I5: TL | J5: 16H | M5: 3000
A6: OEM | B6: (ID-HERCULES-TBR-OEM)ID215/75R17.5-16PR(135/133L)[Strong Guard H-RA]HERCULES无内 | C6: (ID-HERCULES-TBR-OEM)ID215/75R17.5-16PR(135/133L)[Strong Guard H-RA]HERCULES TL | D6: ID215/75R17.5-16PR(135/133L)[Strong Guard H-RA]HERCULES无内 | E6: ✅ | G6: 01050457999ID | H6: HERCULES | I6: TL | J6: 16H | M6: 3000
A7: OEM | B7: (ID-HERCULES-TBR-OEM)ID225/70R19.5-14PR(128/126L)[Strong Guard H-RA]HERCULES无内 | C7: (ID-HERCULES-TBR-OEM)ID225/70R19.5-14PR(128/126L)[Strong Guard H-RA]HERCULES TL | D7: ID225/70R19.5-14PR(128/126L)[Strong Guard H-RA]HERCULES无内 | E7: ✅ | G7: 01050458001ID | H7: HERCULES | I7: TL | J7: 14G | M7: 5000
A8: OEM | B8: (ID-IRONMAN-TBR-OEM)ID225/70R19.5-14PR(128/126N)[I-19A]IRONMAN无内 | C8: (ID-IRONMAN-TBR-OEM)ID225/70R19.5-14PR(128/126N)[I-19A]IRONMAN TL | D8: ID225/70R19.5-14PR(128/126N)[I-19A]IRONMAN无内 | E8: ✅ | G8: 01050458003ID | H8: IRONMAN | I8: TL | J8: 14G | M8: 8000
A9: OEM | B9: (ID-IRONMAN-TBR-OEM)ID255/70R22.5-16PR(140/137M)[I-19A]IRONMAN无内 | C9: (ID-IRONMAN-TBR-OEM)ID255/70R22.5-16PR(140/137M)[I-19A]IRONMAN TL | D9: ID255/70R22.5-16PR(140/137M)[I-19A]IRONMAN无内 | E9: ✅ | G9: 01050458004ID | H9: IRONMAN | I9: TL | J9: 16H | M9: 3000
A10: OEM | B10: (ID-MASTERTRACK-TBR-OEM)ID255/70R22.5-16PR(140/137M)[M-TRAC AP]MASTERTRACK无内 | C10: (ID-MASTERTRACK-TBR-OEM)ID255/70R22.5-16PR(140/137M)[M-TRAC AP]MASTERTRACK TL | D10: ID255/70R22.5-16PR(140/137M)[M-TRAC AP]MASTERTRACK无内 | E10: ✅ | G10: 01050458007ID | H10: MASTERTRACK | I10: TL | J10: 16H | M10: 3000
A11: PT | B11: (ID-MASTERTRACK-TBR-PT)ID295/75R22.5-14PR(144/141L)[M-TRAC AP]MASTERTRACK无内 | C11: (ID-MASTERTRACK-TBR-PT)ID295/75R22.5-14PR(144/141L)[M-TRAC AP]MASTERTRACK TL | D11: ID295/75R22.5-14PR(144/141L)[M-TRAC AP]MASTERTRACK无内 | E11: ✅ | G11: 0105045809501ID | H11: MASTERTRACK | I11: TL | J11: 14G | M11: 3000
A12: OEM | B12: (ID-IRONMAN-TBR-OEM)ID295/75R22.5-14PR(144/141M)[I-19A]IRONMAN无内 SMARTWAY | C12: (ID-IRONMAN-TBR-OEM)ID295/75R22.5-14PR(144/141M)[I-19A]IRONMAN TL SMARTWAY | D12: ID295/75R22.5-14PR(144/141M)[I-19A]IRONMAN无内 SMARTWAY | E12: ✅ | G12: 0105045809270ID | H12: IRONMAN | I12: TL | J12: 14G | M12: 3000
A13: OEM | B13: (ID-IRONMAN-TBR-OEM)ID295/75R22.5-14PR(144/141M)[I-48T]IRONMAN无内 SMARTWAY | C13: (ID-IRONMAN-TBR-OEM)ID295/75R22.5-14PR(144/141M)[I-48T]IRONMAN TL SMARTWAY | D13: ID295/75R22.5-14PR(144/141M)[I-48T]IRONMAN无内 SMARTWAY | E13: ✅ | G13: 01050458006ID | H13: IRONMAN | I13: TL | J13: 14G | M13: 3000
A14: OEM | B14: (ID-ITARO-TBR-OEM)ID295/75R22.5-16PR(146/143L)[KOBE APM]ITARO无内 | C14: (ID-ITARO-TBR-OEM)ID295/75R22.5-16PR(146/143L)[KOBE APM]ITARO TL | D14: ID295/75R22.5-16PR(146/143L)[KOBE APM]ITARO无内 | E14: ✅ | G14: 0105045739ID | H14: ITARO | I14: TL | J14: 16H | M14: 3000
A15: OEM | B15: (ID-ITARO-TBR-OEM)ID295/75R22.5-16PR(146/143M)[KOBE TPM]ITARO无内 | C15: (ID-ITARO-TBR-OEM)ID295/75R22.5-16PR(146/143M)[KOBE TPM]ITARO TL | D15: ID295/75R22.5-16PR(146/143M)[KOBE TPM]ITARO无内 | E15: ✅ | G15: 0105045742ID | H15: ITARO | I15: TL | J15: 16H | M15: 3000
A16: OEM | B16: (ID-XBRI-TBR-OEM)ID295/80R22.5-18PR(150/147M)[ECOPLUS]XBRI无内 巴拉圭 | C16: (ID-XBRI-TBR-OEM)ID295/80R22.5-18PR(150/147M)[ECOPLUS]XBRI无内 巴拉圭 | D16: ID295/80R22.5-18PR(150/147M)[ECOPLUS]XBRI无内 巴拉圭 | G16: 0105045726ID | H16: XBRI | I16: TL | J16: 18J | M16: 10000
A17: PT | B17: (ID-WL-TBR-PT)ID315/80R22.5-20PR(157/154K)[CR926B]威狮无内 | C17: (ID-WL-TBR-PT)ID315/80R22.5-20PR(157/154K)[CR926B]WESTLAKE TL | D17: ID315/80R22.5-20PR(157/154K)[CR926B]威狮无内 | G17: 01050457955ID | H17: WESTLAKE | I17: TL | J17: 20L | M17: 3000
A18: PT | B18: (ID-YR-TBR-PT)ID11.00R20-18PR(152/149F)[EZ330A]雅度 | C18: (ID-YR-TBR-PT)ID11.00R20-18PR(152/149F)[EZ330A]YARTU | D18: ID11.00R20-18PR(152/149F)[EZ330A]雅度 | G18: 0105045809269ID | H18: YARTU | I18: TT | J18: 18J | M18: 3000
A19: BX | B19: (ID-WL-PCR-BX)ID175/65R14PR[Z-108]82H 西湖无内 | C19: (ID-WL-PCR-BX)ID175/65R14PR[Z-108]82H WESTLAKE TL | D19: ID175/65R14PR[Z-108]82H 西湖无内 | G19: 0105045809491ID | H19: WESTLAKE | I19: TL | J19: 14G | M19: 10000 | N19: F | O19: E | P19: 73 | Q19: 3
A20: BX | B20: (ID-WL-PCR-BX)ID185/70R14PR[Z-108]88T 西湖无内 | C20: (ID-WL-PCR-BX)ID185/70R14PR[Z-108]88T WESTLAKE TL | D20: ID185/70R14PR[Z-108]88T 西湖无内 | G20: 0105045809490ID | H20: WESTLAKE | I20: TL | J20: 14G | M20: 10000 | N20: F | O20: E | P20: 73 | Q20: 3
A21: BX | B21: (ID-WL-PCR-BX)ID175/70R14PR[Z-108]84T 西湖无内 | C21: (ID-WL-PCR-BX)ID175/70R14PR[Z-108]84T WESTLAKE TL | D21: ID175/70R14PR[Z-108]84T 西湖无内 | G21: 0105045809492ID | H21: WESTLAKE | I21: TL | J21: 14G | M21: 10000 | N21: F | O21: E | P21: 73 | Q21: 3
A22: PT | B22: (ID-WL-ST-PT)IDST175/80R13-6PR[ST100]91/87M 西湖无内 | C22: (ID-WL-ST-PT)IDST175/80R13-6PR[ST100]91/87M WESTLAKE TL | D22: IDST175/80R13-6PR[ST100]91/87M 西湖无内 | G22: 0105045809485ID | H22: WESTLAKE | I22: TL | J22: 6C | M22: 5000
A23: PT | B23: (ID-GR-ST-PT)IDST205/75R15-6PR[ST200]101/97M GOODRIDE(好运)无内 | C23: (ID-GR-ST-PT)IDST205/75R15-6PR[ST200]101/97M GOODRIDE TL | D23: IDST205/75R15-6PR[ST200]101/97M GOODRIDE(好运)无内 | G23: 0105045809384ID | H23: GOODRIDE | I23: TL | J23: 6C | M23: 5000
A24: PT | B24: (ID-WL-ST-PT)IDST235/80R16-10PR[ST100]124/120M 西湖无内 | C24: (ID-WL-ST-PT)IDST235/80R16-10PR[ST100]124/120M WESTLAKE TL | D24: IDST235/80R16-10PR[ST100]124/120M 西湖无内 | G24: 0105045809477ID | H24: WESTLAKE | I24: TL | J24: 10E | M24: 20000
A25: newitems
A26: PT | B26: (ID-MASTERTRACK-TBR-OEM)ID285/75R24.5-16PR(147/144L)[M-TRAC CSD]MASTERTRACK无内 | C26: (ID-MASTERTRACK-TBR-OEM)ID285/75R24.5-16PR(147/144L)[M-TRAC CSD]MASTERTRACK TL | D26: ID285/75R24.5-16PR(147/144L)[M-TRAC CSD]MASTERTRACK无内 | E26: ✅ | G26: 01050458095323ID | H26: MASTERTRACK | I26: TL | J26: 16H | M26: 3000
A27: BX | D27: ID295/80R22.5-18PR(152/149M)[AT161]SUDESTE无内 | H27: SUDESTE | I27: TL | J27: 18J | M27: 5000
A28: PT | B28: (ID-HERCULES-BIAS-OEM)ID5.70-12-6PR[STRONG GUARD SS]97A2 HERCULES无内 | C28: (ID-HERCULES-BIAS-OEM)ID5.70-12-6PR[STRONG GUARD SS]97A2 HERCULES TL | D28: ID5.70-12-6PR[STRONG GUARD SS]97A2 HERCULES无内 | E28: ✅ | G28: 01050458095327ID | H28: HERCULES | I28: TL | J28: 6C | M28: 3000
A29: PT | B29: (ID-HERCULES-BIAS-OEM)ID14.5/75-16.1SL-10PR[STRONG GUARD F-3]121A8 HERCULES无内 | C29: (ID-HERCULES-BIAS-OEM)ID14.5/75-16.1SL-10PR[STRONG GUARD F-3]121A8 HERCULES TL | D29: ID14.5/75-16.1SL-10PR[STRONG GUARD F-3]121A8 HERCULES无内 | E29: ✅ | G29: 01050458095328ID | H29: HERCULES | I29: TL | J29: 10E | M29: 3000
A30: BX | B30: (ID-TN-PCR-BX)ID165/70R13PR[T-118]79T TRAZANO(全诺)无内 | C30: (ID-TN-PCR-BX)ID165/70R13PR[T-118]79T TRAZANO TL | D30: ID165/70R13PR[T-118]79T TRAZANO(全诺)无内 | E30: 等认证 | F30: 0721688040095 | G30: 01050458095329ID | H30: TRAZANO | I30: TL | M30: 6000
A31: BX | B31: (ID-WL-PCR-BX)ID165/70R13PR[Z-108]79T 西湖无内 | C31: (ID-WL-PCR-BX)ID165/70R13PR[Z-108]79T WESTLAKE TL | D31: ID165/70R13PR[Z-108]79T 西湖无内 | F31: 0721688040101 | G31: 01050458095330ID | H31: WESTLAKE | I31: TL | M31: 6000 | N31: F | O31: E | P31: 73 | Q31: 3
A32: BX | B32: (ID-TN-PCR-BX)ID175/70R13PR[T-118]82T TRAZANO(全诺)无内 | C32: (ID-TN-PCR-BX)ID175/70R13PR[T-118]82T TRAZANO TL | D32: ID175/70R13PR[T-118]82T TRAZANO(全诺)无内 | E32: 等认证 | F32: 0721688040118 | G32: 01050458095331ID | H32: TRAZANO | I32: TL | M32: 10000
A33: BX | B33: (ID-WL-PCR-BX)ID175/70R13PR[Z-108]82T 西湖无内 | C33: (ID-WL-PCR-BX)ID175/70R13PR[Z-108]82T WESTLAKE TL | D33: ID175/70R13PR[Z-108]82T 西湖无内 | F33: 0721688040125 | G33: 01050458095332ID | H33: WESTLAKE | I33: TL | M33: 10000 | N33: F | O33: E | P33: 73 | Q33: 3
A34: BX | B34: (ID-TN-PCR-BX)ID175/65R14PR[T-118]82H TRAZANO(全诺)无内 | C34: (ID-TN-PCR-BX)ID175/65R14PR[T-118]82H TRAZANO TL | D34: ID175/65R14PR[T-118]82H TRAZANO(全诺)无内 | E34: 等认证 | F34: 0721688040132 | G34: 01050458095333ID | H34: TRAZANO | I34: TL | M34: 6000
A35: BX | B35: (ID-TN-PCR-BX)ID165/70R14PR[T-118]81T TRAZANO(全诺)无内 | C35: (ID-TN-PCR-BX)ID165/70R14PR[T-118]81T TRAZANO TL | D35: ID165/70R14PR[T-118]81T TRAZANO(全诺)无内 | E35: 等认证 | F35: 0721688040149 | G35: 01050458095334ID | H35: TRAZANO | I35: TL | M35: 6000
A36: BX | B36: (ID-WL-PCR-BX)ID165/70R14PR[Z-108]81T 西湖无内 | C36: (ID-WL-PCR-BX)ID165/70R14PR[Z-108]81T WESTLAKE TL | D36: ID165/70R14PR[Z-108]81T 西湖无内 | F36: 0721688040156 | G36: 01050458095335ID | H36: WESTLAKE | I36: TL | M36: 6000 | N36: F | O36: E | P36: 73 | Q36: 3
A37: BX | B37: (ID-TN-PCR-BX)ID185/65R14PR[T-118]86H TRAZANO(全诺)无内 | C37: (ID-TN-PCR-BX)ID185/65R14PR[T-118]86H TRAZANO TL | D37: ID185/65R14PR[T-118]86H TRAZANO(全诺)无内 | E37: 等认证 | F37: 0721688040163 | G37: 01050458095336ID | H37: TRAZANO | I37: TL | M37: 6000
A38: BX | B38: (ID-WL-PCR-BX)ID185/65R14PR[Z-108]86H 西湖无内 | C38: (ID-WL-PCR-BX)ID185/65R14PR[Z-108]86H WESTLAKE TL | D38: ID185/65R14PR[Z-108]86H 西湖无内 | F38: 0721688040170 | G38: 01050458095337ID | H38: WESTLAKE | I38: TL | M38: 6000 | N38: F | O38: E | P38: 73 | Q38: 3
A39: BX | B39: (ID-TN-PCR-BX)ID185/70R14PR[T-118]88T TRAZANO(全诺)无内 | C39: (ID-TN-PCR-BX)ID185/70R14PR[T-118]88T TRAZANO TL | D39: ID185/70R14PR[T-118]88T TRAZANO(全诺)无内 | E39: 等认证 | F39: 0721688040187 | G39: 01050458095338ID | H39: TRAZANO | I39: TL | M39: 10000
A40: BX | B40: (ID-TN-PCR-BX)ID175/70R14PR[T-118]84T TRAZANO(全诺)无内 | C40: (ID-TN-PCR-BX)ID175/70R14PR[T-118]84T TRAZANO TL | D40: ID175/70R14PR[T-118]84T TRAZANO(全诺)无内 | E40: 等认证 | F40: 0721688040194 | G40: 01050458095339ID | H40: TRAZANO | I40: TL | M40: 10000
A41: PT | B41: (ID-GR-ST-PT)IDST175/80R13-6PR[ST200]91/87M GOODRIDE(好运)无内 NR | C41: (ID-GR-ST-PT)IDST175/80R13-6PR[ST200]91/87M GOODRIDE TL NR | D41: IDST175/80R13-6PR[ST200]91/87M GOODRIDE(好运)无内 NR | F41: 0721688040200 | G41: 01050458095340ID | H41: GOODRIDE | I41: TL | J41: 6C | M41: 6000
A42: PT | B42: (ID-ARISUN-ST-PT)IDST225/75R15-10PR[ST100]117/112M ARISUN无内 | C42: (ID-ARISUN-ST-PT)IDST225/75R15-10PR[ST100]117/112M ARISUN TL | D42: IDST225/75R15-10PR[ST100]117/112M ARISUN无内 | F42: 0721688040217 | G42: 01050458095341ID | H42: ARISUN | I42: TL | J42: 10E | M42: 3000
A43: PT | B43: (ID-ARISUN-ST-PT)IDST205/75R15-8PR[ST100]107/102M ARISUN无内 | C43: (ID-ARISUN-ST-PT)IDST205/75R15-8PR[ST100]107/102M ARISUN TL | D43: IDST205/75R15-8PR[ST100]107/102M ARISUN无内 | F43: 0721688040224 | G43: 01050458095342ID | H43: ARISUN | I43: TL | J43: 8D | M43: 5000
A44: PT | B44: (ID-WL-ST-PT)IDST185R14CPR[TRAILER ST290]104/102N 西湖无内 NR | C44: (ID-WL-ST-PT)IDST185R14CPR[TRAILER ST290]104/102N WESTLAKE TL NR | D44: IDST185R14CPR[TRAILER ST290]104/102N 西湖无内 NR | F44: 0721688040231 | G44: 01050458095343ID | H44: WESTLAKE | I44: TL | J44: 14G | M44: 5000
A45: PT | B45: (ID-WL-ST-PT)IDST195/70R14PR[ST290]96N 威狮无内 XL NR | C45: (ID-WL-ST-PT)IDST195/70R14PR[ST290]96N WESTLAKE TL XL NR | D45: IDST195/70R14PR[ST290]96N 威狮无内 XL NR | F45: 0721688040248 | G45: 01050458095344ID | H45: WESTLAKE | I45: TL | J45: 14G | M45: 5000
A46: PT | B46: (ID-HERCULES-OTR-OEM)ID23×8.50-12-6PR[STRONG GUARD SS]101A2 HERCULES无内 | C46: (ID-HERCULES-OTR-OEM)ID23×8.50-12-6PR[STRONG GUARD SS]101A2 HERCULES TL | D46: ID23×8.50-12-6PR[STRONG GUARD SS]101A2 HERCULES无内 | E46: 90mmx60mm | G46: 0105045809316ID | H46: HERCULES | I46: TL | J46: 6C | M46: 3000
A47: PT | B47: (ID-HERCULES-OTR-OEM)ID26×12-12-8PR[STRONG GUARD R1]119A2 HERCULES无内 | C47: (ID-HERCULES-OTR-OEM)ID26×12-12-8PR[STRONG GUARD R1]119A2 HERCULES TL | D47: ID26×12-12-8PR[STRONG GUARD R1]119A2 HERCULES无内 | E47: ✅ | G47: 0105045809317ID | H47: HERCULES | I47: TL | J47: 8D | M47: 3000
A48: PT | B48: (ID-HERCULES-OTR-OEM)ID27×8.5-15-8PR[STRONG GUARD SS]HERCULES无内 | C48: (ID-HERCULES-OTR-OEM)ID27×8.5-15-8PR[STRONG GUARD SS]HERCULES TL | D48: ID27×8.5-15-8PR[STRONG GUARD SS]HERCULES无内 | E48: ✅ | G48: 0105045809322ID | H48: HERCULES | I48: TL | J48: 8D | M48: 3000
A49: PT | B49: (ID-HERCULES-OTR-OEM)ID29×12.5-15-8PR[STRONG GUARD R1]123A2 HERCULES无内 | C49: (ID-HERCULES-OTR-OEM)ID29×12.5-15-8PR[STRONG GUARD R1]123A2 HERCULES TL | D49: ID29×12.5-15-8PR[STRONG GUARD R1]123A2 HERCULES无内 | E49: ✅ | G49: 0105045809315ID | H49: HERCULES | I49: TL | J49: 8D | M49: 3000

Sheet Sheet1
A1: market | B1: ERP Label Code - Chinese | C1: ERP Label Code - English | D1: 规格 specification | E1: 有无模版template | F1: EANCODE | G1: ERP CODE | H1: 品牌 Brand | I1: TT/TL | J1: PR | K1: M+S标记 | L1: 泥雪地 牵引标识位置 | M1: QTY | N1: RR | O1: W1.24t | P1: 噪音 | Q1: 噪音等级 | R1: pickup date
A2: OEM | B2: (ID-ITARO-TBR-OEM)ID11R22.5-16PR(146/143L)[KOBE DPM]ITARO无内 | C2: (ID-ITARO-TBR-OEM)ID11R22.5-16PR(146/143L)[KOBE DPM]ITARO TL | D2: ID11R22.5-16PR(146/143L)[KOBE DPM]ITARO无内 | E2: ✅ | G2: 0105045740ID | H2: ITARO | I2: TL | J2: 16H | M2: 3000
A3: PT | B3: (ID-WL-TBR-PT)ID11R22.5-16PR(148/145L)[AZ599]威狮无内 | C3: (ID-WL-TBR-PT)ID11R22.5-16PR(148/145L)[AZ599]WESTLAKE TL | D3: ID11R22.5-16PR(148/145L)[AZ599]威狮无内 | G3: 0105045672ID | H3: WESTLAKE | I3: TL | J3: 16H | M3: 3000
A4: ATD | B4: (ID-IRONMAN-TBR-ATD)ID11R22.5-16PR(148/145L)[I-28D]IRONMAN无内 SMARTWAY | C4: (ID-IRONMAN-TBR-ATD)ID11R22.5-16PR(148/145L)[I-28D]IRONMAN TL SMARTWAY | D4: ID11R22.5-16PR(148/145L)[I-28D]IRONMAN无内 SMARTWAY | E4: ✅ | G4: 0105045792ID | H4: IRONMAN | I4: TL | J4: 16H | M4: 3000
A5: OEM | B5: (ID-IRONMAN-TBR-OEM)ID215/75R17.5-16PR(135/133L)[I-19A]IRONMAN无内 | C5: (ID-IRONMAN-TBR-OEM)ID215/75R17.5-16PR(135/133L)[I-19A]IRONMAN TL | D5: ID215/75R17.5-16PR(135/133L)[I-19A]IRONMAN无内 | E5: ✅ | G5: 010504326ID | H5: IRONMAN | I5: TL | J5: 16H | M5: 3000
A6: OEM | B6: (ID-HERCULES-TBR-OEM)ID215/75R17.5-16PR(135/133L)[Strong Guard H-RA]HERCULES无内 | C6: (ID-HERCULES-TBR-OEM)ID215/75R17.5-16PR(135/133L)[Strong Guard H-RA]HERCULES TL | D6: ID215/75R17.5-16PR(135/133L)[Strong Guard H-RA]HERCULES无内 | E6: ✅ | G6: 01050457999ID | H6: HERCULES | I6: TL | J6: 16H | M6: 3000
A7: OEM | B7: (ID-HERCULES-TBR-OEM)ID225/70R19.5-14PR(128/126L)[Strong Guard H-RA]HERCULES无内 | C7: (ID-HERCULES-TBR-OEM)ID225/70R19.5-14PR(128/126L)[Strong Guard H-RA]HERCULES TL | D7: ID225/70R19.5-14PR(128/126L)[Strong Guard H-RA]HERCULES无内 | E7: ✅ | G7: 01050458001ID | H7: HERCULES | I7: TL | J7: 14G | M7: 5000
A8: OEM | B8: (ID-IRONMAN-TBR-OEM)ID225/70R19.5-14PR(128/126N)[I-19A]IRONMAN无内 | C8: (ID-IRONMAN-TBR-OEM)ID225/70R19.5-14PR(128/126N)[I-19A]IRONMAN TL | D8: ID225/70R19.5-14PR(128/126N)[I-19A]IRONMAN无内 | E8: ✅ | G8: 01050458003ID | H8: IRONMAN | I8: TL | J8: 14G | M8: 8000
A9: OEM | B9: (ID-IRONMAN-TBR-OEM)ID255/70R22.5-16PR(140/137M)[I-19A]IRONMAN无内 | C9: (ID-IRONMAN-TBR-OEM)ID255/70R22.5-16PR(140/137M)[I-19A]IRONMAN TL | D9: ID255/70R22.5-16PR(140/137M)[I-19A]IRONMAN无内 | E9: ✅ | G9: 01050458004ID | H9: IRONMAN | I9: TL | J9: 16H | M9: 3000
A10: OEM | B10: (ID-MASTERTRACK-TBR-OEM)ID255/70R22.5-16PR(140/137M)[M-TRAC AP]MASTERTRACK无内 | C10: (ID-MASTERTRACK-TBR-OEM)ID255/70R22.5-16PR(140/137M)[M-TRAC AP]MASTERTRACK TL | D10: ID255/70R22.5-16PR(140/137M)[M-TRAC AP]MASTERTRACK无内 | E10: ✅ | G10: 01050458007ID | H10: MASTERTRACK | I10: TL | J10: 16H | M10: 3000
A11: PT | B11: (ID-MASTERTRACK-TBR-PT)ID295/75R22.5-14PR(144/141L)[M-TRAC AP]MASTERTRACK无内 | C11: (ID-MASTERTRACK-TBR-PT)ID295/75R22.5-14PR(144/141L)[M-TRAC AP]MASTERTRACK TL | D11: ID295/75R22.5-14PR(144/141L)[M-TRAC AP]MASTERTRACK无内 | E11: ✅ | G11: 0105045809501ID | H11: MASTERTRACK | I11: TL | J11: 14G | M11: 3000
A12: OEM | B12: (ID-IRONMAN-TBR-OEM)ID295/75R22.5-14PR(144/141M)[I-19A]IRONMAN无内 SMARTWAY | C12: (ID-IRONMAN-TBR-OEM)ID295/75R22.5-14PR(144/141M)[I-19A]IRONMAN TL SMARTWAY | D12: ID295/75R22.5-14PR(144/141M)[I-19A]IRONMAN无内 SMARTWAY | E12: ✅ | G12: 0105045809270ID | H12: IRONMAN | I12: TL | J12: 14G | M12: 3000
A13: OEM | B13: (ID-IRONMAN-TBR-OEM)ID295/75R22.5-14PR(144/141M)[I-48T]IRONMAN无内 SMARTWAY | C13: (ID-IRONMAN-TBR-OEM)ID295/75R22.5-14PR(144/141M)[I-48T]IRONMAN TL SMARTWAY | D13: ID295/75R22.5-14PR(144/141M)[I-48T]IRONMAN无内 SMARTWAY | E13: ✅ | G13: 01050458006ID | H13: IRONMAN | I13: TL | J13: 14G | M13: 3000
A14: OEM | B14: (ID-ITARO-TBR-OEM)ID295/75R22.5-16PR(146/143L)[KOBE APM]ITARO无内 | C14: (ID-ITARO-TBR-OEM)ID295/75R22.5-16PR(146/143L)[KOBE APM]ITARO TL | D14: ID295/75R22.5-16PR(146/143L)[KOBE APM]ITARO无内 | E14: ✅ | G14: 0105045739ID | H14: ITARO | I14: TL | J14: 16H | M14: 3000
A15: OEM | B15: (ID-ITARO-TBR-OEM)ID295/75R22.5-16PR(146/143M)[KOBE TPM]ITARO无内 | C15: (ID-ITARO-TBR-OEM)ID295/75R22.5-16PR(146/143M)[KOBE TPM]ITARO TL | D15: ID295/75R22.5-16PR(146/143M)[KOBE TPM]ITARO无内 | E15: ✅ | G15: 0105045742ID | H15: ITARO | I15: TL | J15: 16H | M15: 3000
A16: OEM | B16: (ID-XBRI-TBR-OEM)ID295/80R22.5-18PR(150/147M)[ECOPLUS]XBRI无内 巴拉圭 | C16: (ID-XBRI-TBR-OEM)ID295/80R22.5-18PR(150/147M)[ECOPLUS]XBRI无内 巴拉圭 | D16: ID295/80R22.5-18PR(150/147M)[ECOPLUS]XBRI无内 巴拉圭 | G16: 0105045726ID | H16: XBRI | I16: TL | J16: 18J | M16: 10000
A17: PT | B17: (ID-WL-TBR-PT)ID315/80R22.5-20PR(157/154K)[CR926B]威狮无内 | C17: (ID-WL-TBR-PT)ID315/80R22.5-20PR(157/154K)[CR926B]WESTLAKE TL | D17: ID315/80R22.5-20PR(157/154K)[CR926B]威狮无内 | G17: 01050457955ID | H17: WESTLAKE | I17: TL | J17: 20L | M17: 3000
A18: PT | B18: (ID-YR-TBR-PT)ID11.00R20-18PR(152/149F)[EZ330A]雅度 | C18: (ID-YR-TBR-PT)ID11.00R20-18PR(152/149F)[EZ330A]YARTU | D18: ID11.00R20-18PR(152/149F)[EZ330A]雅度 | G18: 0105045809269ID | H18: YARTU | I18: TT | J18: 18J | M18: 3000
A19: SNI | B19: (ID-TIANLI-TBR-SNI)ID11.00R20-18PR(152/149F)[TZ101]TIANLI | C19: (ID-TIANLI-TBR-SNI)ID11.00R20-18PR(152/149F)[TZ101]TIANLI | D19: ID11.00R20-18PR(152/149F)[TZ101]TIANLI | G19: 0105045752ID | H19: TIANLI | I19: TT | J19: 18J | M19: 3000
A20: SNI | B20: (ID-EFFIPLUS-TBR-SNI)ID11.00R20-18PR(152/149K)[AM4S.Q679]EFFIPLUS | C20: (ID-EFFIPLUS-TBR-SNI)ID11.00R20-18PR(152/149K)[AM4S.Q679]EFFIPLUS | D20: ID11.00R20-18PR(152/149K)[AM4S.Q679]EFFIPLUS | G20: 01050457782ID | H20: EFFIPLUS | I20: TT | J20: 18J | M20: 3000
A21: SNI | B21: (ID-EFFIPLUS-TBR-SNI)ID11.00R20-18PR(152/149L)[FOLO.R109]EFFIPLUS | C21: (ID-EFFIPLUS-TBR-SNI)ID11.00R20-18PR(152/149L)[FOLO.R109]EFFIPLUS | D21: ID11.00R20-18PR(152/149L)[FOLO.R109]EFFIPLUS | G21: 01050457786ID | H21: EFFIPLUS | I21: TT | J21: 18J | M21: 3000
A22: SNI | B22: (ID-YR-TBR-SNI)ID12.00R20-20PR(156/153F)[EZ345]雅度 | C22: (ID-YR-TBR-SNI)ID12.00R20-20PR(156/153F)[EZ345]YARTU | D22: ID12.00R20-20PR(156/153F)[EZ345]雅度 | G22: 0105045809319ID | H22: YARTU | I22: TT | J22: 20L | M22: 5000
A23: SNI | B23: (ID-TN-TBR-SNI)ID12.00R20-22PR(158/155F)[TRD-79]TRAZANO(全诺) 东南亚 | C23: (ID-TN-TBR-SNI)ID12.00R20-22PR(158/155F)[TRD-79]TRAZANO | D23: ID12.00R20-22PR(158/155F)[TRD-79]TRAZANO(全诺) 东南亚 | G23: 0105045809529ID | H23: TRAZANO | I23: TT | J23: 22M | M23: 3000
A24: SNI | B24: (ID-YR-TBR-SNI)ID12.00R24-20PR(160/157F)[CB972]雅度 | C24: (ID-YR-TBR-SNI)ID12.00R24-20PR(160/157F)[CB972]YARTU | D24: ID12.00R24-20PR(160/157F)[CB972]雅度 | G24: 010504245ID | H24: YARTU | I24: TT | J24: 20L | M24: 5000
A25: SNI | B25: (ID-TN-TBR-SNI)ID12.00R24-20PR(160/157F)[TRD-79]TRAZANO(全诺) | C25: (ID-TN-TBR-SNI)ID12.00R24-20PR(160/157F)[TRD-79]TRAZANO | D25: ID12.00R24-20PR(160/157F)[TRD-79]TRAZANO(全诺) | G25: 0105045809530ID | H25: TRAZANO | I25: TT | J25: 20L | M25: 3000
A26: SNI | B26: (ID-TIANLI-TBR-SNI)ID7.50R16-14PR(122/118L)[TZ202]TIANLI | C26: (ID-TIANLI-TBR-SNI)ID7.50R16-14PR(122/118L)[TZ202]TIANLI | D26: ID7.50R16-14PR(122/118L)[TZ202]TIANLI | G26: 0105045754ID | H26: TIANLI | I26: TT | J26: 14G | M26: 3000
A27: SNI | B27: (ID-WL-BIAS-SNI)ID7.50-16LT-14PR[MR881]122/118K 威狮 | C27: (ID-WL-BIAS-SNI)ID7.50-16LT-14PR[MR881]122/118K WESTLAKE | D27: ID7.50-16LT-14PR[MR881]122/118K 威狮 | G27: 0105045809259ID | H27: WESTLAKE | I27: TT | J27: 14G | M27: 3000
... A33: PT | B33: (ID-WL-ST-PT)IDST235/80R16-10PR[ST100]124/120M 西湖无内 | C33: (ID-WL-ST-PT)IDST235/80R16-10PR[ST100]124/120M WESTLAKE TL | D33: IDST235/80R16-10PR[ST100]124/120M 西湖无内 | G33: 0105045809477ID | H33: WESTLAKE | I33: TL | J33: 10E | M33: 20000
A34: newitems
A35: PT | B35: (ID-MASTERTRACK-TBR-OEM)ID285/75R24.5-16PR(147/144L)[M-TRAC CSD]MASTERTRACK无内 | C35: (ID-MASTERTRACK-TBR-OEM)ID285/75R24.5-16PR(147/144L)[M-TRAC CSD]MASTERTRACK TL | D35: ID285/75R24.5-16PR(147/144L)[M-TRAC CSD]MASTERTRACK无内 | E35: ✅ | G35: 01050458095323ID | H35: MASTERTRACK | I35: TL | J35: 16H | M35: 3000
A36: BX | D36: ID295/80R22.5-18PR(152/149M)[AT161]SUDESTE无内 | H36: SUDESTE | I36: TL | J36: 18J | M36: 5000
A37: SNI | B37: (ID-YR-TBR-SNI)ID7.50R16-14PR(122/118F)[CB972pro]雅度 | C37: (ID-YR-TBR-SNI)ID7.50R16-14PR(122/118F)[CB972pro]YARTU | D37: ID7.50R16-14PR(122/118F)[CB972pro]雅度 | F37: 0721688040064 | G37: 01050458095324ID | H37: YARTU | I37: TT | J37: 14G | K37: / | L37: / | M37: 3000
A38: SNI | B38: (ID-GR-TBR-SNI)ID7.50R16-14PR(122/118F)[CB972pro]好运 | C38: (ID-GR-TBR-SNI)ID7.50R16-14PR(122/118F)[CB972pro]GOODRIDE | D38: ID7.50R16-14PR(122/118F)[CB972pro]好运 | F38: 0721688040071 | G38: 01050458095325ID | H38: GOODRIDE | I38: TT | J38: 14G | K38: / | L38: / | M38: 3000
A39: SNI | B39: (ID-WL-TBR-SNI)ID7.50R16-14PR(122/118F)[CB972pro]威狮 | C39: (ID-WL-TBR-SNI)ID7.50R16-14PR(122/118F)[CB972pro]WESTLAKE | D39: ID7.50R16-14PR(122/118F)[CB972pro]威狮 | F39: 0721688040088 | G39: 01050458095326ID | H39: WESTLAKE | I39: TT | J39: 14G | K39: / | L39: / | M39: 3000
A40: SNI | B40: (ID-WL-TBR-SNI)ID7.50R16-14PR(122/118L)[AZ601+]威狮 | C40: (ID-WL-TBR-SNI)ID7.50R16-14PR(122/118L)[AZ601+]WESTLAKE | D40: ID7.50R16-14PR(122/118L)[AZ601+]威狮 | F40: 0721688040057 | G40: 0105045809532ID | H40: WESTLAKE | I40: TT | J40: 14G | K40: / | L40: / | M40: 3000
A41: PT | B41: (ID-HERCULES-BIAS-OEM)ID5.70-12-6PR[STRONG GUARD SS]97A2 HERCULES无内 | C41: (ID-HERCULES-BIAS-OEM)ID5.70-12-6PR[STRONG GUARD SS]97A2 HERCULES TL | D41: ID5.70-12-6PR[STRONG GUARD SS]97A2 HERCULES无内 | E41: ✅ | G41: 01050458095327ID | H41: HERCULES | I41: TL | J41: 6C | M41: 3000
A42: PT | B42: (ID-HERCULES-BIAS-OEM)ID14.5/75-16.1SL-10PR[STRONG GUARD F-3]121A8 HERCULES无内 | C42: (ID-HERCULES-BIAS-OEM)ID14.5/75-16.1SL-10PR[STRONG GUARD F-3]121A8 HERCULES TL | D42: ID14.5/75-16.1SL-10PR[STRONG GUARD F-3]121A8 HERCULES无内 | E42: ✅ | G42: 01050458095328ID | H42: HERCULES | I42: TL | J42: 10E | M42: 3000
A43: BX | B43: (ID-TN-PCR-BX)ID165/70R13PR[T-118]79T TRAZANO(全诺)无内 | C43: (ID-TN-PCR-BX)ID165/70R13PR[T-118]79T TRAZANO TL | D43: ID165/70R13PR[T-118]79T TRAZANO(全诺)无内 | E43: 等认证 | F43: 0721688040095 | G43: 01050458095329ID | H43: TRAZANO | I43: TL | M43: 6000
A44: BX | B44: (ID-WL-PCR-BX)ID165/70R13PR[Z-108]79T 西湖无内 | C44: (ID-WL-PCR-BX)ID165/70R13PR[Z-108]79T WESTLAKE TL | D44: ID165/70R13PR[Z-108]79T 西湖无内 | F44: 0721688040101 | G44: 01050458095330ID | H44: WESTLAKE | I44: TL | M44: 6000 | N44: F | O44: E | P44: 73 | Q44: 3
A45: BX | B45: (ID-TN-PCR-BX)ID175/70R13PR[T-118]82T TRAZANO(全诺)无内 | C45: (ID-TN-PCR-BX)ID175/70R13PR[T-118]82T TRAZANO TL | D45: ID175/70R13PR[T-118]82T TRAZANO(全诺)无内 | E45: 等认证 | F45: 0721688040118 | G45: 01050458095331ID | H45: TRAZANO | I45: TL | M45: 10000
A46: BX | B46: (ID-WL-PCR-BX)ID175/70R13PR[Z-108]82T 西湖无内 | C46: (ID-WL-PCR-BX)ID175/70R13PR[Z-108]82T WESTLAKE TL | D46: ID175/70R13PR[Z-108]82T 西湖无内 | F46: 0721688040125 | G46: 01050458095332ID | H46: WESTLAKE | I46: TL | M46: 10000 | N46: F | O46: E | P46: 73 | Q46: 3
A47: BX | B47: (ID-TN-PCR-BX)ID175/65R14PR[T-118]82H TRAZANO(全诺)无内 | C47: (ID-TN-PCR-BX)ID175/65R14PR[T-118]82H TRAZANO TL | D47: ID175/65R14PR[T-118]82H TRAZANO(全诺)无内 | E47: 等认证 | F47: 0721688040132 | G47: 01050458095333ID | H47: TRAZANO | I47: TL | M47: 6000
A48: BX | B48: (ID-TN-PCR-BX)ID165/70R14PR[T-118]81T TRAZANO(全诺)无内 | C48: (ID-TN-PCR-BX)ID165/70R14PR[T-118]81T TRAZANO TL | D48: ID165/70R14PR[T-118]81T TRAZANO(全诺)无内 | E48: 等认证 | F48: 0721688040149 | G48: 01050458095334ID | H48: TRAZANO | I48: TL | M48: 6000
A49: BX | B49: (ID-WL-PCR-BX)ID165/70R14PR[Z-108]81T 西湖无内 | C49: (ID-WL-PCR-BX)ID165/70R14PR[Z-108]81T WESTLAKE TL | D49: ID165/70R14PR[Z-108]81T 西湖无内 | F49: 0721688040156 | G49: 01050458095335ID | H49: WESTLAKE | I49: TL | M49: 6000 | N49: F | O49: E | P49: 73 | Q49: 3
A50: BX | B50: (ID-TN-PCR-BX)ID185/65R14PR[T-118]86H TRAZANO(全诺)无内 | C50: (ID-TN-PCR-BX)ID185/65R14PR[T-118]86H TRAZANO TL | D50: ID185/65R14PR[T-118]86H TRAZANO(全诺)无内 | E50: 等认证 | F50: 0721688040163 | G50: 01050458095336ID | H50: TRAZANO | I50: TL | M50: 6000
A51: BX | B51: (ID-WL-PCR-BX)ID185/65R14PR[Z-108]86H 西湖无内 | C51: (ID-WL-PCR-BX)ID185/65R14PR[Z-108]86H WESTLAKE TL | D51: ID185/65R14PR[Z-108]86H 西湖无内 | F51: 0721688040170 | G51: 01050458095337ID | H51: WESTLAKE | I51: TL | M51: 6000 | N51: F | O51: E | P51: 73 | Q51: 3
A52: BX | B52: (ID-TN-PCR-BX)ID185/70R14PR[T-118]88T TRAZANO(全诺)无内 | C52: (ID-TN-PCR-BX)ID185/70R14PR[T-118]88T TRAZANO TL | D52: ID185/70R14PR[T-118]88T TRAZANO(全诺)无内 | E52: 等认证 | F52: 0721688040187 | G52: 01050458095338ID | H52: TRAZANO | I52: TL | M52: 10000
A53: BX | B53: (ID-TN-PCR-BX)ID175/70R14PR[T-118]84T TRAZANO(全诺)无内 | C53: (ID-TN-PCR-BX)ID175/70R14PR[T-118]84T TRAZANO TL | D53: ID175/70R14PR[T-118]84T TRAZANO(全诺)无内 | E53: 等认证 | F53: 0721688040194 | G53: 01050458095339ID | H53: TRAZANO | I53: TL | M53: 10000
A54: PT | B54: (ID-GR-ST-PT)IDST175/80R13-6PR[ST200]91/87M GOODRIDE(好运)无内 NR | C54: (ID-GR-ST-PT)IDST175/80R13-6PR[ST200]91/87M GOODRIDE TL NR | D54: IDST175/80R13-6PR[ST200]91/87M GOODRIDE(好运)无内 NR | F54: 0721688040200 | G54: 01050458095340ID | H54: GOODRIDE | I54: TL | J54: 6C | M54: 6000
A55: PT | B55: (ID-ARISUN-ST-PT)IDST225/75R15-10PR[ST100]117/112M ARISUN无内 | C55: (ID-ARISUN-ST-PT)IDST225/75R15-10PR[ST100]117/112M ARISUN TL | D55: IDST225/75R15-10PR[ST100]117/112M ARISUN无内 | F55: 0721688040217 | G55: 01050458095341ID | H55: ARISUN | I55: TL | J55: 10E | M55: 3000
A56: PT | B56: (ID-ARISUN-ST-PT)IDST205/75R15-8PR[ST100]107/102M ARISUN无内 | C56: (ID-ARISUN-ST-PT)IDST205/75R15-8PR[ST100]107/102M ARISUN TL | D56: IDST205/75R15-8PR[ST100]107/102M ARISUN无内 | F56: 0721688040224 | G56: 01050458095342ID | H56: ARISUN | I56: TL | J56: 8D | M56: 5000
A57: PT | B57: (ID-WL-ST-PT)IDST185R14CPR[TRAILER ST290]104/102N 西湖无内 NR | C57: (ID-WL-ST-PT)IDST185R14CPR[TRAILER ST290]104/102N WESTLAKE TL NR | D57: IDST185R14CPR[TRAILER ST290]104/102N 西湖无内 NR | F57: 0721688040231 | G57: 01050458095343ID | H57: WESTLAKE | I57: TL | J57: 14G | M57: 5000
A58: PT | B58: (ID-WL-ST-PT)IDST195/70R14PR[ST290]96N 威狮无内 XL NR | C58: (ID-WL-ST-PT)IDST195/70R14PR[ST290]96N WESTLAKE TL XL NR | D58: IDST195/70R14PR[ST290]96N 威狮无内 XL NR | F58: 0721688040248 | G58: 01050458095344ID | H58: WESTLAKE | I58: TL | J58: 14G | M58: 5000
A59: PT | B59: (ID-HERCULES-OTR-OEM)ID23×8.50-12-6PR[STRONG GUARD SS]101A2 HERCULES无内 | C59: (ID-HERCULES-OTR-OEM)ID23×8.50-12-6PR[STRONG GUARD SS]101A2 HERCULES TL | D59: ID23×8.50-12-6PR[STRONG GUARD SS]101A2 HERCULES无内 | E59: 90mmx60mm | G59: 0105045809316ID | H59: HERCULES | I59: TL | J59: 6C | M59: 3000
A60: PT | B60: (ID-HERCULES-OTR-OEM)ID26×12-12-8PR[STRONG GUARD R1]119A2 HERCULES无内 | C60: (ID-HERCULES-OTR-OEM)ID26×12-12-8PR[STRONG GUARD R1]119A2 HERCULES TL | D60: ID26×12-12-8PR[STRONG GUARD R1]119A2 HERCULES无内 | E60: ✅ | G60: 0105045809317ID | H60: HERCULES | I60: TL | J60: 8D | M60: 3000
A61: PT | B61: (ID-HERCULES-OTR-OEM)ID27×8.5-15-8PR[STRONG GUARD SS]HERCULES无内 | C61: (ID-HERCULES-OTR-OEM)ID27×8.5-15-8PR[STRONG GUARD SS]HERCULES TL | D61: ID27×8.5-15-8PR[STRONG GUARD SS]HERCULES无内 | E61: ✅ | G61: 0105045809322ID | H61: HERCULES | I61: TL | J61: 8D | M61: 3000
A62: PT | B62: (ID-HERCULES-OTR-OEM)ID29×12.5-15-8PR[STRONG GUARD R1]123A2 HERCULES无内 | C62: (ID-HERCULES-OTR-OEM)ID29×12.5-15-8PR[STRONG GUARD R1]123A2 HERCULES TL | D62: ID29×12.5-15-8PR[STRONG GUARD R1]123A2 HERCULES无内 | E62: ✅ | G62: 0105045809315ID | H62: HERCULES | I62: TL | J62: 8D | M62: 3000

Sheet 销售需求表
A1: 2025年7月外贸印尼计划需求
A2: 产品名称
A3: ID10.00-20-14PR[CR918]威狮 | B3: 450 | C3: 北美 | D3: =MID(A3,FIND("-",A3)+1,2) -> 20 | E3: 载重 | F3: =E3&D3&"寸" -> 载重20寸 | G3: =VLOOKUP(A3,'7月排产计划'!G3:G517,1,0) -> ID10.00-20-14PR[CR918]威狮
A4: ID10.00-20-16PR[CR952]146/142G 威狮 | B4: 280 | C4: 亚 | D4: =MID(A4,FIND("-",A4)+1,2) -> 20 | E4: 载重 | F4: =E4&D4&"寸" -> 载重20寸 | G4: =VLOOKUP(A4,'7月排产计划'!G4:G518,1,0) -> ID10.00-20-16PR[CR952]146/142G 威狮
A5: ID10.00-20-16PR[R9037]146/142G 朝阳 | B5: 2000 | C5: 亚 | D5: =MID(A5,FIND("-",A5)+1,2) -> 20 | E5: 载重 | F5: =E5&D5&"寸" -> 载重20寸 | G5: =VLOOKUP(A5,'7月排产计划'!G5:G519,1,0) -> ID10.00-20-16PR[R9037]146/142G 朝阳
A6: ID10.00-20-16PR[R9037]146/142G 金冠 | B6: 2000 | C6: 亚 | D6: =MID(A6,FIND("-",A6)+1,2) -> 20 | E6: 载重 | F6: =E6&D6&"寸" -> 载重20寸 | G6: =VLOOKUP(A6,'7月排产计划'!G6:G520,1,0) -> ID10.00-20-16PR[R9037]146/142G 金冠
A7: ID10.00-20-18PR[AB111]150/145G ASCENDO | B7: 180 | C7: 亚 | D7: =MID(A7,FIND("-",A7)+1,2) -> 20 | E7: 载重 | F7: =E7&D7&"寸" -> 载重20寸 | G7: =VLOOKUP(A7,'7月排产计划'!G7:G521,1,0) -> ID10.00-20-18PR[AB111]150/145G ASCENDO
A8: ID10.00-20-18PR[AB316]150/145G ASCENDO | B8: 500 | C8: 亚 | D8: =MID(A8,FIND("-",A8)+1,2) -> 20 | E8: 载重 | F8: =E8&D8&"寸" -> 载重20寸 | G8: =VLOOKUP(A8,'7月排产计划'!G8:G522,1,0) -> ID10.00-20-18PR[AB316]150/145G ASCENDO
A9: ID10.00-20-18PR[CL956]150/145G 金冠 | B9: 1000 | C9: 亚 | D9: =MID(A9,FIND("-",A9)+1,2) -> 20 | E9: 载重 | F9: =E9&D9&"寸" -> 载重20寸 | G9: =VLOOKUP(A9,'7月排产计划'!G9:G523,1,0) -> ID10.00-20-18PR[CL956]150/145G 金冠
A10: ID10.00-20-18PR[CR952]150/145G TRAZANO(全诺) | B10: 2000 | C10: 亚 | D10: =MID(A10,FIND("-",A10)+1,2) -> 20 | E10: 载重 | F10: =E10&D10&"寸" -> 载重20寸 | G10: =VLOOKUP(A10,'7月排产计划'!G10:G524,1,0) -> ID10.00-20-18PR[CR952]150/145G TRAZANO(全诺)
A11: ID10.00-20-18PR[CR952]150/145G 金冠 | B11: 2000 | C11: 亚 | D11: =MID(A11,FIND("-",A11)+1,2) -> 20 | E11: 载重 | F11: =E11&D11&"寸" -> 载重20寸 | G11: =VLOOKUP(A11,'7月排产计划'!G11:G525,1,0) -> ID10.00-20-18PR[CR952]150/145G 金冠
A12: ID10.00-20-18PR[CR952]150/145G 威狮 | B12: 560 | C12: 亚 | D12: =MID(A12,FIND("-",A12)+1,2) -> 20 | E12: 载重 | F12: =E12&D12&"寸" -> 载重20寸 | G12: =VLOOKUP(A12,'7月排产计划'!G12:G526,1,0) -> ID10.00-20-18PR[CR952]150/145G 威狮
A13: ID10.00-20-18PR[M9097]150/145G 朝阳 | B13: 2000 | C13: 亚 | D13: =MID(A13,FIND("-",A13)+1,2) -> 20 | E13: 载重 | F13: =E13&D13&"寸" -> 载重20寸 | G13: =VLOOKUP(A13,'7月排产计划'!G13:G527,1,0) -> ID10.00-20-18PR[M9097]150/145G 朝阳
A14: ID10.00-20-18PR[M9097]150/145G 金冠 | B14: 850 | C14: 亚 | D14: =MID(A14,FIND("-",A14)+1,2) -> 20 | E14: 载重 | F14: =E14&D14&"寸" -> 载重20寸 | G14: =VLOOKUP(A14,'7月排产计划'!G14:G528,1,0) -> ID10.00-20-18PR[M9097]150/145G 金冠
... A41: ID7.50-16LT-14PR[MX882]122/118K 威狮 | B41: 1300 | C41: 亚 | D41: =MID(A41,FIND("-",A41)+1,2) -> 16 | E41: 轻卡 | F41: =E41&D41&"寸" -> 轻卡16寸 | G41: =VLOOKUP(A41,'7月排产计划'!G41:G555,1,0) -> ID7.50-16LT-14PR[MX882]122/118K 威狮
A42: IDST205/75D15-6PR[TE898]101/97L TRANSEAGLE无内 | B42: 500 | C42: 北美 | D42: =MID(A42,FIND("-",A42)-2,2) -> 15 | E42: ST | F42: =E42&D42&"寸" -> ST15寸 | G42: =VLOOKUP(A42,'7月排产计划'!G42:G556,1,0) -> IDST205/75D15-6PR[TE898]101/97L TRANSEAGLE无内
A43: ID14.5/75-16.1SL-10PR[STRONG GUARD F-3]121A8 HERCULES无内 | B43: 140 | C43: 天津 | D43: =MID(A43,FIND("-",A43)+1,4) -> 16.1 | E43: ATD | F43: =E43&D43&"寸" -> ATD16.1寸 | G43: =VLOOKUP(A43,'7月排产计划'!G49:G563,1,0) -> ID14.5/75-16.1SL-10PR[STRONG GUARD F-3]121A8 HERCULES无内
A44: ID23.5-25-20PR[T318]天力 | B44: 40 | C44: OTR | D44: =MID(A44,FIND("-",A44)+1,2) -> 25 | E44: 工程胎 | F44: =E44&D44&"寸" -> 工程胎25寸 | G44: =VLOOKUP(A44,'7月排产计划'!G50:G564,1,0) -> ID23.5-25-20PR[T318]天力
A45: ID23.5-25-24PR[CL728]威狮 东南亚 | B45: 240 | C45: 亚 | D45: =MID(A45,FIND("-",A45)+1,2) -> 25 | E45: 工程胎 | F45: =E45&D45&"寸" -> 工程胎25寸 | G45: =VLOOKUP(A45,'7月排产计划'!G51:G565,1,0) -> ID23.5-25-24PR[CL728]威狮 东南亚
A46: ID23×8.50-12-6PR[STRONG GUARD SS]101A2 HERCULES无内 | B46: 160 | C46: 天津 | D46: =MID(A46,FIND("-",A46)+1,2) -> 12 | E46: ATD | F46: =E46&D46&"寸" -> ATD12寸 | G46: =VLOOKUP(A46,'7月排产计划'!G52:G566,1,0) -> ID23×8.50-12-6PR[STRONG GUARD SS]101A2 HERCULES无内
A47: ID26×12-12-8PR[STRONG GUARD R1]119A2 HERCULES无内 | B47: 250 | C47: 天津 | D47: =MID(A47,FIND("-",A47)+1,2) -> 12 | E47: ATD | F47: =E47&D47&"寸" -> ATD12寸 | G47: =VLOOKUP(A47,'7月排产计划'!G53:G567,1,0) -> ID26×12-12-8PR[STRONG GUARD R1]119A2 HERCULES无内
A48: ID27×8.5-15-8PR[STRONG GUARD SS]HERCULES无内 | B48: 420 | C48: 天津 | D48: =MID(A48,FIND("-",A48)+1,2) -> 15 | E48: ATD | F48: =E48&D48&"寸" -> ATD15寸 | G48: =VLOOKUP(A48,'7月排产计划'!G54:G568,1,0) -> ID27×8.5-15-8PR[STRONG GUARD SS]HERCULES无内
A49: ID29×12.5-15-8PR[STRONG GUARD R1]123A2 HERCULES无内 | B49: 100 | C49: 天津 | D49: =MID(A49,FIND("-",A49)+1,2) -> 15 | E49: ATD | F49: =E49&D49&"寸" -> ATD15寸 | G49: =VLOOKUP(A49,'7月排产计划'!G55:G569,1,0) -> ID29×12.5-15-8PR[STRONG GUARD R1]123A2 HERCULES无内
A50: ID5.70-12-6PR[STRONG GUARD SS]97A2 HERCULES无内 | B50: 180 | C50: 天津 | D50: =MID(A50,FIND("-",A50)+1,2) -> 12 | E50: ATD | F50: =E50&D50&"寸" -> ATD12寸 | G50: =VLOOKUP(A50,'7月排产计划'!G56:G570,1,0) -> ID5.70-12-6PR[STRONG GUARD SS]97A2 HERCULES无内
G51: =VLOOKUP(A51,'7月排产计划'!G57:G571,1,0) -> #N/A
B52: =SUM(B3:B51) -> 61940 | G52: =VLOOKUP(A52,'7月排产计划'!G58:G572,1,0) -> #N/A
G53: =VLOOKUP(A53,'7月排产计划'!G59:G573,1,0) -> #N/A
G54: =VLOOKUP(A54,'7月排产计划'!G60:G574,1,0) -> #N/A
G55: =VLOOKUP(A55,'7月排产计划'!G61:G575,1,0) -> #N/A
G56: =VLOOKUP(A56,'7月排产计划'!G62:G576,1,0) -> #N/A
A57: ID11R22.5-14PR(144/142M)[AT552]ARISUN无内 | B57: 700 | C57: 亚 | D57: =MID(A57,FIND("R",A57)+1,4) -> 22.5 | E57: =_xlfn.XLOOKUP(A57,'7月排产计划'!G:G,'7月排产计划'!B:B) -> 亚 | F57: =E57&D57&"寸" -> 亚22.5寸 | G57: =VLOOKUP(A57,'7月排产计划'!G63:G577,1,0) -> #N/A | H57: =D57&G57 -> #N/A | I57: =VLOOKUP(A57,[2]Sheet1!$C$3:$G$310,5,0) -> #N/A | J57: =VLOOKUP(A57,[3]KCBB0101!$C$3:$F$691,4,0) -> 8214 | K57: =VLOOKUP(A57,'7月排产计划'!G3:G517,1,0) -> ID11R22.5-14PR(144/142M)[AT552]ARISUN无内
A58: ID11R22.5-14PR(144/142M)[AT563]ARISUN无内 | B58: 300 | C58: 北美 | D58: =MID(A58,FIND("R",A58)+1,4) -> 22.5 | E58: =_xlfn.XLOOKUP(A58,'7月排产计划'!G:G,'7月排产计划'!B:B) -> 北美 | F58: =E58&D58&"寸" -> 北美22.5寸 | G58: =VLOOKUP(A58,'7月排产计划'!G64:G578,1,0) -> #N/A | H58: =D58&G58 -> #N/A | I58: =VLOOKUP(A58,[2]Sheet1!$C$3:$G$310,5,0) -> #N/A | J58: =VLOOKUP(A58,[3]KCBB0101!$C$3:$F$691,4,0) -> 2573 | K58: =VLOOKUP(A58,'7月排产计划'!G4:G518,1,0) -> ID11R22.5-14PR(144/142M)[AT563]ARISUN无内
A59: ID11R22.5-14PR(144/142M)[CR915]威狮无内 | B59: 500 | C59: 北美 | D59: =MID(A59,FIND("R",A59)+1,4) -> 22.5 | E59: =_xlfn.XLOOKUP(A59,'7月排产计划'!G:G,'7月排产计划'!B:B) -> 北美 | F59: =E59&D59&"寸" -> 北美22.5寸 | G59: =VLOOKUP(A59,'7月排产计划'!G65:G579,1,0) -> #N/A | H59: =D59&G59 -> #N/A | I59: =VLOOKUP(A59,[2]Sheet1!$C$3:$G$310,5,0) -> 5700 | J59: =VLOOKUP(A59,[3]KCBB0101!$C$3:$F$691,4,0) -> #N/A | K59: =VLOOKUP(A59,'7月排产计划'!G5:G519,1,0) -> ID11R22.5-14PR(144/142M)[CR915]威狮无内
A60: ID11R22.5-14PR(144/142M)[HT1 Plus]SUPERMAX无内 | B60: 580 | C60: 北美 | D60: =MID(A60,FIND("R",A60)+1,4) -> 22.5 | E60: =_xlfn.XLOOKUP(A60,'7月排产计划'!G:G,'7月排产计划'!B:B) -> 北美 | F60: =E60&D60&"寸" -> 北美22.5寸 | G60: =VLOOKUP(A60,'7月排产计划'!G66:G580,1,0) -> #N/A | H60: =D60&G60 -> #N/A | I60: =VLOOKUP(A60,[2]Sheet1!$C$3:$G$310,5,0) -> #N/A | J60: =VLOOKUP(A60,[3]KCBB0101!$C$3:$F$691,4,0) -> 5000 | K60: =VLOOKUP(A60,'7月排产计划'!G6:G520,1,0) -> ID11R22.5-14PR(144/142M)[HT1 Plus]SUPERMAX无内
A61: ID11R22.5-14PR(144/142M)[I-48T]IRONMAN无内 SMARTWAY | B61: 800 | C61: 北美 | D61: =MID(A61,FIND("R",A61)+1,4) -> 22.5 | E61: =_xlfn.XLOOKUP(A61,'7月排产计划'!G:G,'7月排产计划'!B:B) -> 北美 | F61: =E61&D61&"寸" -> 北美22.5寸 | G61: =VLOOKUP(A61,'7月排产计划'!G67:G581,1,0) -> #N/A | H61: =D61&G61 -> #N/A | I61: =VLOOKUP(A61,[2]Sheet1!$C$3:$G$310,5,0) -> 7500 | J61: =VLOOKUP(A61,[3]KCBB0101!$C$3:$F$691,4,0) -> #N/A | K61: =VLOOKUP(A61,'7月排产计划'!G7:G521,1,0) -> ID11R22.5-14PR(144/142M)[I-48T]IRONMAN无内 SMARTWAY
A62: ID11R22.5-14PR(144/142M)[M-TRAC TR]MASTERTRACK无内 | B62: 620 | C62: 北美 | D62: =MID(A62,FIND("R",A62)+1,4) -> 22.5 | E62: =_xlfn.XLOOKUP(A62,'7月排产计划'!G:G,'7月排产计划'!B:B) -> 北美 | F62: =E62&D62&"寸" -> 北美22.5寸 | G62: =VLOOKUP(A62,'7月排产计划'!G68:G582,1,0) -> #N/A | H62: =D62&G62 -> #N/A | I62: =VLOOKUP(A62,[2]Sheet1!$C$3:$G$310,5,0) -> #N/A | J62: =VLOOKUP(A62,[3]KCBB0101!$C$3:$F$691,4,0) -> 8000 | K62: =VLOOKUP(A62,'7月排产计划'!G8:G522,1,0) -> ID11R22.5-14PR(144/142M)[M-TRAC TR]MASTERTRACK无内
A63: ID11R22.5-14PR(144/142M)[Strong Guard H-TL]HERCULES无内 | B63: 280 | C63: 北美 | D63: =MID(A63,FIND("R",A63)+1,4) -> 22.5 | E63: =_xlfn.XLOOKUP(A63,'7月排产计划'!G:G,'7月排产计划'!B:B) -> 北美 | F63: =E63&D63&"寸" -> 北美22.5寸 | G63: =VLOOKUP(A63,'7月排产计划'!G69:G583,1,0) -> #N/A | H63: =D63&G63 -> #N/A | I63: =VLOOKUP(A63,[2]Sheet1!$C$3:$G$310,5,0) -> 11500 | J63: =VLOOKUP(A63,[3]KCBB0101!$C$3:$F$691,4,0) -> #N/A | K63: =VLOOKUP(A63,'7月排产计划'!G9:G523,1,0) -> ID11R22.5-14PR(144/142M)[Strong Guard H-TL]HERCULES无内
A64: ID11R22.5-16PR(146/143L)[DOMINATE D01]BLACKARROW无内 | B64: 280 | C64: 北美 | D64: =MID(A64,FIND("R",A64)+1,4) -> 22.5 | E64: =_xlfn.XLOOKUP(A64,'7月排产计划'!G:G,'7月排产计划'!B:B) -> 北美 | F64: =E64&D64&"寸" -> 北美22.5寸 | G64: =VLOOKUP(A64,'7月排产计划'!G70:G584,1,0) -> #N/A | H64: =D64&G64 -> #N/A | I64: =VLOOKUP(A64,[2]Sheet1!$C$3:$G$310,5,0) -> #N/A | J64: =VLOOKUP(A64,[3]KCBB0101!$C$3:$F$691,4,0) -> 3000 | K64: =VLOOKUP(A64,'7月排产计划'!G10:G524,1,0) -> ID11R22.5-16PR(146/143L)[DOMINATE D01]BLACKARROW无内
A65: ID11R22.5-16PR(146/143L)[HD1 PlusX]SUPERMAX ECO无内 | B65: 750 | C65: 北美 | D65: =MID(A65,FIND("R",A65)+1,4) -> 22.5 | E65: =_xlfn.XLOOKUP(A65,'7月排产计划'!G:G,'7月排产计划'!B:B) -> 北美 | F65: =E65&D65&"寸" -> 北美22.5寸 | G65: =VLOOKUP(A65,'7月排产计划'!G71:G585,1,0) -> #N/A | H65: =D65&G65 -> #N/A | I65: =VLOOKUP(A65,[2]Sheet1!$C$3:$G$310,5,0) -> #N/A | J65: =VLOOKUP(A65,[3]KCBB0101!$C$3:$F$691,4,0) -> 4200 | K65: =VLOOKUP(A65,'7月排产计划'!G11:G525,1,0) -> ID11R22.5-16PR(146/143L)[HD1 PlusX]SUPERMAX ECO无内
A66: ID11R22.5-16PR(146/143L)[KOBE DPM]ITARO无内 | B66: 1700 | C66: 北美 | D66: =MID(A66,FIND("R",A66)+1,4) -> 22.5 | E66: =_xlfn.XLOOKUP(A66,'7月排产计划'!G:G,'7月排产计划'!B:B) -> 北美 | F66: =E66&D66&"寸" -> 北美22.5寸 | G66: =VLOOKUP(A66,'7月排产计划'!G72:G586,1,0) -> #N/A | H66: =D66&G66 -> #N/A | I66: =VLOOKUP(A66,[2]Sheet1!$C$3:$G$310,5,0) -> #N/A | J66: =VLOOKUP(A66,[3]KCBB0101!$C$3:$F$691,4,0) -> 3503 | K66: =VLOOKUP(A66,'7月排产计划'!G12:G526,1,0) -> ID11R22.5-16PR(146/143L)[KOBE DPM]ITARO无内
A67: ID11R22.5-16PR(146/143L)[M-TRAC CSD+]MASTERTRACK无内 | B67: 280 | C67: 北美 | D67: =MID(A67,FIND("R",A67)+1,4) -> 22.5 | E67: =_xlfn.XLOOKUP(A67,'7月排产计划'!G:G,'7月排产计划'!B:B) -> 北美 | F67: =E67&D67&"寸" -> 北美22.5寸 | G67: =VLOOKUP(A67,'7月排产计划'!G73:G587,1,0) -> #N/A | H67: =D67&G67 -> #N/A | I67: =VLOOKUP(A67,[2]Sheet1!$C$3:$G$310,5,0) -> #N/A | J67: =VLOOKUP(A67,[3]KCBB0101!$C$3:$F$691,4,0) -> #N/A | K67: =VLOOKUP(A67,'7月排产计划'!G13:G527,1,0) -> ID11R22.5-16PR(146/143L)[M-TRAC CSD+]MASTERTRACK无内
A68: ID11R22.5-16PR(146/143L)[M-TRAC HS+]MASTERTRACK无内 | B68: 280 | C68: 北美 | D68: =MID(A68,FIND("R",A68)+1,4) -> 22.5 | E68: =_xlfn.XLOOKUP(A68,'7月排产计划'!G:G,'7月排产计划'!B:B) -> 北美 | F68: =E68&D68&"寸" -> 北美22.5寸 | G68: =VLOOKUP(A68,'7月排产计划'!G74:G588,1,0) -> #N/A | H68: =D68&G68 -> #N/A | I68: =VLOOKUP(A68,[2]Sheet1!$C$3:$G$310,5,0) -> #N/A | J68: =VLOOKUP(A68,[3]KCBB0101!$C$3:$F$691,4,0) -> #N/A | K68: =VLOOKUP(A68,'7月排产计划'!G14:G528,1,0) -> ID11R22.5-16PR(146/143L)[M-TRAC HS+]MASTERTRACK无内
... A117: ID11R24.5-16PR(149/146L)[VA991]VITOUR无内 | B117: 300 | C117: 亚 | D117: =MID(A117,FIND("R",A117)+1,4) -> 24.5 | E117: =_xlfn.XLOOKUP(A117,'7月排产计划'!G:G,'7月排产计划'!B:B) -> 亚 | F117: =E117&D117&"寸" -> 亚24.5寸 | G117: =VLOOKUP(A117,'7月排产计划'!G123:G637,1,0) -> #N/A | H117: =D117&G117 -> #N/A | I117: =VLOOKUP(A117,[2]Sheet1!$C$3:$G$310,5,0) -> 3200 | J117: =VLOOKUP(A117,[3]KCBB0101!$C$3:$F$691,4,0) -> #N/A | K117: =VLOOKUP(A117,'7月排产计划'!G63:G577,1,0) -> ID11R24.5-16PR(149/146L)[VA991]VITOUR无内
A118: ID12R22.5-18PR(152/149F)[EZ870]雅度无内 | B118: 450 | C118: 亚 | D118: =MID(A118,FIND("R",A118)+1,4) -> 22.5 | E118: =_xlfn.XLOOKUP(A118,'7月排产计划'!G:G,'7月排产计划'!B:B) -> 亚 | F118: =E118&D118&"寸" -> 亚22.5寸 | G118: =VLOOKUP(A118,'7月排产计划'!G124:G638,1,0) -> ID12R22.5-18PR(152/149F)[EZ870]雅度无内 | H118: =D118&G118 -> 22.5ID12R22.5-18PR(152/149F)[EZ870]雅度无内
A119: ID12R22.5-18PR(152/149K)[EZ867]雅度无内 | B119: 200 | C119: 亚 | D119: =MID(A119,FIND("R",A119)+1,4) -> 22.5 | E119: =_xlfn.XLOOKUP(A119,'7月排产计划'!G:G,'7月排产计划'!B:B) -> 亚 | F119: =E119&D119&"寸" -> 亚22.5寸 | G119: =VLOOKUP(A119,'7月排产计划'!G125:G639,1,0) -> ID12R22.5-18PR(152/149K)[EZ867]雅度无内 | H119: =D119&G119 -> 22.5ID12R22.5-18PR(152/149K)[EZ867]雅度无内
A120: ID12R22.5-18PR(152/149L)[I-181]IRONMAN无内 | B120: 280 | C120: 北美 | D120: =MID(A120,FIND("R",A120)+1,4) -> 22.5 | E120: =_xlfn.XLOOKUP(A120,'7月排产计划'!G:G,'7月排产计划'!B:B) -> 北美 | F120: =E120&D120&"寸" -> 北美22.5寸 | G120: =VLOOKUP(A120,'7月排产计划'!G126:G640,1,0) -> ID12R22.5-18PR(152/149L)[I-181]IRONMAN无内 | H120: =D120&G120 -> 22.5ID12R22.5-18PR(152/149L)[I-181]IRONMAN无内
A121: ID12R22.5-20PR(154/151K)[EZ867]雅度无内 | B121: 300 | C121: 亚 | D121: =MID(A121,FIND("R",A121)+1,4) -> 22.5 | E121: =_xlfn.XLOOKUP(A121,'7月排产计划'!G:G,'7月排产计划'!B:B) -> 亚 | F121: =E121&D121&"寸" -> 亚22.5寸 | G121: =VLOOKUP(A121,'7月排产计划'!G127:G641,1,0) -> ID12R22.5-20PR(154/151K)[EZ867]雅度无内 | H121: =D121&G121 -> 22.5ID12R22.5-20PR(154/151K)[EZ867]雅度无内
A122: ID12R22.5-20PR(154/151L)[AS898H]雅度无内 | B122: 760 | C122: 亚 | D122: =MID(A122,FIND("R",A122)+1,4) -> 22.5 | E122: =_xlfn.XLOOKUP(A122,'7月排产计划'!G:G,'7月排产计划'!B:B) -> 亚 | F122: =E122&D122&"寸" -> 亚22.5寸 | G122: =VLOOKUP(A122,'7月排产计划'!G128:G642,1,0) -> ID12R22.5-20PR(154/151L)[AS898H]雅度无内 | H122: =D122&G122 -> 22.5ID12R22.5-20PR(154/151L)[AS898H]雅度无内
A123: ID215/75R17.5-16PR(135/133J)[AP-7318]VANTAGE无内 | B123: 280 | C123: 北美 | D123: =MID(A123,FIND("R",A123)+1,4) -> 17.5 | E123: =_xlfn.XLOOKUP(A123,'7月排产计划'!G:G,'7月排产计划'!B:B) -> 北美 | F123: =E123&D123&"寸" -> 北美17.5寸 | G123: =VLOOKUP(A123,'7月排产计划'!G129:G643,1,0) -> #N/A | H123: =D123&G123 -> #N/A | I123: =VLOOKUP(A123,[2]Sheet1!$C$3:$G$310,5,0) -> #N/A | J123: =VLOOKUP(A123,[3]KCBB0101!$C$3:$F$691,4,0) -> 4900 | K123: =VLOOKUP(A123,'7月排产计划'!G69:G583,1,0) -> ID215/75R17.5-16PR(135/133J)[AP-7318]VANTAGE无内
A124: ID215/75R17.5-16PR(135/133L)[I-19A]IRONMAN无内 | B124: 3500 | C124: 北美 | D124: =MID(A124,FIND("R",A124)+1,4) -> 17.5 | E124: =_xlfn.XLOOKUP(A124,'7月排产计划'!G:G,'7月排产计划'!B:B) -> 北美 | F124: =E124&D124&"寸" -> 北美17.5寸 | G124: =VLOOKUP(A124,'7月排产计划'!G130:G644,1,0) -> #N/A | H124: =D124&G124 -> #N/A | I124: =VLOOKUP(A124,[2]Sheet1!$C$3:$G$310,5,0) -> 8200 | J124: =VLOOKUP(A124,[3]KCBB0101!$C$3:$F$691,4,0) -> #N/A | K124: =VLOOKUP(A124,'7月排产计划'!G70:G584,1,0) -> ID215/75R17.5-16PR(135/133L)[I-19A]IRONMAN无内
A125: ID215/75R17.5-16PR(135/133L)[Strong Guard H-RA]HERCULES无内 | B125: 1600 | C125: 北美 | D125: =MID(A125,FIND("R",A125)+1,4) -> 17.5 | E125: =_xlfn.XLOOKUP(A125,'7月排产计划'!G:G,'7月排产计划'!B:B) -> 北美 | F125: =E125&D125&"寸" -> 北美17.5寸 | G125: =VLOOKUP(A125,'7月排产计划'!G131:G645,1,0) -> #N/A | H125: =D125&G125 -> #N/A | I125: =VLOOKUP(A125,[2]Sheet1!$C$3:$G$310,5,0) -> 0 | J125: =VLOOKUP(A125,[3]KCBB0101!$C$3:$F$691,4,0) -> #N/A | K125: =VLOOKUP(A125,'7月排产计划'!G71:G585,1,0) -> ID215/75R17.5-16PR(135/133L)[Strong Guard H-RA]HERCULES无内
A126: ID215/75R17.5-18PR(135/133L)[AZ599]威狮无内 | B126: 400 | C126: 北美 | D126: =MID(A126,FIND("R",A126)+1,4) -> 17.5 | E126: =_xlfn.XLOOKUP(A126,'7月排产计划'!G:G,'7月排产计划'!B:B) -> 北美 | F126: =E126&D126&"寸" -> 北美17.5寸 | G126: =VLOOKUP(A126,'7月排产计划'!G132:G646,1,0) -> #N/A | H126: =D126&G126 -> #N/A | I126: =VLOOKUP(A126,[2]Sheet1!$C$3:$G$310,5,0) -> #N/A | J126: =VLOOKUP(A126,[3]KCBB0101!$C$3:$F$691,4,0) -> #N/A | K126: =VLOOKUP(A126,'7月排产计划'!G72:G586,1,0) -> ID215/75R17.5-18PR(135/133L)[AZ599]威狮无内
A127: ID215/75R17.5-18PR(135/133L)[M-TRAC AP]MASTERTRACK无内 | B127: 1800 | C127: 北美 | D127: =MID(A127,FIND("R",A127)+1,4) -> 17.5 | E127: =_xlfn.XLOOKUP(A127,'7月排产计划'!G:G,'7月排产计划'!B:B) -> 北美 | F127: =E127&D127&"寸" -> 北美17.5寸 | G127: =VLOOKUP(A127,'7月排产计划'!G133:G647,1,0) -> #N/A | H127: =D127&G127 -> #N/A | I127: =VLOOKUP(A127,[2]Sheet1!$C$3:$G$310,5,0) -> #N/A | J127: =VLOOKUP(A127,[3]KCBB0101!$C$3:$F$691,4,0) -> 10752 | K127: =VLOOKUP(A127,'7月排产计划'!G73:G587,1,0) -> ID215/75R17.5-18PR(135/133L)[M-TRAC AP]MASTERTRACK无内
A128: ID225/70R19.5-14PR(128/126L)[CM983]威狮无内 | B128: 220 | C128: 北美 | D128: =MID(A128,FIND("R",A128)+1,4) -> 19.5 | E128: =_xlfn.XLOOKUP(A128,'7月排产计划'!G:G,'7月排产计划'!B:B) -> 北美 | F128: =E128&D128&"寸" -> 北美19.5寸 | G128: =VLOOKUP(A128,'7月排产计划'!G134:G648,1,0) -> #N/A | H128: =D128&G128 -> #N/A | I128: =VLOOKUP(A128,[2]Sheet1!$C$3:$G$310,5,0) -> 11000 | J128: =VLOOKUP(A128,[3]KCBB0101!$C$3:$F$691,4,0) -> #N/A | K128: =VLOOKUP(A128,'7月排产计划'!G74:G588,1,0) -> ID225/70R19.5-14PR(128/126L)[CM983]威狮无内
A129: ID225/70R19.5-14PR(128/126L)[I-208]IRONMAN无内 | B129: 2900 | C129: 北美 | D129: =MID(A129,FIND("R",A129)+1,4) -> 19.5 | E129: =_xlfn.XLOOKUP(A129,'7月排产计划'!G:G,'7月排产计划'!B:B) -> 北美 | F129: =E129&D129&"寸" -> 北美19.5寸 | G129: =VLOOKUP(A129,'7月排产计划'!G135:G649,1,0) -> #N/A | H129: =D129&G129 -> #N/A | I129: =VLOOKUP(A129,[2]Sheet1!$C$3:$G$310,5,0) -> 11300 | J129: =VLOOKUP(A129,[3]KCBB0101!$C$3:$F$691,4,0) -> #N/A | K129: =VLOOKUP(A129,'7月排产计划'!G75:G589,1,0) -> ID225/70R19.5-14PR(128/126L)[I-208]IRONMAN无内
A130: ID225/70R19.5-14PR(128/126L)[Strong Guard H-RA]HERCULES无内 | B130: 3200 | C130: 北美 | D130: =MID(A130,FIND("R",A130)+1,4) -> 19.5 | E130: =_xlfn.XLOOKUP(A130,'7月排产计划'!G:G,'7月排产计划'!B:B) -> 北美 | F130: =E130&D130&"寸" -> 北美19.5寸 | G130: =VLOOKUP(A130,'7月排产计划'!G136:G650,1,0) -> #N/A | H130: =D130&G130 -> #N/A | I130: =VLOOKUP(A130,[2]Sheet1!$C$3:$G$310,5,0) -> 2200 | J130: =VLOOKUP(A130,[3]KCBB0101!$C$3:$F$691,4,0) -> #N/A | K130: =VLOOKUP(A130,'7月排产计划'!G76:G590,1,0) -> ID225/70R19.5-14PR(128/126L)[Strong Guard H-RA]HERCULES无内
A131: ID225/70R19.5-14PR(128/126M)[ECO-MILE RDW]TRAVELSTAR无内 | B131: 280 | C131: 北美 | D131: =MID(A131,FIND("R",A131)+1,4) -> 19.5 | E131: =_xlfn.XLOOKUP(A131,'7月排产计划'!G:G,'7月排产计划'!B:B) -> 北美 | F131: =E131&D131&"寸" -> 北美19.5寸 | G131: =VLOOKUP(A131,'7月排产计划'!G137:G651,1,0) -> #N/A | H131: =D131&G131 -> #N/A | I131: =VLOOKUP(A131,[2]Sheet1!$C$3:$G$310,5,0) -> #N/A | J131: =VLOOKUP(A131,[3]KCBB0101!$C$3:$F$691,4,0) -> 5000 | K131: =VLOOKUP(A131,'7月排产计划'!G77:G591,1,0) -> ID225/70R19.5-14PR(128/126M)[ECO-MILE RDW]TRAVELSTAR无内
A132: ID225/70R19.5-14PR(128/126M)[M-TRAC RDW]MASTERTRACK无内 | B132: 400 | C132: 北美 | D132: =MID(A132,FIND("R",A132)+1,4) -> 19.5 | E132: =_xlfn.XLOOKUP(A132,'7月排产计划'!G:G,'7月排产计划'!B:B) -> 北美 | F132: =E132&D132&"寸" -> 北美19.5寸 | G132: =VLOOKUP(A132,'7月排产计划'!G138:G652,1,0) -> #N/A | H132: =D132&G132 -> #N/A | I132: =VLOOKUP(A132,[2]Sheet1!$C$3:$G$310,5,0) -> #N/A | J132: =VLOOKUP(A132,[3]KCBB0101!$C$3:$F$691,4,0) -> #N/A | K132: =VLOOKUP(A132,'7月排产计划'!G78:G592,1,0) -> ID225/70R19.5-14PR(128/126M)[M-TRAC RDW]MASTERTRACK无内
A133: ID225/70R19.5-14PR(128/126N)[AP-7318]VANTAGE无内 | B133: 1400 | C133: 北美 | D133: =MID(A133,FIND("R",A133)+1,4) -> 19.5 | E133: =_xlfn.XLOOKUP(A133,'7月排产计划'!G:G,'7月排产计划'!B:B) -> 北美 | F133: =E133&D133&"寸" -> 北美19.5寸 | G133: =VLOOKUP(A133,'7月排产计划'!G139:G653,1,0) -> #N/A | H133: =D133&G133 -> #N/A | I133: =VLOOKUP(A133,[2]Sheet1!$C$3:$G$310,5,0) -> #N/A | J133: =VLOOKUP(A133,[3]KCBB0101!$C$3:$F$691,4,0) -> 4850 | K133: =VLOOKUP(A133,'7月排产计划'!G79:G593,1,0) -> ID225/70R19.5-14PR(128/126N)[AP-7318]VANTAGE无内
A134: ID225/70R19.5-14PR(128/126N)[DR-7318]VANTAGE无内 | B134: 600 | C134: 北美 | D134: =MID(A134,FIND("R",A134)+1,4) -> 19.5 | E134: =_xlfn.XLOOKUP(A134,'7月排产计划'!G:G,'7月排产计划'!B:B) -> 北美 | F134: =E134&D134&"寸" -> 北美19.5寸 | G134: =VLOOKUP(A134,'7月排产计划'!G140:G654,1,0) -> #N/A | H134: =D134&G134 -> #N/A | I134: =VLOOKUP(A134,[2]Sheet1!$C$3:$G$310,5,0) -> #N/A | J134: =VLOOKUP(A134,[3]KCBB0101!$C$3:$F$691,4,0) -> 3550 | K134: =VLOOKUP(A134,'7月排产计划'!G80:G594,1,0) -> ID225/70R19.5-14PR(128/126N)[DR-7318]VANTAGE无内
... A184: ID275/80R22.5-18PR(149/146L)[AZ179]欧耐特无内 | B184: 1000 | C184: 南美 | D184: =MID(A184,FIND("R",A184)+1,4) -> 22.5 | E184: =_xlfn.XLOOKUP(A184,'7月排产计划'!G:G,'7月排产计划'!B:B) -> 南美 | F184: =E184&D184&"寸" -> 南美22.5寸 | G184: =VLOOKUP(A184,'7月排产计划'!G190:G704,1,0) -> #N/A | H184: =D184&G184 -> #N/A | I184: =VLOOKUP(A184,[2]Sheet1!$C$3:$G$310,5,0) -> #N/A | J184: =VLOOKUP(A184,[3]KCBB0101!$C$3:$F$691,4,0) -> #N/A | K184: =VLOOKUP(A184,'7月排产计划'!G130:G644,1,0) -> ID275/80R22.5-18PR(149/146L)[AZ179]欧耐特无内
A185: ID285/75R24.5-14PR(144/141L)[HD1 Plus]SUPERMAX无内 | B185: 200 | C185: 北美 | D185: =MID(A185,FIND("R",A185)+1,4) -> 24.5 | E185: =_xlfn.XLOOKUP(A185,'7月排产计划'!G:G,'7月排产计划'!B:B) -> 北美 | F185: =E185&D185&"寸" -> 北美24.5寸 | G185: =VLOOKUP(A185,'7月排产计划'!G191:G705,1,0) -> #N/A | H185: =D185&G185 -> #N/A | I185: =VLOOKUP(A185,[2]Sheet1!$C$3:$G$310,5,0) -> #N/A | J185: =VLOOKUP(A185,[3]KCBB0101!$C$3:$F$691,4,0) -> 2068 | K185: =VLOOKUP(A185,'7月排产计划'!G3:G517,1,0) -> ID285/75R24.5-14PR(144/141L)[HD1 Plus]SUPERMAX无内
A186: ID285/75R24.5-14PR(144/141L)[HF1 Plus]SUPERMAX无内 | B186: 300 | C186: 北美 | D186: =MID(A186,FIND("R",A186)+1,4) -> 24.5 | E186: =_xlfn.XLOOKUP(A186,'7月排产计划'!G:G,'7月排产计划'!B:B) -> 北美 | F186: =E186&D186&"寸" -> 北美24.5寸 | G186: =VLOOKUP(A186,'7月排产计划'!G192:G706,1,0) -> #N/A | H186: =D186&G186 -> #N/A | I186: =VLOOKUP(A186,[2]Sheet1!$C$3:$G$310,5,0) -> #N/A | J186: =VLOOKUP(A186,[3]KCBB0101!$C$3:$F$691,4,0) -> 1986 | K186: =VLOOKUP(A186,'7月排产计划'!G4:G518,1,0) -> ID285/75R24.5-14PR(144/141L)[HF1 Plus]SUPERMAX无内
A187: ID285/75R24.5-14PR(144/141L)[I-28D]IRONMAN无内 SMARTWAY | B187: 1000 | C187: 北美 | D187: =MID(A187,FIND("R",A187)+1,4) -> 24.5 | E187: =_xlfn.XLOOKUP(A187,'7月排产计划'!G:G,'7月排产计划'!B:B) -> 北美 | F187: =E187&D187&"寸" -> 北美24.5寸 | G187: =VLOOKUP(A187,'7月排产计划'!G193:G707,1,0) -> #N/A | H187: =D187&G187 -> #N/A | I187: =VLOOKUP(A187,[2]Sheet1!$C$3:$G$310,5,0) -> 4550 | J187: =VLOOKUP(A187,[3]KCBB0101!$C$3:$F$691,4,0) -> #N/A | K187: =VLOOKUP(A187,'7月排产计划'!G5:G519,1,0) -> ID285/75R24.5-14PR(144/141L)[I-28D]IRONMAN无内 SMARTWAY
A188: ID285/75R24.5-14PR(144/141L)[I-37D]IRONMAN无内 | B188: 250 | C188: 北美 | D188: =MID(A188,FIND("R",A188)+1,4) -> 24.5 | E188: =_xlfn.XLOOKUP(A188,'7月排产计划'!G:G,'7月排产计划'!B:B) -> 北美 | F188: =E188&D188&"寸" -> 北美24.5寸 | G188: =VLOOKUP(A188,'7月排产计划'!G194:G708,1,0) -> #N/A | H188: =D188&G188 -> #N/A | I188: =VLOOKUP(A188,[2]Sheet1!$C$3:$G$310,5,0) -> 4550 | J188: =VLOOKUP(A188,[3]KCBB0101!$C$3:$F$691,4,0) -> #N/A | K188: =VLOOKUP(A188,'7月排产计划'!G6:G520,1,0) -> ID285/75R24.5-14PR(144/141L)[I-37D]IRONMAN无内
A189: ID285/75R24.5-14PR(144/141L)[Strong Guard H-TL]HERCULES无内 | B189: 180 | C189: 北美 | D189: =MID(A189,FIND("R",A189)+1,4) -> 24.5 | E189: =_xlfn.XLOOKUP(A189,'7月排产计划'!G:G,'7月排产计划'!B:B) -> 北美 | F189: =E189&D189&"寸" -> 北美24.5寸 | G189: =VLOOKUP(A189,'7月排产计划'!G195:G709,1,0) -> #N/A | H189: =D189&G189 -> #N/A | I189: =VLOOKUP(A189,[2]Sheet1!$C$3:$G$310,5,0) -> 8500 | J189: =VLOOKUP(A189,[3]KCBB0101!$C$3:$F$691,4,0) -> #N/A | K189: =VLOOKUP(A189,'7月排产计划'!G7:G521,1,0) -> ID285/75R24.5-14PR(144/141L)[Strong Guard H-TL]HERCULES无内
A190: ID285/75R24.5-14PR(144/141M)[I-19A]IRONMAN无内 SMARTWAY | B190: 1100 | C190: 北美 | D190: =MID(A190,FIND("R",A190)+1,4) -> 24.5 | E190: =_xlfn.XLOOKUP(A190,'7月排产计划'!G:G,'7月排产计划'!B:B) -> 北美 | F190: =E190&D190&"寸" -> 北美24.5寸 | G190: =VLOOKUP(A190,'7月排产计划'!G196:G710,1,0) -> #N/A | H190: =D190&G190 -> #N/A | I190: =VLOOKUP(A190,[2]Sheet1!$C$3:$G$310,5,0) -> 11973 | J190: =VLOOKUP(A190,[3]KCBB0101!$C$3:$F$691,4,0) -> #N/A | K190: =VLOOKUP(A190,'7月排产计划'!G8:G522,1,0) -> ID285/75R24.5-14PR(144/141M)[I-19A]IRONMAN无内 SMARTWAY
A191: ID285/75R24.5-14PR(144/141M)[I-48T]IRONMAN无内 SMARTWAY | B191: 560 | C191: 北美 | D191: =MID(A191,FIND("R",A191)+1,4) -> 24.5 | E191: =_xlfn.XLOOKUP(A191,'7月排产计划'!G:G,'7月排产计划'!B:B) -> 北美 | F191: =E191&D191&"寸" -> 北美24.5寸 | G191: =VLOOKUP(A191,'7月排产计划'!G197:G711,1,0) -> #N/A | H191: =D191&G191 -> #N/A | I191: =VLOOKUP(A191,[2]Sheet1!$C$3:$G$310,5,0) -> 4650 | J191: =VLOOKUP(A191,[3]KCBB0101!$C$3:$F$691,4,0) -> #N/A | K191: =VLOOKUP(A191,'7月排产计划'!G9:G523,1,0) -> ID285/75R24.5-14PR(144/141M)[I-48T]IRONMAN无内 SMARTWAY
A192: ID285/75R24.5-16PR(147/144L)[M-TRAC AP]MASTERTRACK无内 | B192: 980 | C192: 北美 | D192: =MID(A192,FIND("R",A192)+1,4) -> 24.5 | E192: =_xlfn.XLOOKUP(A192,'7月排产计划'!G:G,'7月排产计划'!B:B) -> 北美 | F192: =E192&D192&"寸" -> 北美24.5寸 | G192: =VLOOKUP(A192,'7月排产计划'!G198:G712,1,0) -> #N/A | H192: =D192&G192 -> #N/A | I192: =VLOOKUP(A192,[2]Sheet1!$C$3:$G$310,5,0) -> #N/A | J192: =VLOOKUP(A192,[3]KCBB0101!$C$3:$F$691,4,0) -> 8000 | K192: =VLOOKUP(A192,'7月排产计划'!G10:G524,1,0) -> ID285/75R24.5-16PR(147/144L)[M-TRAC AP]MASTERTRACK无内
A193: ID285/75R24.5-16PR(147/144L)[M-TRAC CSD]MASTERTRACK无内 | B193: 600 | C193: 北美 | D193: =MID(A193,FIND("R",A193)+1,4) -> 24.5 | E193: =_xlfn.XLOOKUP(A193,'7月排产计划'!G:G,'7月排产计划'!B:B) -> 美国 | F193: =E193&D193&"寸" -> 美国24.5寸 | G193: =VLOOKUP(A193,'7月排产计划'!G199:G713,1,0) -> #N/A | H193: =D193&G193 -> #N/A | I193: =VLOOKUP(A193,[2]Sheet1!$C$3:$G$310,5,0) -> #N/A | J193: =VLOOKUP(A193,[3]KCBB0101!$C$3:$F$691,4,0) -> #N/A | K193: =VLOOKUP(A193,'7月排产计划'!G11:G525,1,0) -> ID285/75R24.5-16PR(147/144L)[M-TRAC CSD]MASTERTRACK无内
A194: ID285/75R24.5-16PR(147/144M)[I-61S]IRONMAN无内 SMARTWAY | B194: 150 | C194: 北美 | D194: =MID(A194,FIND("R",A194)+1,4) -> 24.5 | E194: =_xlfn.XLOOKUP(A194,'7月排产计划'!G:G,'7月排产计划'!B:B) -> 北美 | F194: =E194&D194&"寸" -> 北美24.5寸 | G194: =VLOOKUP(A194,'7月排产计划'!G200:G714,1,0) -> #N/A | H194: =D194&G194 -> #N/A | I194: =VLOOKUP(A194,[2]Sheet1!$C$3:$G$310,5,0) -> 5350 | J194: =VLOOKUP(A194,[3]KCBB0101!$C$3:$F$691,4,0) -> #N/A | K194: =VLOOKUP(A194,'7月排产计划'!G12:G526,1,0) -> ID285/75R24.5-16PR(147/144M)[I-61S]IRONMAN无内 SMARTWAY
A195: ID285/75R24.5-16PR(147/144L)[VA996]VITOUR无内 | B195: 500 | C195: 亚 | D195: =MID(A195,FIND("R",A195)+1,4) -> 24.5 | E195: =_xlfn.XLOOKUP(A195,'7月排产计划'!G:G,'7月排产计划'!B:B) -> 亚 | F195: =E195&D195&"寸" -> 亚24.5寸 | G195: =VLOOKUP(A195,'7月排产计划'!G201:G715,1,0) -> #N/A | H195: =D195&G195 -> #N/A | I195: =VLOOKUP(A195,[2]Sheet1!$C$3:$G$310,5,0) -> 7400 | J195: =VLOOKUP(A195,[3]KCBB0101!$C$3:$F$691,4,0) -> #N/A | K195: =VLOOKUP(A195,'7月排产计划'!G13:G527,1,0) -> ID285/75R24.5-16PR(147/144L)[VA996]VITOUR无内
A196: ID295/75R22.5-14PR(144/141L)[AS600]ARISUN无内 | B196: 280 | C196: 北美 | D196: =MID(A196,FIND("R",A196)+1,4) -> 22.5 | E196: =_xlfn.XLOOKUP(A196,'7月排产计划'!G:G,'7月排产计划'!B:B) -> 北美 | F196: =E196&D196&"寸" -> 北美22.5寸 | G196: =VLOOKUP(A196,'7月排产计划'!G202:G716,1,0) -> #N/A | H196: =D196&G196 -> #N/A | I196: =VLOOKUP(A196,[2]Sheet1!$C$3:$G$310,5,0) -> #N/A | J196: =VLOOKUP(A196,[3]KCBB0101!$C$3:$F$691,4,0) -> 3000 | K196: =VLOOKUP(A196,'7月排产计划'!G14:G528,1,0) -> ID295/75R22.5-14PR(144/141L)[AS600]ARISUN无内
... A275: ID315/80R22.5-20PR(161/157K)[VA996]VITOUR无内 | B275: 300 | C275: 亚 | D275: =MID(A275,FIND("R",A275)+1,4) -> 22.5 | E275: =_xlfn.XLOOKUP(A275,'7月排产计划'!G:G,'7月排产计划'!B:B) -> 亚 | F275: =E275&D275&"寸" -> 亚22.5寸 | G275: =VLOOKUP(A275,'7月排产计划'!G281:G795,1,0) -> #N/A | H275: =D275&G275 -> #N/A | I275: =VLOOKUP(A275,[2]Sheet1!$C$3:$G$310,5,0) -> 7500 | J275: =VLOOKUP(A275,[3]KCBB0101!$C$3:$F$691,4,0) -> #N/A | K275: =VLOOKUP(A275,'7月排产计划'!G93:G607,1,0) -> ID315/80R22.5-20PR(161/157K)[VA996]VITOUR无内
A276: ID325/95R24-22PR(162/160F)[CB972]威狮无内 | B276: 600 | C276: 亚 | D276: =MID(A276,FIND("R",A276)+1,2) -> 24 | E276: =_xlfn.XLOOKUP(A276,'7月排产计划'!G:G,'7月排产计划'!B:B) -> 亚 | F276: =E276&D276&"寸" -> 亚24寸 | G276: =VLOOKUP(A276,'7月排产计划'!G282:G796,1,0) -> ID325/95R24-22PR(162/160F)[CB972]威狮无内 | H276: =D276&G276 -> 24ID325/95R24-22PR(162/160F)[CB972]威狮无内
A277: ID325/95R24-22PR(162/160K)[AZ828]威狮无内 | B277: 250 | C277: 非 | D277: =MID(A277,FIND("R",A277)+1,2) -> 24 | E277: =_xlfn.XLOOKUP(A277,'7月排产计划'!G:G,'7月排产计划'!B:B) -> 非 | F277: =E277&D277&"寸" -> 非24寸 | G277: =VLOOKUP(A277,'7月排产计划'!G283:G797,1,0) -> ID325/95R24-22PR(162/160K)[AZ828]威狮无内 | H277: =D277&G277 -> 24ID325/95R24-22PR(162/160K)[AZ828]威狮无内
A278: ID325/95R24-22PR(162/160K)[MD752]TRAZANO(全诺)无内 | B278: 100 | C278: 非 | D278: =MID(A278,FIND("R",A278)+1,2) -> 24 | E278: =_xlfn.XLOOKUP(A278,'7月排产计划'!G:G,'7月排产计划'!B:B) -> 非 | F278: =E278&D278&"寸" -> 非24寸 | G278: =VLOOKUP(A278,'7月排产计划'!G284:G798,1,0) -> ID325/95R24-22PR(162/160K)[MD752]TRAZANO(全诺)无内 | H278: =D278&G278 -> 24ID325/95R24-22PR(162/160K)[MD752]TRAZANO(全诺)无内
A279: ID325/95R24-22PR(162/160K)[MD752]威狮无内 | B279: 480 | C279: 非 | D279: =MID(A279,FIND("R",A279)+1,2) -> 24 | E279: =_xlfn.XLOOKUP(A279,'7月排产计划'!G:G,'7月排产计划'!B:B) -> 非 | F279: =E279&D279&"寸" -> 非24寸 | G279: =VLOOKUP(A279,'7月排产计划'!G285:G799,1,0) -> ID325/95R24-22PR(162/160K)[MD752]威狮无内 | H279: =D279&G279 -> 24ID325/95R24-22PR(162/160K)[MD752]威狮无内
A280: ID385/65R22.5-20PR(160K)[HA4 Plus]SUPERMAX无内 | B280: 320 | C280: 北美 | D280: =MID(A280,FIND("R",A280)+1,4) -> 22.5 | E280: =_xlfn.XLOOKUP(A280,'7月排产计划'!G:G,'7月排产计划'!B:B) -> 北美 | F280: =E280&D280&"寸" -> 北美22.5寸 | G280: =VLOOKUP(A280,'7月排产计划'!G286:G800,1,0) -> #N/A | H280: =D280&G280 -> #N/A | I280: =VLOOKUP(A280,[2]Sheet1!$C$3:$G$310,5,0) -> #N/A | J280: =VLOOKUP(A280,[3]KCBB0101!$C$3:$F$691,4,0) -> 5000 | K280: =VLOOKUP(A280,'7月排产计划'!G98:G612,1,0) -> ID385/65R22.5-20PR(160K)[HA4 Plus]SUPERMAX无内
A281: ID385/65R22.5-20PR(160K)[I-42W]IRONMAN无内 | B281: 320 | C281: 北美 | D281: =MID(A281,FIND("R",A281)+1,4) -> 22.5 | E281: =_xlfn.XLOOKUP(A281,'7月排产计划'!G:G,'7月排产计划'!B:B) -> 北美 | F281: =E281&D281&"寸" -> 北美22.5寸 | G281: =VLOOKUP(A281,'7月排产计划'!G287:G801,1,0) -> #N/A | H281: =D281&G281 -> #N/A | I281: =VLOOKUP(A281,[2]Sheet1!$C$3:$G$310,5,0) -> 5200 | J281: =VLOOKUP(A281,[3]KCBB0101!$C$3:$F$691,4,0) -> #N/A | K281: =VLOOKUP(A281,'7月排产计划'!G99:G613,1,0) -> ID385/65R22.5-20PR(160K)[I-42W]IRONMAN无内
A282: ID385/65R22.5-20PR(160K)[M-TRAC MSF]MASTERTRACK无内 | B282: 800 | C282: 北美 | D282: =MID(A282,FIND("R",A282)+1,4) -> 22.5 | E282: =_xlfn.XLOOKUP(A282,'7月排产计划'!G:G,'7月排产计划'!B:B) -> 北美 | F282: =E282&D282&"寸" -> 北美22.5寸 | G282: =VLOOKUP(A282,'7月排产计划'!G288:G802,1,0) -> #N/A | H282: =D282&G282 -> #N/A | I282: =VLOOKUP(A282,[2]Sheet1!$C$3:$G$310,5,0) -> #N/A | J282: =VLOOKUP(A282,[3]KCBB0101!$C$3:$F$691,4,0) -> 5000 | K282: =VLOOKUP(A282,'7月排产计划'!G100:G614,1,0) -> ID385/65R22.5-20PR(160K)[M-TRAC MSF]MASTERTRACK无内
A283: ID385/65R22.5-20PR(160K)[Strong Guard H-MW]HERCULES无内 | B283: 820 | C283: 北美 | D283: =MID(A283,FIND("R",A283)+1,4) -> 22.5 | E283: =_xlfn.XLOOKUP(A283,'7月排产计划'!G:G,'7月排产计划'!B:B) -> 北美 | F283: =E283&D283&"寸" -> 北美22.5寸 | G283: =VLOOKUP(A283,'7月排产计划'!G289:G803,1,0) -> #N/A | H283: =D283&G283 -> #N/A | I283: =VLOOKUP(A283,[2]Sheet1!$C$3:$G$310,5,0) -> 10700 | J283: =VLOOKUP(A283,[3]KCBB0101!$C$3:$F$691,4,0) -> #N/A | K283: =VLOOKUP(A283,'7月排产计划'!G101:G615,1,0) -> ID385/65R22.5-20PR(160K)[Strong Guard H-MW]HERCULES无内
A284: ID385/65R22.5-20PR(160K)[VA916]VITOUR无内 | B284: 500 | C284: 亚 | D284: =MID(A284,FIND("R",A284)+1,4) -> 22.5 | E284: =_xlfn.XLOOKUP(A284,'7月排产计划'!G:G,'7月排产计划'!B:B) -> 亚 | F284: =E284&D284&"寸" -> 亚22.5寸 | G284: =VLOOKUP(A284,'7月排产计划'!G290:G804,1,0) -> #N/A | H284: =D284&G284 -> #N/A | I284: =VLOOKUP(A284,[2]Sheet1!$C$3:$G$310,5,0) -> 6000 | J284: =VLOOKUP(A284,[3]KCBB0101!$C$3:$F$691,4,0) -> #N/A | K284: =VLOOKUP(A284,'7月排产计划'!G102:G616,1,0) -> ID385/65R22.5-20PR(160K)[VA916]VITOUR无内
A285: ID425/65R22.5-20PR(165K)[HA4 Plus]SUPERMAX无内 | B285: 280 | C285: 北美 | D285: =MID(A285,FIND("R",A285)+1,4) -> 22.5 | E285: =_xlfn.XLOOKUP(A285,'7月排产计划'!G:G,'7月排产计划'!B:B) -> 北美 | F285: =E285&D285&"寸" -> 北美22.5寸 | G285: =VLOOKUP(A285,'7月排产计划'!G291:G805,1,0) -> #N/A | H285: =D285&G285 -> #N/A | I285: =VLOOKUP(A285,[2]Sheet1!$C$3:$G$310,5,0) -> #N/A | J285: =VLOOKUP(A285,[3]KCBB0101!$C$3:$F$691,4,0) -> 5000 | K285: =VLOOKUP(A285,'7月排产计划'!G103:G617,1,0) -> ID425/65R22.5-20PR(165K)[HA4 Plus]SUPERMAX无内
A286: ID425/65R22.5-20PR(165K)[I-42W]IRONMAN无内 | B286: 500 | C286: 北美 | D286: =MID(A286,FIND("R",A286)+1,4) -> 22.5 | E286: =_xlfn.XLOOKUP(A286,'7月排产计划'!G:G,'7月排产计划'!B:B) -> 北美 | F286: =E286&D286&"寸" -> 北美22.5寸 | G286: =VLOOKUP(A286,'7月排产计划'!G292:G806,1,0) -> #N/A | H286: =D286&G286 -> #N/A | I286: =VLOOKUP(A286,[2]Sheet1!$C$3:$G$310,5,0) -> 2200 | J286: =VLOOKUP(A286,[3]KCBB0101!$C$3:$F$691,4,0) -> #N/A | K286: =VLOOKUP(A286,'7月排产计划'!G104:G618,1,0) -> ID425/65R22.5-20PR(165K)[I-42W]IRONMAN无内
A287: ID425/65R22.5-20PR(165K)[M-TRAC MSF]MASTERTRACK无内 | B287: 500 | C287: 北美 | D287: =MID(A287,FIND("R",A287)+1,4) -> 22.5 | E287: =_xlfn.XLOOKUP(A287,'7月排产计划'!G:G,'7月排产计划'!B:B) -> 北美 | F287: =E287&D287&"寸" -> 北美22.5寸 | G287: =VLOOKUP(A287,'7月排产计划'!G293:G807,1,0) -> #N/A | H287: =D287&G287 -> #N/A | I287: =VLOOKUP(A287,[2]Sheet1!$C$3:$G$310,5,0) -> #N/A | J287: =VLOOKUP(A287,[3]KCBB0101!$C$3:$F$691,4,0) -> 8000 | K287: =VLOOKUP(A287,'7月排产计划'!G105:G619,1,0) -> ID425/65R22.5-20PR(165K)[M-TRAC MSF]MASTERTRACK无内
A288: ID425/65R22.5-20PR(165K)[Strong Guard H-MW]HERCULES无内 | B288: 920 | C288: 北美 | D288: =MID(A288,FIND("R",A288)+1,4) -> 22.5 | E288: =_xlfn.XLOOKUP(A288,'7月排产计划'!G:G,'7月排产计划'!B:B) -> 北美 | F288: =E288&D288&"寸" -> 北美22.5寸 | G288: =VLOOKUP(A288,'7月排产计划'!G294:G808,1,0) -> #N/A | H288: =D288&G288 -> #N/A | I288: =VLOOKUP(A288,[2]Sheet1!$C$3:$G$310,5,0) -> 6800 | J288: =VLOOKUP(A288,[3]KCBB0101!$C$3:$F$691,4,0) -> #N/A | K288: =VLOOKUP(A288,'7月排产计划'!G106:G620,1,0) -> ID425/65R22.5-20PR(165K)[Strong Guard H-MW]HERCULES无内
A289: ID425/65R22.5-20PR(165K)[VA916]VITOUR无内 | B289: 500 | C289: 亚 | D289: =MID(A289,FIND("R",A289)+1,4) -> 22.5 | E289: =_xlfn.XLOOKUP(A289,'7月排产计划'!G:G,'7月排产计划'!B:B) -> 亚 | F289: =E289&D289&"寸" -> 亚22.5寸 | G289: =VLOOKUP(A289,'7月排产计划'!G295:G809,1,0) -> #N/A | H289: =D289&G289 -> #N/A | I289: =VLOOKUP(A289,[2]Sheet1!$C$3:$G$310,5,0) -> 13700 | J289: =VLOOKUP(A289,[3]KCBB0101!$C$3:$F$691,4,0) -> #N/A | K289: =VLOOKUP(A289,'7月排产计划'!G107:G621,1,0) -> ID425/65R22.5-20PR(165K)[VA916]VITOUR无内
A290: ID445/50R22.5-20PR(161L)[AD755]ARISUN无内 | B290: 160 | C290: 北美 | D290: =MID(A290,FIND("R",A290)+1,4) -> 22.5 | E290: =_xlfn.XLOOKUP(A290,'7月排产计划'!G:G,'7月排产计划'!B:B) -> 北美 | F290: =E290&D290&"寸" -> 北美22.5寸 | G290: =VLOOKUP(A290,'7月排产计划'!G296:G810,1,0) -> #N/A | H290: =D290&G290 -> #N/A | I290: =VLOOKUP(A290,[2]Sheet1!$C$3:$G$310,5,0) -> #N/A | J290: =VLOOKUP(A290,[3]KCBB0101!$C$3:$F$691,4,0) -> 2745 | K290: =VLOOKUP(A290,'7月排产计划'!G108:G622,1,0) -> ID445/50R22.5-20PR(161L)[AD755]ARISUN无内
A291: ID445/50R22.5-20PR(161L)[AD781]GOODRIDE(好运)无内 | B291: 270 | C291: 北美 | D291: =MID(A291,FIND("R",A291)+1,4) -> 22.5 | E291: =_xlfn.XLOOKUP(A291,'7月排产计划'!G:G,'7月排产计划'!B:B) -> 北美 | F291: =E291&D291&"寸" -> 北美22.5寸 | G291: =VLOOKUP(A291,'7月排产计划'!G297:G811,1,0) -> #N/A | H291: =D291&G291 -> #N/A | I291: =VLOOKUP(A291,[2]Sheet1!$C$3:$G$310,5,0) -> #N/A | J291: =VLOOKUP(A291,[3]KCBB0101!$C$3:$F$691,4,0) -> 6000 | K291: =VLOOKUP(A291,'7月排产计划'!G109:G623,1,0) -> ID445/50R22.5-20PR(161L)[AD781]GOODRIDE(好运)无内
... A296: ID445/65R22.5-20PR(169K)[I-42W]IRONMAN无内 | B296: 360 | C296: 北美 | D296: =MID(A296,FIND("R",A296)+1,4) -> 22.5 | E296: =_xlfn.XLOOKUP(A296,'7月排产计划'!G:G,'7月排产计划'!B:B) -> 北美 | F296: =E296&D296&"寸" -> 北美22.5寸 | G296: =VLOOKUP(A296,'7月排产计划'!G302:G816,1,0) -> #N/A | H296: =D296&G296 -> #N/A | I296: =VLOOKUP(A296,[2]Sheet1!$C$3:$G$310,5,0) -> 3300 | J296: =VLOOKUP(A296,[3]KCBB0101!$C$3:$F$691,4,0) -> #N/A | K296: =VLOOKUP(A296,'7月排产计划'!G114:G628,1,0) -> ID445/65R22.5-20PR(169K)[I-42W]IRONMAN无内
A297: ID10.00R20-18PR(149/146F)[CB332]威狮 | B297: 680 | C297: 亚 | D297: =MID(A297,FIND("R",A297)+1,2) -> 20 | E297: =_xlfn.XLOOKUP(A297,'7月排产计划'!G:G,'7月排产计划'!B:B) -> 亚 | F297: =E297&D297&"寸" -> 亚20寸 | G297: =VLOOKUP(A297,'7月排产计划'!G303:G817,1,0) -> #N/A | H297: =D297&G297 -> #N/A | I297: =VLOOKUP(A297,[2]Sheet1!$C$3:$G$310,5,0) -> 5200 | J297: =VLOOKUP(A297,[3]KCBB0101!$C$3:$F$691,4,0) -> #N/A | K297: =VLOOKUP(A297,'7月排产计划'!G115:G629,1,0) -> ID10.00R20-18PR(149/146F)[CB332]威狮
A298: ID10.00R20-18PR(149/146F)[CB972]威狮 | B298: 280 | C298: 亚 | D298: =MID(A298,FIND("R",A298)+1,2) -> 20 | E298: =_xlfn.XLOOKUP(A298,'7月排产计划'!G:G,'7月排产计划'!B:B) -> 亚 | F298: =E298&D298&"寸" -> 亚20寸 | G298: =VLOOKUP(A298,'7月排产计划'!G304:G818,1,0) -> #N/A | H298: =D298&G298 -> #N/A | I298: =VLOOKUP(A298,[2]Sheet1!$C$3:$G$310,5,0) -> 10100 | J298: =VLOOKUP(A298,[3]KCBB0101!$C$3:$F$691,4,0) -> #N/A | K298: =VLOOKUP(A298,'7月排产计划'!G116:G630,1,0) -> ID10.00R20-18PR(149/146F)[CB972]威狮
A299: ID10.00R20-18PR(149/146F)[MT100]UNITED | B299: 200 | C299: 亚 | D299: =MID(A299,FIND("R",A299)+1,2) -> 20 | E299: =_xlfn.XLOOKUP(A299,'7月排产计划'!G:G,'7月排产计划'!B:B) -> 亚 | F299: =E299&D299&"寸" -> 亚20寸 | G299: =VLOOKUP(A299,'7月排产计划'!G305:G819,1,0) -> #N/A | H299: =D299&G299 -> #N/A | I299: =VLOOKUP(A299,[2]Sheet1!$C$3:$G$310,5,0) -> #N/A | J299: =VLOOKUP(A299,[3]KCBB0101!$C$3:$F$691,4,0) -> 6700 | K299: =VLOOKUP(A299,'7月排产计划'!G117:G631,1,0) -> ID10.00R20-18PR(149/146F)[MT100]UNITED
A300: ID10.00R20-18PR(149/146J)[AZ601]威狮 | B300: 1600 | C300: 亚 | D300: =MID(A300,FIND("R",A300)+1,2) -> 20 | E300: =_xlfn.XLOOKUP(A300,'7月排产计划'!G:G,'7月排产计划'!B:B) -> 亚 | F300: =E300&D300&"寸" -> 亚20寸 | G300: =VLOOKUP(A300,'7月排产计划'!G306:G820,1,0) -> #N/A | H300: =D300&G300 -> #N/A | I300: =VLOOKUP(A300,[2]Sheet1!$C$3:$G$310,5,0) -> 6850 | J300: =VLOOKUP(A300,[3]KCBB0101!$C$3:$F$691,4,0) -> #N/A | K300: =VLOOKUP(A300,'7月排产计划'!G118:G632,1,0) -> ID10.00R20-18PR(149/146J)[AZ601]威狮
A301: ID10.00R20-18PR(149/146J)[AZ676]TRAZANO(全诺) | B301: 3800 | C301: 亚 | D301: =MID(A301,FIND("R",A301)+1,2) -> 20 | E301: =_xlfn.XLOOKUP(A301,'7月排产计划'!G:G,'7月排产计划'!B:B) -> 亚 | F301: =E301&D301&"寸" -> 亚20寸 | G301: =VLOOKUP(A301,'7月排产计划'!G307:G821,1,0) -> #N/A | H301: =D301&G301 -> #N/A | I301: =VLOOKUP(A301,[2]Sheet1!$C$3:$G$310,5,0) -> #N/A | J301: =VLOOKUP(A301,[3]KCBB0101!$C$3:$F$691,4,0) -> 5491 | K301: =VLOOKUP(A301,'7月排产计划'!G119:G633,1,0) -> ID10.00R20-18PR(149/146J)[AZ676]TRAZANO(全诺)
A302: ID10.00R20-18PR(149/146J)[AZ686]GOODRIDE(好运) | B302: 200 | C302: 亚 | D302: =MID(A302,FIND("R",A302)+1,2) -> 20 | E302: =_xlfn.XLOOKUP(A302,'7月排产计划'!G:G,'7月排产计划'!B:B) -> 亚 | F302: =E302&D302&"寸" -> 亚20寸 | G302: =VLOOKUP(A302,'7月排产计划'!G308:G822,1,0) -> #N/A | H302: =D302&G302 -> #N/A | I302: =VLOOKUP(A302,[2]Sheet1!$C$3:$G$310,5,0) -> #N/A | J302: =VLOOKUP(A302,[3]KCBB0101!$C$3:$F$691,4,0) -> 5300 | K302: =VLOOKUP(A302,'7月排产计划'!G120:G634,1,0) -> ID10.00R20-18PR(149/146J)[AZ686]GOODRIDE(好运)
A303: ID10.00R20-18PR(149/146J)[AZ686]雅度 | B303: 220 | C303: 亚 | D303: =MID(A303,FIND("R",A303)+1,2) -> 20 | E303: =_xlfn.XLOOKUP(A303,'7月排产计划'!G:G,'7月排产计划'!B:B) -> 亚 | F303: =E303&D303&"寸" -> 亚20寸 | G303: =VLOOKUP(A303,'7月排产计划'!G309:G823,1,0) -> #N/A | H303: =D303&G303 -> #N/A | I303: =VLOOKUP(A303,[2]Sheet1!$C$3:$G$310,5,0) -> #N/A | J303: =VLOOKUP(A303,[3]KCBB0101!$C$3:$F$691,4,0) -> 5012 | K303: =VLOOKUP(A303,'7月排产计划'!G121:G635,1,0) -> ID10.00R20-18PR(149/146J)[AZ686]雅度
A304: ID10.00R20-18PR(149/146J)[AZ850]朝阳 | B304: 380 | C304: 亚 | D304: =MID(A304,FIND("R",A304)+1,2) -> 20 | E304: =_xlfn.XLOOKUP(A304,'7月排产计划'!G:G,'7月排产计划'!B:B) -> 亚 | F304: =E304&D304&"寸" -> 亚20寸 | G304: =VLOOKUP(A304,'7月排产计划'!G310:G824,1,0) -> #N/A | H304: =D304&G304 -> #N/A | I304: =VLOOKUP(A304,[2]Sheet1!$C$3:$G$310,5,0) -> #N/A | J304: =VLOOKUP(A304,[3]KCBB0101!$C$3:$F$691,4,0) -> 1723 | K304: =VLOOKUP(A304,'7月排产计划'!G122:G636,1,0) -> ID10.00R20-18PR(149/146J)[AZ850]朝阳
A305: ID10.00R20-18PR(149/146J)[AZ850]雅度 | B305: 220 | C305: 亚 | D305: =MID(A305,FIND("R",A305)+1,2) -> 20 | E305: =_xlfn.XLOOKUP(A305,'7月排产计划'!G:G,'7月排产计划'!B:B) -> 亚 | F305: =E305&D305&"寸" -> 亚20寸 | G305: =VLOOKUP(A305,'7月排产计划'!G311:G825,1,0) -> #N/A | H305: =D305&G305 -> #N/A | I305: =VLOOKUP(A305,[2]Sheet1!$C$3:$G$310,5,0) -> #N/A | J305: =VLOOKUP(A305,[3]KCBB0101!$C$3:$F$691,4,0) -> 2000 | K305: =VLOOKUP(A305,'7月排产计划'!G123:G637,1,0) -> ID10.00R20-18PR(149/146J)[AZ850]雅度
...

Sheet 7月排产计划
G1: , | I1: {=SUM((I3:I376)/2)} -> 142 | L1: 350 | Q1: =SUM(Q3:Q375) -> 8999 | AZ1: 定额 | BE1: 计划产生
B2: 市场 | C2: 尺寸 | E2: 规格花纹 | G2: 全钢规格 | H2: 订单数 | I2: 模具 | J2: 发出模具 | K2: 优先级别 | L2: 硫化时间 | M2: 运转率 | N2: 轮胎库存 | O2: 单胎重量 | P2: 中策价 | Q2: 硫化机 条/天 | R2: 1 | S2: 2 | T2: 3 | U2: 4 | V2: 5 | W2: 6 | X2: 7 | Y2: 8 | Z2: 9 | AA2: 10 | AB2: 11 | AC2: 12 | AD2: 13 | AE2: 14 | AF2: 15 | AG2: 16 | AH2: 17 | AI2: 18 | AJ2: 19 | AK2: 20 | AL2: 21 | AM2: 22 | AN2: 23 | AO2: 24 | AP2: 25 | AQ2: 26 | AR2: 27 | AS2: 28 | AT2: 29 | AU2: 30 | AV2: 31 | AW2: 合计 | AX2: 吨位 | AY2: 产值(万元) | AZ2: 原材料 | BA2: 动力 | BB2: 工资 | BC2: 车间经费 | BE2: 原材料 | BF2: 动力 | BG2: 工资 | BH2: 车间经费 | BY2: =SUM(BY3:BY376) -> 57034 | BZ2: =SUM(BZ3:BZ376) -> 62050 | CA2: =SUM(CA3:CA376) -> 72418 | CB2: =SUM(CB3:CB376) -> 82194
B3: =_xlfn.XLOOKUP(G3,销售需求表!A:A,销售需求表!C:C) -> 亚 | C3: =IFERROR(MID(F3,FIND("R",F3)+1,4),"") -> 22.5 | D3: =B3&C3&"寸" -> 亚22.5寸 | E3: =LEFT(REPLACE(G3,1,2,""),FIND("[",REPLACE(G3,1,2,""))-1)&"-"&MID(REPLACE(G3,1,2,""),FIND("[",REPLACE(G3,1,2,""))+1,FIND("]",REPLACE(G3,1,2,""))-FIND("[",REPLACE(G3,1,2,""))-1) -> 11R22.5-14PR(144/142M)-AT552 | F3: =IFERROR(MID(G3,3,FIND("(",G3)-3)&"-"&SUBSTITUTE(MID(G3,FIND("[",G3)+1,FIND("]",G3)-FIND("[",G3)-1),"Strong Guard ",""),"") -> 11R22.5-14PR-AT552 | G3: ID11R22.5-14PR(144/142M)[AT552]ARISUN无内 | H3: 700 | J3: =IFERROR(LEFT(F3,FIND("-",F3))&MID(F3,FIND("PR",F3,FIND("-",F3))+3,LEN(F3)),F3) -> 11R22.5-AT552 | K3: =_xlfn.XLOOKUP(F3,投产规格!E:E,投产规格!D:D,"未投产") -> ✔ | L3: =IFERROR(_xlfn.XLOOKUP(F3,硫化工艺!B:B,硫化工艺!C:C),"") -> 36.5 | M3: =IF(L3="","",L3/(L3+$L$1/60)) -> 0.86220472 | N3: =C3&"全钢" -> 22.5全钢 | O3: =IFERROR(_xlfn.XLOOKUP(F3,轮胎重量!J:J,轮胎重量!G:G),"") -> 48.15 | P3: =IFERROR(_xlfn.XLOOKUP(G3,硫化工艺!I:I,硫化工艺!J:J),"") -> 707.7168 | Q3: =IFERROR(ROUND(1440/L3*(I3)*M3,0),"") -> 0 | AR3: 130 | AS3: 130 | AT3: 130 | AU3: 130 | AV3: 130 | AW3: =IF(SUM(R3:AV3)=0,"",SUM(R3:AV3)) -> 650 | AX3: =IFERROR(AW3*O3/1000,"") -> 31.2975 | AY3: =IFERROR(ROUND(AW3*P3/10000,3),"") -> 46.002 | AZ3: 464.56 | BA3: 29.9 | BB3: 49.85 | BC3: 52.38 | BE3: =AZ3*AW3 -> 301964 | BF3: =BA3*AW3 -> 19435 | BG3: =BB3*AW3 -> 32402.5 | BH3: =BC3*AW3 -> 34047 | BJ3: {=_xlfn.LET(_xlpm.data,$R3:$AV3,_xlpm.starts,{1,8,16,23},_xlpm.lengths,{7,7,8,9},_xlpm.arr,_xlfn.MAP(_xlpm.starts,_xlpm.lengths,_xlfn.LAMBDA(_xlpm.s,_xlpm.l,SUM(INDEX(_xlpm.data,,_xlfn.SEQUENCE(,_xlpm.l,_xlpm.s))))),ROUND(_xlpm.arr*$O3/1000,2))} -> 0 | BK3: 0 | BL3: 0 | BM3: 31.3 | BN3: =SUM(BJ3:BM3) -> 31.3 | BO3: 0 | BP3: 0 | BQ3: 0 | BR3: 0 | BT3: {=_xlfn.HSTACK(SUM(INDEX($R3:$AV3,1,1):INDEX($R3:$AV3,1,7)),SUM(INDEX($R3:$AV3,1,7):INDEX($R3:$AV3,1,13)),SUM(INDEX($R3:$AV3,1,16):INDEX($R3:$AV3,1,23)),SUM(INDEX($R3:$AV3,1,23):INDEX($R3:$AV3,1,31)))} -> 0 | BU3: 0 | BV3: 0 | BW3: 650 | BX3: 全钢 | BY3: =SUM(R3:X3) -> 0 | BZ3: =SUM(Y3:AE3) -> 0 | CA3: =SUM(AF3:AM3) -> 0 | CB3: =SUM(AN3:AV3) -> 650 | CE3: =ROUND(BY3*$O3/1000,2) -> 0 | CF3: =ROUND(BZ3*$O3/1000,2) -> 0 | CG3: =ROUND(CA3*$O3/1000,2) -> 0 | CH3: =ROUND(CB3*$O3/1000,2) -> 31.3 | CI3: =SUM(CE3:CH3) -> 31.3 | CK3: =IFERROR(ROUND(BY3*$P3,2),"") -> 0 | CL3: =IFERROR(ROUND(BZ3*$P3,2),"") -> 0 | CM3: =IFERROR(ROUND(CA3*$P3,2),"") -> 0 | CN3: =IFERROR(ROUND(CB3*$P3,2),"") -> 460015.92 | CO3: =SUM(CK3:CN3) -> 460015.92 | CP3: =VLOOKUP(G3,[2]Sheet1!$C$3:$G$310,5,0) -> #N/A | CQ3: =VLOOKUP(G3,[3]KCBB0101!$C$3:$F$691,4,0) -> 8214
B4: =_xlfn.XLOOKUP(G4,销售需求表!A:A,销售需求表!C:C) -> 北美 | C4: =IFERROR(MID(F4,FIND("R",F4)+1,4),"") -> 22.5 | D4: =B4&C4&"寸" -> 北美22.5寸 | E4: =LEFT(REPLACE(G4,1,2,""),FIND("[",REPLACE(G4,1,2,""))-1)&"-"&MID(REPLACE(G4,1,2,""),FIND("[",REPLACE(G4,1,2,""))+1,FIND("]",REPLACE(G4,1,2,""))-FIND("[",REPLACE(G4,1,2,""))-1) -> 11R22.5-14PR(144/142M)-AT563 | F4: =IFERROR(MID(G4,3,FIND("(",G4)-3)&"-"&SUBSTITUTE(MID(G4,FIND("[",G4)+1,FIND("]",G4)-FIND("[",G4)-1),"Strong Guard ",""),"") -> 11R22.5-14PR-AT563 | G4: ID11R22.5-14PR(144/142M)[AT563]ARISUN无内 | H4: 300 | J4: =IFERROR(LEFT(F4,FIND("-",F4))&MID(F4,FIND("PR",F4,FIND("-",F4))+3,LEN(F4)),F4) -> 11R22.5-AT563 | K4: =_xlfn.XLOOKUP(F4,投产规格!E:E,投产规格!D:D,"未投产") -> ✔ | L4: =IFERROR(_xlfn.XLOOKUP(F4,硫化工艺!B:B,硫化工艺!C:C),"") -> 38.5 | M4: =IF(L4="","",L4/(L4+$L$1/60)) -> 0.86842105 | N4: =C4&"全钢" -> 22.5全钢 | O4: =IFERROR(_xlfn.XLOOKUP(F4,轮胎重量!J:J,轮胎重量!G:G),"") -> 50.98 | P4: =IFERROR(_xlfn.XLOOKUP(G4,硫化工艺!I:I,硫化工艺!J:J),"") -> 750.2593 | Q4: =IFERROR(ROUND(1440/L4*(I4)*M4,0),"") -> 0 | AN4: 60 | AO4: 60 | AP4: 60 | AQ4: 60 | AR4: 60 | AS4: 60 | AT4: 60 | AU4: 60 | AV4: 60 | AW4: =IF(SUM(R4:AV4)=0,"",SUM(R4:AV4)) -> 540 | AX4: =IFERROR(AW4*O4/1000,"") -> 27.5292 | AY4: =IFERROR(ROUND(AW4*P4/10000,3),"") -> 40.514 | AZ4: 464.56 | BA4: 29.9 | BB4: 49.85 | BC4: 52.38 | BE4: =AZ4*AW4 -> 250862.4 | BF4: =BA4*AW4 -> 16146 | BG4: =BB4*AW4 -> 26919 | BH4: =BC4*AW4 -> 28285.2 | BJ4: {=_xlfn.LET(_xlpm.data,$R4:$AV4,_xlpm.starts,{1,8,16,23},_xlpm.lengths,{7,7,8,9},_xlpm.arr,_xlfn.MAP(_xlpm.starts,_xlpm.lengths,_xlfn.LAMBDA(_xlpm.s,_xlpm.l,SUM(INDEX(_xlpm.data,,_xlfn.SEQUENCE(,_xlpm.l,_xlpm.s))))),ROUND(_xlpm.arr*$O4/1000,2))} -> 0 | BK4: 0 | BL4: 3.06 | BM4: 27.53 | BN4: =SUM(BJ4:BM4) -> 30.59 | BO4: 0 | BP4: 0 | BQ4: 0 | BR4: 0 | BT4: {=_xlfn.HSTACK(SUM(INDEX($R4:$AV4,1,1):INDEX($R4:$AV4,1,7)),SUM(INDEX($R4:$AV4,1,7):INDEX($R4:$AV4,1,13)),SUM(INDEX($R4:$AV4,1,16):INDEX($R4:$AV4,1,23)),SUM(INDEX($R4:$AV4,1,23):INDEX($R4:$AV4,1,31)))} -> 0 | BU4: 0 | BV4: 60 | BW4: 540 | BY4: =SUM(R4:X4) -> 0 | BZ4: =SUM(Y4:AE4) -> 0 | CA4: =SUM(AF4:AM4) -> 0 | CB4: =SUM(AN4:AV4) -> 540 | CE4: =ROUND(BY4*$O4/1000,2) -> 0 | CF4: =ROUND(BZ4*$O4/1000,2) -> 0 | CG4: =ROUND(CA4*$O4/1000,2) -> 0 | CH4: =ROUND(CB4*$O4/1000,2) -> 27.53 | CI4: =SUM(CE4:CH4) -> 27.53 | CK4: =IFERROR(ROUND(BY4*$P4,2),"") -> 0 | CL4: =IFERROR(ROUND(BZ4*$P4,2),"") -> 0 | CM4: =IFERROR(ROUND(CA4*$P4,2),"") -> 0 | CN4: =IFERROR(ROUND(CB4*$P4,2),"") -> 405140.02 | CO4: =SUM(CK4:CN4) -> 405140.02 | CP4: =VLOOKUP(G4,[2]Sheet1!$C$3:$G$310,5,0) -> #N/A | CQ4: =VLOOKUP(G4,[3]KCBB0101!$C$3:$F$691,4,0) -> 2573
B5: =_xlfn.XLOOKUP(G5,销售需求表!A:A,销售需求表!C:C) -> 北美 | C5: =IFERROR(MID(F5,FIND("R",F5)+1,4),"") -> 22.5 | D5: =B5&C5&"寸" -> 北美22.5寸 | E5: =LEFT(REPLACE(G5,1,2,""),FIND("[",REPLACE(G5,1,2,""))-1)&"-"&MID(REPLACE(G5,1,2,""),FIND("[",REPLACE(G5,1,2,""))+1,FIND("]",REPLACE(G5,1,2,""))-FIND("[",REPLACE(G5,1,2,""))-1) -> 11R22.5-14PR(144/142M)-CR915 | F5: =IFERROR(MID(G5,3,FIND("(",G5)-3)&"-"&SUBSTITUTE(MID(G5,FIND("[",G5)+1,FIND("]",G5)-FIND("[",G5)-1),"Strong Guard ",""),"") -> 11R22.5-14PR-CR915 | G5: ID11R22.5-14PR(144/142M)[CR915]威狮无内 | H5: 500 | J5: =IFERROR(LEFT(F5,FIND("-",F5))&MID(F5,FIND("PR",F5,FIND("-",F5))+3,LEN(F5)),F5) -> 11R22.5-CR915 | K5: =_xlfn.XLOOKUP(F5,投产规格!E:E,投产规格!D:D,"未投产") -> ✔ | L5: =IFERROR(_xlfn.XLOOKUP(F5,硫化工艺!B:B,硫化工艺!C:C),"") -> 33.5 | M5: =IF(L5="","",L5/(L5+$L$1/60)) -> 0.85169492 | N5: =C5&"全钢" -> 22.5全钢 | O5: =IFERROR(_xlfn.XLOOKUP(F5,轮胎重量!J:J,轮胎重量!G:G),"") -> 48.51 | P5: =IFERROR(_xlfn.XLOOKUP(G5,硫化工艺!I:I,硫化工艺!J:J),"") -> 708.6732 | Q5: =IFERROR(ROUND(1440/L5*(I5)*M5,0),"") -> 0 | AK5: 60 | AL5: 60 | AM5: 60 | AN5: 60 | AO5: 60 | AP5: 60 | AQ5: 60 | AR5: 60 | AS5: 60 | AT5: 60 | AU5: 60 | AV5: 60 | AW5: =IF(SUM(R5:AV5)=0,"",SUM(R5:AV5)) -> 720 | AX5: =IFERROR(AW5*O5/1000,"") -> 34.9272 | AY5: =IFERROR(ROUND(AW5*P5/10000,3),"") -> 51.024 | AZ5: 461.01 | BA5: 30.13 | BB5: 49.93 | BC5: 53.65 | BE5: =AZ5*AW5 -> 331927.2 | BF5: =BA5*AW5 -> 21693.6 | BG5: =BB5*AW5 -> 35949.6 | BH5: =BC5*AW5 -> 38628 | BJ5: {=_xlfn.LET(_xlpm.data,$R5:$AV5,_xlpm.starts,{1,8,16,23},_xlpm.lengths,{7,7,8,9},_xlpm.arr,_xlfn.MAP(_xlpm.starts,_xlpm.lengths,_xlfn.LAMBDA(_xlpm.s,_xlpm.l,SUM(INDEX(_xlpm.data,,_xlfn.SEQUENCE(,_xlpm.l,_xlpm.s))))),ROUND(_xlpm.arr*$O5/1000,2))} -> 0 | BK5: 0 | BL5: 11.64 | BM5: 26.2 | BN5: =SUM(BJ5:BM5) -> 37.84 | BO5: 111.71 | BP5: 91.4 | BQ5: 46.43 | BR5: 52.23 | BT5: {=_xlfn.HSTACK(SUM(INDEX($R5:$AV5,1,1):INDEX($R5:$AV5,1,7)),SUM(INDEX($R5:$AV5,1,7):INDEX($R5:$AV5,1,13)),SUM(INDEX($R5:$AV5,1,16):INDEX($R5:$AV5,1,23)),SUM(INDEX($R5:$AV5,1,23):INDEX($R5:$AV5,1,31)))} -> 0 | BU5: 0 | BV5: 240 | BW5: 540 | BY5: =SUM(R5:X5) -> 0 | BZ5: =SUM(Y5:AE5) -> 0 | CA5: =SUM(AF5:AM5) -> 180 | CB5: =SUM(AN5:AV5) -> 540 | CE5: =ROUND(BY5*$O5/1000,2) -> 0 | CF5: =ROUND(BZ5*$O5/1000,2) -> 0 | CG5: =ROUND(CA5*$O5/1000,2) -> 8.73 | CH5: =ROUND(CB5*$O5/1000,2) -> 26.2 | CI5: =SUM(CE5:CH5) -> 34.93 | CK5: =IFERROR(ROUND(BY5*$P5,2),"") -> 0 | CL5: =IFERROR(ROUND(BZ5*$P5,2),"") -> 0 | CM5: =IFERROR(ROUND(CA5*$P5,2),"") -> 127561.18 | CN5: =IFERROR(ROUND(CB5*$P5,2),"") -> 382683.53 | CO5: =SUM(CK5:CN5) -> 510244.71 | CP5: =VLOOKUP(G5,[2]Sheet1!$C$3:$G$310,5,0) -> 5700 | CQ5: =VLOOKUP(G5,[3]KCBB0101!$C$3:$F$691,4,0) -> #N/A
B6: =_xlfn.XLOOKUP(G6,销售需求表!A:A,销售需求表!C:C) -> 北美 | C6: =IFERROR(MID(F6,FIND("R",F6)+1,4),"") -> 22.5 | D6: =B6&C6&"寸" -> 北美22.5寸 | E6: =LEFT(REPLACE(G6,1,2,""),FIND("[",REPLACE(G6,1,2,""))-1)&"-"&MID(REPLACE(G6,1,2,""),FIND("[",REPLACE(G6,1,2,""))+1,FIND("]",REPLACE(G6,1,2,""))-FIND("[",REPLACE(G6,1,2,""))-1) -> 11R22.5-14PR(144/142M)-HT1 Plus | F6: =IFERROR(MID(G6,3,FIND("(",G6)-3)&"-"&SUBSTITUTE(MID(G6,FIND("[",G6)+1,FIND("]",G6)-FIND("[",G6)-1),"Strong Guard ",""),"") -> 11R22.5-14PR-HT1 Plus | G6: ID11R22.5-14PR(144/142M)[HT1 Plus]SUPERMAX无内 | H6: 580 | I6: 2 | J6: =IFERROR(LEFT(F6,FIND("-",F6))&MID(F6,FIND("PR",F6,FIND("-",F6))+3,LEN(F6)),F6) -> 11R22.5-HT1 Plus | K6: =_xlfn.XLOOKUP(F6,投产规格!E:E,投产规格!D:D,"未投产") -> ✔ | L6: =IFERROR(_xlfn.XLOOKUP(F6,硫化工艺!B:B,硫化工艺!C:C),"") -> 33.5 | M6: =IF(L6="","",L6/(L6+$L$1/60)) -> 0.85169492 | N6: =C6&"全钢" -> 22.5全钢 | O6: =IFERROR(_xlfn.XLOOKUP(F6,轮胎重量!J:J,轮胎重量!G:G),"") -> 48.51 | P6: =O6*13.9 -> 674.289 | Q6: =IFERROR(ROUND(1440/L6*(I6)*M6,0),"") -> 73 | R6: 66 | S6: 66 | T6: 66 | U6: 66 | V6: 66 | AW6: =IF(SUM(R6:AV6)=0,"",SUM(R6:AV6)) -> 330 | AX6: =IFERROR(AW6*O6/1000,"") -> 16.0083 | AY6: =IFERROR(ROUND(AW6*P6/10000,3),"") -> 22.252 | BE6: =AZ6*AW6 -> 0 | BF6: =BA6*AW6 -> 0 | BG6: =BB6*AW6 -> 0 | BH6: =BC6*AW6 -> 0 | BJ6: {=_xlfn.LET(_xlpm.data,$R6:$AV6,_xlpm.starts,{1,8,16,23},_xlpm.lengths,{7,7,8,9},_xlpm.arr,_xlfn.MAP(_xlpm.starts,_xlpm.lengths,_xlfn.LAMBDA(_xlpm.s,_xlpm.l,SUM(INDEX(_xlpm.data,,_xlfn.SEQUENCE(,_xlpm.l,_xlpm.s))))),ROUND(_xlpm.arr*$O6/1000,2))} -> 16.01 | BK6: 0 | BL6: 0 | BM6: 0 | BN6: =SUM(BJ6:BM6) -> 16.01 | BO6: 15.39 | BP6: 0 | BQ6: 0 | BR6: 0 | BT6: {=_xlfn.HSTACK(SUM(INDEX($R6:$AV6,1,1):INDEX($R6:$AV6,1,7)),SUM(INDEX($R6:$AV6,1,7):INDEX($R6:$AV6,1,13)),SUM(INDEX($R6:$AV6,1,16):INDEX($R6:$AV6,1,23)),SUM(INDEX($R6:$AV6,1,23):INDEX($R6:$AV6,1,31)))} -> 330 | BU6: 0 | BV6: 0 | BW6: 0 | BY6: =SUM(R6:X6) -> 330 | BZ6: =SUM(Y6:AE6) -> 0 | CA6: =SUM(AF6:AM6) -> 0 | CB6: =SUM(AN6:AV6) -> 0 | CE6: =ROUND(BY6*$O6/1000,2) -> 16.01 | CF6: =ROUND(BZ6*$O6/1000,2) -> 0 | CG6: =ROUND(CA6*$O6/1000,2) -> 0 | CH6: =ROUND(CB6*$O6/1000,2) -> 0 | CI6: =SUM(CE6:CH6) -> 16.01 | CK6: =IFERROR(ROUND(BY6*$P6,2),"") -> 222515.37 | CL6: =IFERROR(ROUND(BZ6*$P6,2),"") -> 0 | CM6: =IFERROR(ROUND(CA6*$P6,2),"") -> 0 | CN6: =IFERROR(ROUND(CB6*$P6,2),"") -> 0 | CO6: =SUM(CK6:CN6) -> 222515.37 | CP6: =VLOOKUP(G6,[2]Sheet1!$C$3:$G$310,5,0) -> #N/A | CQ6: =VLOOKUP(G6,[3]KCBB0101!$C$3:$F$691,4,0) -> 5000
B7: =_xlfn.XLOOKUP(G7,销售需求表!A:A,销售需求表!C:C) -> 北美 | C7: =IFERROR(MID(F7,FIND("R",F7)+1,4),"") -> 22.5 | D7: =B7&C7&"寸" -> 北美22.5寸 | E7: =LEFT(REPLACE(G7,1,2,""),FIND("[",REPLACE(G7,1,2,""))-1)&"-"&MID(REPLACE(G7,1,2,""),FIND("[",REPLACE(G7,1,2,""))+1,FIND("]",REPLACE(G7,1,2,""))-FIND("[",REPLACE(G7,1,2,""))-1) -> 11R22.5-14PR(144/142M)-I-48T | F7: =IFERROR(MID(G7,3,FIND("(",G7)-3)&"-"&SUBSTITUTE(MID(G7,FIND("[",G7)+1,FIND("]",G7)-FIND("[",G7)-1),"Strong Guard ",""),"") -> 11R22.5-14PR-I-48T | G7: ID11R22.5-14PR(144/142M)[I-48T]IRONMAN无内 SMARTWAY | H7: 800 | J7: =IFERROR(LEFT(F7,FIND("-",F7))&MID(F7,FIND("PR",F7,FIND("-",F7))+3,LEN(F7)),F7) -> 11R22.5-I-48T | K7: =_xlfn.XLOOKUP(F7,投产规格!E:E,投产规格!D:D,"未投产") -> ✔ | L7: =IFERROR(_xlfn.XLOOKUP(F7,硫化工艺!B:B,硫化工艺!C:C),"") -> 33.5 | M7: =IF(L7="","",L7/(L7+$L$1/60)) -> 0.85169492 | N7: =C7&"全钢" -> 22.5全钢 | O7: =IFERROR(_xlfn.XLOOKUP(F7,轮胎重量!J:J,轮胎重量!G:G),"") -> 48.51 | P7: =IFERROR(_xlfn.XLOOKUP(G7,硫化工艺!I:I,硫化工艺!J:J),"") -> 706.6458 | Q7: =IFERROR(ROUND(1440/L7*(I7)*M7,0),"") -> 0 | AI7: 60 | AJ7: 60 | AK7: 60 | AL7: 60 | AM7: 60 | AN7: 60 | AO7: 60 | AP7: 60 | AQ7: 60 | AR7: 60 | AS7: 60 | AT7: 60 | AU7: 60 | AV7: 60 | AW7: =IF(SUM(R7:AV7)=0,"",SUM(R7:AV7)) -> 840 | AX7: =IFERROR(AW7*O7/1000,"") -> 40.7484 | AY7: =IFERROR(ROUND(AW7*P7/10000,3),"") -> 59.358 | BE7: =AZ7*AW7 -> 0 | BF7: =BA7*AW7 -> 0 | BG7: =BB7*AW7 -> 0 | BH7: =BC7*AW7 -> 0 | BJ7: {=_xlfn.LET(_xlpm.data,$R7:$AV7,_xlpm.starts,{1,8,16,23},_xlpm.lengths,{7,7,8,9},_xlpm.arr,_xlfn.MAP(_xlpm.starts,_xlpm.lengths,_xlfn.LAMBDA(_xlpm.s,_xlpm.l,SUM(INDEX(_xlpm.data,,_xlfn.SEQUENCE(,_xlpm.l,_xlpm.s))))),ROUND(_xlpm.arr*$O7/1000,2))} -> 0 | BK7: 0 | BL7: 17.46 | BM7: 26.2 | BN7: =SUM(BJ7:BM7) -> 43.66 | BO7: 22.16 | BP7: 22.16 | BQ7: 25.32 | BR7: 28.49 | BT7: {=_xlfn.HSTACK(SUM(INDEX($R7:$AV7,1,1):INDEX($R7:$AV7,1,7)),SUM(INDEX($R7:$AV7,1,7):INDEX($R7:$AV7,1,13)),SUM(INDEX($R7:$AV7,1,16):INDEX($R7:$AV7,1,23)),SUM(INDEX($R7:$AV7,1,23):INDEX($R7:$AV7,1,31)))} -> 0 | BU7: 0 | BV7: 360 | BW7: 540 | BY7: =SUM(R7:X7) -> 0 | BZ7: =SUM(Y7:AE7) -> 0 | CA7: =SUM(AF7:AM7) -> 300 | CB7: =SUM(AN7:AV7) -> 540 | CE7: =ROUND(BY7*$O7/1000,2) -> 0 | CF7: =ROUND(BZ7*$O7/1000,2) -> 0 | CG7: =ROUND(CA7*$O7/1000,2) -> 14.55 | CH7: =ROUND(CB7*$O7/1000,2) -> 26.2 | CI7: =SUM(CE7:CH7) -> 40.75 | CK7: =IFERROR(ROUND(BY7*$P7,2),"") -> 0 | CL7: =IFERROR(ROUND(BZ7*$P7,2),"") -> 0 | CM7: =IFERROR(ROUND(CA7*$P7,2),"") -> 211993.74 | CN7: =IFERROR(ROUND(CB7*$P7,2),"") -> 381588.73 | CO7: =SUM(CK7:CN7) -> 593582.47 | CP7: =VLOOKUP(G7,[2]Sheet1!$C$3:$G$310,5,0) -> 7500 | CQ7: =VLOOKUP(G7,[3]KCBB0101!$C$3:$F$691,4,0) -> #N/A
B8: =_xlfn.XLOOKUP(G8,销售需求表!A:A,销售需求表!C:C) -> 北美 | C8: =IFERROR(MID(F8,FIND("R",F8)+1,4),"") -> 22.5 | D8: =B8&C8&"寸" -> 北美22.5寸 | E8: =LEFT(REPLACE(G8,1,2,""),FIND("[",REPLACE(G8,1,2,""))-1)&"-"&MID(REPLACE(G8,1,2,""),FIND("[",REPLACE(G8,1,2,""))+1,FIND("]",REPLACE(G8,1,2,""))-FIND("[",REPLACE(G8,1,2,""))-1) -> 11R22.5-14PR(144/142M)-M-TRAC TR | F8: =IFERROR(MID(G8,3,FIND("(",G8)-3)&"-"&SUBSTITUTE(MID(G8,FIND("[",G8)+1,FIND("]",G8)-FIND("[",G8)-1),"Strong Guard ",""),"") -> 11R22.5-14PR-M-TRAC TR | G8: ID11R22.5-14PR(144/142M)[M-TRAC TR]MASTERTRACK无内 | H8: 620 | J8: =IFERROR(LEFT(F8,FIND("-",F8))&MID(F8,FIND("PR",F8,FIND("-",F8))+3,LEN(F8)),F8) -> 11R22.5-M-TRAC TR | K8: =_xlfn.XLOOKUP(F8,投产规格!E:E,投产规格!D:D,"未投产") -> ✔ | L8: =IFERROR(_xlfn.XLOOKUP(F8,硫化工艺!B:B,硫化工艺!C:C),"") -> 33.5 | M8: =IF(L8="","",L8/(L8+$L$1/60)) -> 0.85169492 | N8: =C8&"全钢" -> 22.5全钢 | O8: =IFERROR(_xlfn.XLOOKUP(F8,轮胎重量!J:J,轮胎重量!G:G),"") -> 59.57 | P8: =O8*13.9 -> 828.023 | Q8: =IFERROR(ROUND(1440/L8*(I8)*M8,0),"") -> 0 | AI8: 60 | AJ8: 60 | AK8: 60 | AL8: 60 | AM8: 60 | AN8: 60 | AO8: 60 | AP8: 60 | AQ8: 60 | AR8: 60 | AW8: =IF(SUM(R8:AV8)=0,"",SUM(R8:AV8)) -> 600 | AX8: =IFERROR(AW8*O8/1000,"") -> 35.742 | AY8: =IFERROR(ROUND(AW8*P8/10000,3),"") -> 49.681 | BE8: =AZ8*AW8 -> 0 | BF8: =BA8*AW8 -> 0 | BG8: =BB8*AW8 -> 0 | BH8: =BC8*AW8 -> 0 | BJ8: {=_xlfn.LET(_xlpm.data,$R8:$AV8,_xlpm.starts,{1,8,16,23},_xlpm.lengths,{7,7,8,9},_xlpm.arr,_xlfn.MAP(_xlpm.starts,_xlpm.lengths,_xlfn.LAMBDA(_xlpm.s,_xlpm.l,SUM(INDEX(_xlpm.data,,_xlfn.SEQUENCE(,_xlpm.l,_xlpm.s))))),ROUND(_xlpm.arr*$O8/1000,2))} -> 0 | BK8: 0 | BL8: 21.45 | BM8: 17.87 | BN8: =SUM(BJ8:BM8) -> 39.32 | BO8: 0 | BP8: 0 | BQ8: 0 | BR8: 0 | BT8: {=_xlfn.HSTACK(SUM(INDEX($R8:$AV8,1,1):INDEX($R8:$AV8,1,7)),SUM(INDEX($R8:$AV8,1,7):INDEX($R8:$AV8,1,13)),SUM(INDEX($R8:$AV8,1,16):INDEX($R8:$AV8,1,23)),SUM(INDEX($R8:$AV8,1,23):INDEX($R8:$AV8,1,31)))} -> 0 | BU8: 0 | BV8: 360 | BW8: 300 | BY8: =SUM(R8:X8) -> 0 | BZ8: =SUM(Y8:AE8) -> 0 | CA8: =SUM(AF8:AM8) -> 300 | CB8: =SUM(AN8:AV8) -> 300 | CE8: =ROUND(BY8*$O8/1000,2) -> 0 | CF8: =ROUND(BZ8*$O8/1000,2) -> 0 | CG8: =ROUND(CA8*$O8/1000,2) -> 17.87 | CH8: =ROUND(CB8*$O8/1000,2) -> 17.87 | CI8: =SUM(CE8:CH8) -> 35.74 | CK8: =IFERROR(ROUND(BY8*$P8,2),"") -> 0 | CL8: =IFERROR(ROUND(BZ8*$P8,2),"") -> 0 | CM8: =IFERROR(ROUND(CA8*$P8,2),"") -> 248406.9 | CN8: =IFERROR(ROUND(CB8*$P8,2),"") -> 248406.9 | CO8: =SUM(CK8:CN8) -> 496813.8 | CP8: =VLOOKUP(G8,[2]Sheet1!$C$3:$G$310,5,0) -> #N/A | CQ8: =VLOOKUP(G8,[3]KCBB0101!$C$3:$F$691,4,0) -> 8000
B9: =_xlfn.XLOOKUP(G9,销售需求表!A:A,销售需求表!C:C) -> 北美 | C9: =IFERROR(MID(F9,FIND("R",F9)+1,4),"") -> 22.5 | D9: =B9&C9&"寸" -> 北美22.5寸 | E9: =LEFT(REPLACE(G9,1,2,""),FIND("[",REPLACE(G9,1,2,""))-1)&"-"&MID(REPLACE(G9,1,2,""),FIND("[",REPLACE(G9,1,2,""))+1,FIND("]",REPLACE(G9,1,2,""))-FIND("[",REPLACE(G9,1,2,""))-1) -> 11R22.5-14PR(144/142M)-Strong Guard H-TL | F9: =IFERROR(MID(G9,3,FIND("(",G9)-3)&"-"&SUBSTITUTE(MID(G9,FIND("[",G9)+1,FIND("]",G9)-FIND("[",G9)-1),"Strong Guard ",""),"") -> 11R22.5-14PR-H-TL | G9: ID11R22.5-14PR(144/142M)[Strong Guard H-TL]HERCULES无内 | H9: 280 | J9: =IFERROR(LEFT(F9,FIND("-",F9))&MID(F9,FIND("PR",F9,FIND("-",F9))+3,LEN(F9)),F9) -> 11R22.5-H-TL | K9: =_xlfn.XLOOKUP(F9,投产规格!E:E,投产规格!D:D,"未投产") -> ✔ | L9: =IFERROR(_xlfn.XLOOKUP(F9,硫化工艺!B:B,硫化工艺!C:C),"") -> 34 | M9: =IF(L9="","",L9/(L9+$L$1/60)) -> 0.85355649 | N9: =C9&"全钢" -> 22.5全钢 | O9: =IFERROR(_xlfn.XLOOKUP(F9,轮胎重量!J:J,轮胎重量!G:G),"") -> 49.075 | P9: =IFERROR(_xlfn.XLOOKUP(G9,硫化工艺!I:I,硫化工艺!J:J),"") -> 711.92999 | Q9: =IFERROR(ROUND(1440/L9*(I9)*M9,0),"") -> 0 | AN9: 60 | AO9: 60 | AP9: 60 | AQ9: 60 | AR9: 60 | AS9: 60 | AT9: 60 | AU9: 60 | AV9: 60 | AW9: =IF(SUM(R9:AV9)=0,"",SUM(R9:AV9)) -> 540 | AX9: =IFERROR(AW9*O9/1000,"") -> 26.5005 | AY9: =IFERROR(ROUND(AW9*P9/10000,3),"") -> 38.444 | BE9: =AZ9*AW9 -> 0 | BF9: =BA9*AW9 -> 0 | BG9: =BB9*AW9 -> 0 | BH9: =BC9*AW9 -> 0 | BJ9: {=_xlfn.LET(_xlpm.data,$R9:$AV9,_xlpm.starts,{1,8,16,23},_xlpm.lengths,{7,7,8,9},_xlpm.arr,_xlfn.MAP(_xlpm.starts,_xlpm.lengths,_xlfn.LAMBDA(_xlpm.s,_xlpm.l,SUM(INDEX(_xlpm.data,,_xlfn.SEQUENCE(,_xlpm.l,_xlpm.s))))),ROUND(_xlpm.arr*$O9/1000,2))} -> 0 | BK9: 0 | BL9: 2.94 | BM9: 26.5 | BN9: =SUM(BJ9:BM9) -> 29.44 | BO9: 0 | BP9: 0 | BQ9: 0 | BR9: 0 | BT9: {=_xlfn.HSTACK(SUM(INDEX($R9:$AV9,1,1):INDEX($R9:$AV9,1,7)),SUM(INDEX($R9:$AV9,1,7):INDEX($R9:$AV9,1,13)),SUM(INDEX($R9:$AV9,1,16):INDEX($R9:$AV9,1,23)),SUM(INDEX($R9:$AV9,1,23):INDEX($R9:$AV9,1,31)))} -> 0 | BU9: 0 | BV9: 60 | BW9: 540 | BY9: =SUM(R9:X9) -> 0 | BZ9: =SUM(Y9:AE9) -> 0 | CA9: =SUM(AF9:AM9) -> 0 | CB9: =SUM(AN9:AV9) -> 540 | CE9: =ROUND(BY9*$O9/1000,2) -> 0 | CF9: =ROUND(BZ9*$O9/1000,2) -> 0 | CG9: =ROUND(CA9*$O9/1000,2) -> 0 | CH9: =ROUND(CB9*$O9/1000,2) -> 26.5 | CI9: =SUM(CE9:CH9) -> 26.5 | CK9: =IFERROR(ROUND(BY9*$P9,2),"") -> 0 | CL9: =IFERROR(ROUND(BZ9*$P9,2),"") -> 0 | CM9: =IFERROR(ROUND(CA9*$P9,2),"") -> 0 | CN9: =IFERROR(ROUND(CB9*$P9,2),"") -> 384442.2 | CO9: =SUM(CK9:CN9) -> 384442.2 | CP9: =VLOOKUP(G9,[2]Sheet1!$C$3:$G$310,5,0) -> 11500 | CQ9: =VLOOKUP(G9,[3]KCBB0101!$C$3:$F$691,4,0) -> #N/A
B10: =_xlfn.XLOOKUP(G10,销售需求表!A:A,销售需求表!C:C) -> 北美 | C10: =IFERROR(MID(F10,FIND("R",F10)+1,4),"") -> 22.5 | D10: =B10&C10&"寸" -> 北美22.5寸 | E10: =LEFT(REPLACE(G10,1,2,""),FIND("[",REPLACE(G10,1,2,""))-1)&"-"&MID(REPLACE(G10,1,2,""),FIND("[",REPLACE(G10,1,2,""))+1,FIND("]",REPLACE(G10,1,2,""))-FIND("[",REPLACE(G10,1,2,""))-1) -> 11R22.5-16PR(146/143L)-DOMINATE D01 | F10: =IFERROR(MID(G10,3,FIND("(",G10)-3)&"-"&SUBSTITUTE(MID(G10,FIND("[",G10)+1,FIND("]",G10)-FIND("[",G10)-1),"Strong Guard ",""),"") -> 11R22.5-16PR-DOMINATE D01 | G10: ID11R22.5-16PR(146/143L)[DOMINATE D01]BLACKARROW无内 | H10: 280 | J10: =IFERROR(LEFT(F10,FIND("-",F10))&MID(F10,FIND("PR",F10,FIND("-",F10))+3,LEN(F10)),F10) -> 11R22.5-DOMINATE D01 | K10: =_xlfn.XLOOKUP(F10,投产规格!E:E,投产规格!D:D,"未投产") -> 未投产 | L10: =IFERROR(_xlfn.XLOOKUP(F10,硫化工艺!B:B,硫化工艺!C:C),"") -> 37 | M10: =IF(L10="","",L10/(L10+$L$1/60)) -> 0.86381323 | N10: =C10&"全钢" -> 22.5全钢 | O10: =IFERROR(_xlfn.XLOOKUP(F10,轮胎重量!J:J,轮胎重量!G:G),"") -> 58.509 | P10: =IFERROR(_xlfn.XLOOKUP(G10,硫化工艺!I:I,硫化工艺!J:J),"") -> 854.69822 | Q10: =IFERROR(ROUND(1440/L10*(I10)*M10,0),"") -> 0 | AW10: =IF(SUM(R10:AV10)=0,"",SUM(R10:AV10)) | AX10: =IFERROR(AW10*O10/1000,"") | AY10: =IFERROR(ROUND(AW10*P10/10000,3),"") | BE10: =AZ10*AW10 -> #VALUE! | BF10: =BA10*AW10 -> #VALUE! | BG10: =BB10*AW10 -> #VALUE! | BH10: =BC10*AW10 -> #VALUE! | BJ10: {=_xlfn.LET(_xlpm.data,$R10:$AV10,_xlpm.starts,{1,8,16,23},_xlpm.lengths,{7,7,8,9},_xlpm.arr,_xlfn.MAP(_xlpm.starts,_xlpm.lengths,_xlfn.LAMBDA(_xlpm.s,_xlpm.l,SUM(INDEX(_xlpm.data,,_xlfn.SEQUENCE(,_xlpm.l,_xlpm.s))))),ROUND(_xlpm.arr*$O10/1000,2))} -> 0 | BK10: 0 | BL10: 0 | BM10: 0 | BN10: =SUM(BJ10:BM10) -> 0 | BO10: 0 | BP10: 0 | BQ10: 0 | BR10: 0 | BT10: {=_xlfn.HSTACK(SUM(INDEX($R10:$AV10,1,1):INDEX($R10:$AV10,1,7)),SUM(INDEX($R10:$AV10,1,7):INDEX($R10:$AV10,1,13)),SUM(INDEX($R10:$AV10,1,16):INDEX($R10:$AV10,1,23)),SUM(INDEX($R10:$AV10,1,23):INDEX($R10:$AV10,1,31)))} -> 0 | BU10: 0 | BV10: 0 | BW10: 0 | BY10: =SUM(R10:X10) -> 0 | BZ10: =SUM(Y10:AE10) -> 0 | CA10: =SUM(AF10:AM10) -> 0 | CB10: =SUM(AN10:AV10) -> 0 | CE10: =ROUND(BY10*$O10/1000,2) -> 0 | CF10: =ROUND(BZ10*$O10/1000,2) -> 0 | CG10: =ROUND(CA10*$O10/1000,2) -> 0 | CH10: =ROUND(CB10*$O10/1000,2) -> 0 | CI10: =SUM(CE10:CH10) -> 0 | CK10: =IFERROR(ROUND(BY10*$P10,2),"") -> 0 | CL10: =IFERROR(ROUND(BZ10*$P10,2),"") -> 0 | CM10: =IFERROR(ROUND(CA10*$P10,2),"") -> 0 | CN10: =IFERROR(ROUND(CB10*$P10,2),"") -> 0 | CO10: =SUM(CK10:CN10) -> 0
B11: =_xlfn.XLOOKUP(G11,销售需求表!A:A,销售需求表!C:C) -> 北美 | C11: =IFERROR(MID(F11,FIND("R",F11)+1,4),"") -> 22.5 | D11: =B11&C11&"寸" -> 北美22.5寸 | E11: =LEFT(REPLACE(G11,1,2,""),FIND("[",REPLACE(G11,1,2,""))-1)&"-"&MID(REPLACE(G11,1,2,""),FIND("[",REPLACE(G11,1,2,""))+1,FIND("]",REPLACE(G11,1,2,""))-FIND("[",REPLACE(G11,1,2,""))-1) -> 11R22.5-16PR(146/143L)-HD1 PlusX | F11: =IFERROR(MID(G11,3,FIND("(",G11)-3)&"-"&SUBSTITUTE(MID(G11,FIND("[",G11)+1,FIND("]",G11)-FIND("[",G11)-1),"Strong Guard ",""),"") -> 11R22.5-16PR-HD1 PlusX | G11: ID11R22.5-16PR(146/143L)[HD1 PlusX]SUPERMAX ECO无内 | H11: 750 | J11: =IFERROR(LEFT(F11,FIND("-",F11))&MID(F11,FIND("PR",F11,FIND("-",F11))+3,LEN(F11)),F11) -> 11R22.5-HD1 PlusX | K11: =_xlfn.XLOOKUP(F11,投产规格!E:E,投产规格!D:D,"未投产") -> 未投产 | L11: =IFERROR(_xlfn.XLOOKUP(F11,硫化工艺!B:B,硫化工艺!C:C),"") -> 38 | M11: =IF(L11="","",L11/(L11+$L$1/60)) -> 0.86692015 | N11: =C11&"全钢" -> 22.5全钢 | O11: =IFERROR(_xlfn.XLOOKUP(F11,轮胎重量!J:J,轮胎重量!G:G),"") -> 54.54 | P11: =IFERROR(_xlfn.XLOOKUP(G11,硫化工艺!I:I,硫化工艺!J:J),"") -> 748.79548 | Q11: =IFERROR(ROUND(1440/L11*(I11)*M11,0),"") -> 0 | AW11: =IF(SUM(R11:AV11)=0,"",SUM(R11:AV11)) | AX11: =IFERROR(AW11*O11/1000,"") | AY11: =IFERROR(ROUND(AW11*P11/10000,3),"") | BE11: =AZ11*AW11 -> #VALUE! | BF11: =BA11*AW11 -> #VALUE! | BG11: =BB11*AW11 -> #VALUE! | BH11: =BC11*AW11 -> #VALUE! | BJ11: {=_xlfn.LET(_xlpm.data,$R11:$AV11,_xlpm.starts,{1,8,16,23},_xlpm.lengths,{7,7,8,9},_xlpm.arr,_xlfn.MAP(_xlpm.starts,_xlpm.lengths,_xlfn.LAMBDA(_xlpm.s,_xlpm.l,SUM(INDEX(_xlpm.data,,_xlfn.SEQUENCE(,_xlpm.l,_xlpm.s))))),ROUND(_xlpm.arr*$O11/1000,2))} -> 0 | BK11: 0 | BL11: 0 | BM11: 0 | BN11: =SUM(BJ11:BM11) -> 0 | BO11: 0 | BP11: 0 | BQ11: 0 | BR11: 0 | BT11: {=_xlfn.HSTACK(SUM(INDEX($R11:$AV11,1,1):INDEX($R11:$AV11,1,7)),SUM(INDEX($R11:$AV11,1,7):INDEX($R11:$AV11,1,13)),SUM(INDEX($R11:$AV11,1,16):INDEX($R11:$AV11,1,23)),SUM(INDEX($R11:$AV11,1,23):INDEX($R11:$AV11,1,31)))} -> 0 | BU11: 0 | BV11: 0 | BW11: 0 | BY11: =SUM(R11:X11) -> 0 | BZ11: =SUM(Y11:AE11) -> 0 | CA11: =SUM(AF11:AM11) -> 0 | CB11: =SUM(AN11:AV11) -> 0 | CE11: =ROUND(BY11*$O11/1000,2) -> 0 | CF11: =ROUND(BZ11*$O11/1000,2) -> 0 | CG11: =ROUND(CA11*$O11/1000,2) -> 0 | CH11: =ROUND(CB11*$O11/1000,2) -> 0 | CI11: =SUM(CE11:CH11) -> 0 | CK11: =IFERROR(ROUND(BY11*$P11,2),"") -> 0 | CL11: =IFERROR(ROUND(BZ11*$P11,2),"") -> 0 | CM11: =IFERROR(ROUND(CA11*$P11,2),"") -> 0 | CN11: =IFERROR(ROUND(CB11*$P11,2),"") -> 0 | CO11: =SUM(CK11:CN11) -> 0
B12: =_xlfn.XLOOKUP(G12,销售需求表!A:A,销售需求表!C:C) -> 北美 | C12: =IFERROR(MID(F12,FIND("R",F12)+1,4),"") -> 22.5 | D12: =B12&C12&"寸" -> 北美22.5寸 | E12: =LEFT(REPLACE(G12,1,2,""),FIND("[",REPLACE(G12,1,2,""))-1)&"-"&MID(REPLACE(G12,1,2,""),FIND("[",REPLACE(G12,1,2,""))+1,FIND("]",REPLACE(G12,1,2,""))-FIND("[",REPLACE(G12,1,2,""))-1) -> 11R22.5-16PR(146/143L)-KOBE DPM | F12: =IFERROR(MID(G12,3,FIND("(",G12)-3)&"-"&SUBSTITUTE(MID(G12,FIND("[",G12)+1,FIND("]",G12)-FIND("[",G12)-1),"Strong Guard ",""),"") -> 11R22.5-16PR-KOBE DPM | G12: ID11R22.5-16PR(146/143L)[KOBE DPM]ITARO无内 | H12: 1700 | I12: 2 | J12: =IFERROR(LEFT(F12,FIND("-",F12))&MID(F12,FIND("PR",F12,FIND("-",F12))+3,LEN(F12)),F12) -> 11R22.5-KOBE DPM | K12: =_xlfn.XLOOKUP(F12,投产规格!E:E,投产规格!D:D,"未投产") -> ✔ | L12: =IFERROR(_xlfn.XLOOKUP(F12,硫化工艺!B:B,硫化工艺!C:C),"") -> 38 | M12: =IF(L12="","",L12/(L12+$L$1/60)) -> 0.86692015 | N12: =C12&"全钢" -> 22.5全钢 | O12: =IFERROR(_xlfn.XLOOKUP(F12,轮胎重量!J:J,轮胎重量!G:G),"") -> 54.54 | P12: =IFERROR(_xlfn.XLOOKUP(G12,硫化工艺!I:I,硫化工艺!J:J),"") -> 748.79548 | Q12: =IFERROR(ROUND(1440/L12*(I12)*M12,0),"") -> 66 | R12: 60 | S12: 60 | T12: 60 | U12: 60 | V12: 60 | W12: 120 | X12: 120 | Y12: 120 | Z12: 120 | AA12: 120 | AB12: 120 | AC12: 120 | AD12: 120 | AE12: 120 | AF12: 120 | AG12: 120 | AH12: 120 | AW12: 3000 | AX12: =IFERROR(AW12*O12/1000,"") -> 163.62 | AY12: =IFERROR(ROUND(AW12*P12/10000,3),"") -> 224.639 | BE12: =AZ12*AW12 -> 0 | BF12: =BA12*AW12 -> 0 | BG12: =BB12*AW12 -> 0 | BH12: =BC12*AW12 -> 0 | BJ12: {=_xlfn.LET(_xlpm.data,$R12:$AV12,_xlpm.starts,{1,8,16,23},_xlpm.lengths,{7,7,8,9},_xlpm.arr,_xlfn.MAP(_xlpm.starts,_xlpm.lengths,_xlfn.LAMBDA(_xlpm.s,_xlpm.l,SUM(INDEX(_xlpm.data,,_xlfn.SEQUENCE(,_xlpm.l,_xlpm.s))))),ROUND(_xlpm.arr*$O12/1000,2))} -> 29.45 | BK12: 45.81 | BL12: 13.09 | BM12: 0 | BN12: =SUM(BJ12:BM12) -> 88.35 | BO12: 0 | BP12: 0 | BQ12: 0 | BR12: 0 | BT12: {=_xlfn.HSTACK(SUM(INDEX($R12:$AV12,1,1):INDEX($R12:$AV12,1,7)),SUM(INDEX($R12:$AV12,1,7):INDEX($R12:$AV12,1,13)),SUM(INDEX($R12:$AV12,1,16):INDEX($R12:$AV12,1,23)),SUM(INDEX($R12:$AV12,1,23):INDEX($R12:$AV12,1,31)))} -> 540 | BU12: 840 | BV12: 240 | BW12: 0 | BY12: =SUM(R12:X12) -> 540 | BZ12: =SUM(Y12:AE12) -> 840 | CA12: =SUM(AF12:AM12) -> 360 | CB12: =SUM(AN12:AV12) -> 0 | CE12: =ROUND(BY12*$O12/1000,2) -> 29.45 | CF12: =ROUND(BZ12*$O12/1000,2) -> 45.81 | CG12: =ROUND(CA12*$O12/1000,2) -> 19.63 | CH12: =ROUND(CB12*$O12/1000,2) -> 0 | CI12: =SUM(CE12:CH12) -> 94.89 | CK12: =IFERROR(ROUND(BY12*$P12,2),"") -> 404349.56 | CL12: =IFERROR(ROUND(BZ12*$P12,2),"") -> 628988.2 | CM12: =IFERROR(ROUND(CA12*$P12,2),"") -> 269566.37 | CN12: =IFERROR(ROUND(CB12*$P12,2),"") -> 0 | CO12: =SUM(CK12:CN12) -> 1302904.1 | CP12: =VLOOKUP(G12,[2]Sheet1!$C$3:$G$310,5,0) -> #N/A | CQ12: =VLOOKUP(G12,[3]KCBB0101!$C$3:$F$691,4,0) -> 3503
B13: =_xlfn.XLOOKUP(G13,销售需求表!A:A,销售需求表!C:C) -> 北美 | C13: =IFERROR(MID(F13,FIND("R",F13)+1,4),"") -> 22.5 | D13: =B13&C13&"寸" -> 北美22.5寸 | E13: =LEFT(REPLACE(G13,1,2,""),FIND("[",REPLACE(G13,1,2,""))-1)&"-"&MID(REPLACE(G13,1,2,""),FIND("[",REPLACE(G13,1,2,""))+1,FIND("]",REPLACE(G13,1,2,""))-FIND("[",REPLACE(G13,1,2,""))-1) -> 11R22.5-16PR(146/143L)-M-TRAC CSD+ | F13: =IFERROR(MID(G13,3,FIND("(",G13)-3)&"-"&SUBSTITUTE(MID(G13,FIND("[",G13)+1,FIND("]",G13)-FIND("[",G13)-1),"Strong Guard ",""),"") -> 11R22.5-16PR-M-TRAC CSD+ | G13: ID11R22.5-16PR(146/143L)[M-TRAC CSD+]MASTERTRACK无内 | H13: 280 | J13: =IFERROR(LEFT(F13,FIND("-",F13))&MID(F13,FIND("PR",F13,FIND("-",F13))+3,LEN(F13)),F13) -> 11R22.5-M-TRAC CSD+ | K13: =_xlfn.XLOOKUP(F13,投产规格!E:E,投产规格!D:D,"未投产") -> 未投产 | L13: =IFERROR(_xlfn.XLOOKUP(F13,硫化工艺!B:B,硫化工艺!C:C),"") -> 38.5 | M13: =IF(L13="","",L13/(L13+$L$1/60)) -> 0.86842105 | N13: =C13&"全钢" -> 22.5全钢 | O13: =IFERROR(_xlfn.XLOOKUP(F13,轮胎重量!J:J,轮胎重量!G:G),"") -> 59.57 | P13: =O13*13.9 -> 828.023 | Q13: =IFERROR(ROUND(1440/L13*(I13)*M13,0),"") -> 0 | AW13: =IF(SUM(R13:AV13)=0,"",SUM(R13:AV13)) | AX13: =IFERROR(AW13*O13/1000,"") | AY13: =IFERROR(ROUND(AW13*P13/10000,3),"") | BE13: =AZ13*AW13 -> #VALUE! | BF13: =BA13*AW13 -> #VALUE! | BG13: =BB13*AW13 -> #VALUE! | BH13: =BC13*AW13 -> #VALUE! | BJ13: {=_xlfn.LET(_xlpm.data,$R13:$AV13,_xlpm.starts,{1,8,16,23},_xlpm.lengths,{7,7,8,9},_xlpm.arr,_xlfn.MAP(_xlpm.starts,_xlpm.lengths,_xlfn.LAMBDA(_xlpm.s,_xlpm.l,SUM(INDEX(_xlpm.data,,_xlfn.SEQUENCE(,_xlpm.l,_xlpm.s))))),ROUND(_xlpm.arr*$O13/1000,2))} -> 0 | BK13: 0 | BL13: 0 | BM13: 0 | BN13: =SUM(BJ13:BM13) -> 0 | BO13: 0 | BP13: 0 | BQ13: 0 | BR13: 0 | BT13: {=_xlfn.HSTACK(SUM(INDEX($R13:$AV13,1,1):INDEX($R13:$AV13,1,7)),SUM(INDEX($R13:$AV13,1,7):INDEX($R13:$AV13,1,13)),SUM(INDEX($R13:$AV13,1,16):INDEX($R13:$AV13,1,23)),SUM(INDEX($R13:$AV13,1,23):INDEX($R13:$AV13,1,31)))} -> 0 | BU13: 0 | BV13: 0 | BW13: 0 | BY13: =SUM(R13:X13) -> 0 | BZ13: =SUM(Y13:AE13) -> 0 | CA13: =SUM(AF13:AM13) -> 0 | CB13: =SUM(AN13:AV13) -> 0 | CE13: =ROUND(BY13*$O13/1000,2) -> 0 | CF13: =ROUND(BZ13*$O13/1000,2) -> 0 | CG13: =ROUND(CA13*$O13/1000,2) -> 0 | CH13: =ROUND(CB13*$O13/1000,2) -> 0 | CI13: =SUM(CE13:CH13) -> 0 | CK13: =IFERROR(ROUND(BY13*$P13,2),"") -> 0 | CL13: =IFERROR(ROUND(BZ13*$P13,2),"") -> 0 | CM13: =IFERROR(ROUND(CA13*$P13,2),"") -> 0 | CN13: =IFERROR(ROUND(CB13*$P13,2),"") -> 0 | CO13: =SUM(CK13:CN13) -> 0
B14: =_xlfn.XLOOKUP(G14,销售需求表!A:A,销售需求表!C:C) -> 北美 | C14: =IFERROR(MID(F14,FIND("R",F14)+1,4),"") -> 22.5 | D14: =B14&C14&"寸" -> 北美22.5寸 | E14: =LEFT(REPLACE(G14,1,2,""),FIND("[",REPLACE(G14,1,2,""))-1)&"-"&MID(REPLACE(G14,1,2,""),FIND("[",REPLACE(G14,1,2,""))+1,FIND("]",REPLACE(G14,1,2,""))-FIND("[",REPLACE(G14,1,2,""))-1) -> 11R22.5-16PR(146/143L)-M-TRAC HS+ | F14: =IFERROR(MID(G14,3,FIND("(",G14)-3)&"-"&SUBSTITUTE(MID(G14,FIND("[",G14)+1,FIND("]",G14)-FIND("[",G14)-1),"Strong Guard ",""),"") -> 11R22.5-16PR-M-TRAC HS+ | G14: ID11R22.5-16PR(146/143L)[M-TRAC HS+]MASTERTRACK无内 | H14: 280 | J14: =IFERROR(LEFT(F14,FIND("-",F14))&MID(F14,FIND("PR",F14,FIND("-",F14))+3,LEN(F14)),F14) -> 11R22.5-M-TRAC HS+ | K14: =_xlfn.XLOOKUP(F14,投产规格!E:E,投产规格!D:D,"未投产") -> 未投产 | L14: =IFERROR(_xlfn.XLOOKUP(F14,硫化工艺!B:B,硫化工艺!C:C),"") -> 38.5 | M14: =IF(L14="","",L14/(L14+$L$1/60)) -> 0.86842105 | N14: =C14&"全钢" -> 22.5全钢 | O14: =IFERROR(_xlfn.XLOOKUP(F14,轮胎重量!J:J,轮胎重量!G:G),"") -> 59.57 | P14: =O14*13.9 -> 828.023 | Q14: =IFERROR(ROUND(1440/L14*(I14)*M14,0),"") -> 0 | AW14: =IF(SUM(R14:AV14)=0,"",SUM(R14:AV14)) | AX14: =IFERROR(AW14*O14/1000,"") | AY14: =IFERROR(ROUND(AW14*P14/10000,3),"") | BE14: =AZ14*AW14 -> #VALUE! | BF14: =BA14*AW14 -> #VALUE! | BG14: =BB14*AW14 -> #VALUE! | BH14: =BC14*AW14 -> #VALUE! | BJ14: {=_xlfn.LET(_xlpm.data,$R14:$AV14,_xlpm.starts,{1,8,16,23},_xlpm.lengths,{7,7,8,9},_xlpm.arr,_xlfn.MAP(_xlpm.starts,_xlpm.lengths,_xlfn.LAMBDA(_xlpm.s,_xlpm.l,SUM(INDEX(_xlpm.data,,_xlfn.SEQUENCE(,_xlpm.l,_xlpm.s))))),ROUND(_xlpm.arr*$O14/1000,2))} -> 0 | BK14: 0 | BL14: 0 | BM14: 0 | BN14: =SUM(BJ14:BM14) -> 0 | BO14: 0 | BP14: 0 | BQ14: 0 | BR14: 0 | BT14: {=_xlfn.HSTACK(SUM(INDEX($R14:$AV14,1,1):INDEX($R14:$AV14,1,7)),SUM(INDEX($R14:$AV14,1,7):INDEX($R14:$AV14,1,13)),SUM(INDEX($R14:$AV14,1,16):INDEX($R14:$AV14,1,23)),SUM(INDEX($R14:$AV14,1,23):INDEX($R14:$AV14,1,31)))} -> 0 | BU14: 0 | BV14: 0 | BW14: 0 | BY14: =SUM(R14:X14) -> 0 | BZ14: =SUM(Y14:AE14) -> 0 | CA14: =SUM(AF14:AM14) -> 0 | CB14: =SUM(AN14:AV14) -> 0 | CE14: =ROUND(BY14*$O14/1000,2) -> 0 | CF14: =ROUND(BZ14*$O14/1000,2) -> 0 | CG14: =ROUND(CA14*$O14/1000,2) -> 0 | CH14: =ROUND(CB14*$O14/1000,2) -> 0 | CI14: =SUM(CE14:CH14) -> 0 | CK14: =IFERROR(ROUND(BY14*$P14,2),"") -> 0 | CL14: =IFERROR(ROUND(BZ14*$P14,2),"") -> 0 | CM14: =IFERROR(ROUND(CA14*$P14,2),"") -> 0 | CN14: =IFERROR(ROUND(CB14*$P14,2),"") -> 0 | CO14: =SUM(CK14:CN14) -> 0
B15: =_xlfn.XLOOKUP(G15,销售需求表!A:A,销售需求表!C:C) -> 北美 | C15: =IFERROR(MID(F15,FIND("R",F15)+1,4),"") -> 22.5 | D15: =B15&C15&"寸" -> 北美22.5寸 | E15: =LEFT(REPLACE(G15,1,2,""),FIND("[",REPLACE(G15,1,2,""))-1)&"-"&MID(REPLACE(G15,1,2,""),FIND("[",REPLACE(G15,1,2,""))+1,FIND("]",REPLACE(G15,1,2,""))-FIND("[",REPLACE(G15,1,2,""))-1) -> 11R22.5-16PR(146/143L)-M-TRAC MS | F15: =IFERROR(MID(G15,3,FIND("(",G15)-3)&"-"&SUBSTITUTE(MID(G15,FIND("[",G15)+1,FIND("]",G15)-FIND("[",G15)-1),"Strong Guard ",""),"") -> 11R22.5-16PR-M-TRAC MS | G15: ID11R22.5-16PR(146/143L)[M-TRAC MS]MASTERTRACK无内 | H15: 600 | J15: =IFERROR(LEFT(F15,FIND("-",F15))&MID(F15,FIND("PR",F15,FIND("-",F15))+3,LEN(F15)),F15) -> 11R22.5-M-TRAC MS | K15: =_xlfn.XLOOKUP(F15,投产规格!E:E,投产规格!D:D,"未投产") -> ✔ | L15: =IFERROR(_xlfn.XLOOKUP(F15,硫化工艺!B:B,硫化工艺!C:C),"") -> 38.5 | M15: =IF(L15="","",L15/(L15+$L$1/60)) -> 0.86842105 | N15: =C15&"全钢" -> 22.5全钢 | O15: =IFERROR(_xlfn.XLOOKUP(F15,轮胎重量!J:J,轮胎重量!G:G),"") -> 59.57 | P15: =O15*13.9 -> 828.023 | Q15: =IFERROR(ROUND(1440/L15*(I15)*M15,0),"") -> 0 | AK15: 60 | AL15: 60 | AM15: 60 | AN15: 60 | AO15: 60 | AP15: 60 | AQ15: 60 | AR15: 60 | AS15: 60 | AT15: 60 | AU15: 60 | AV15: 60 | AW15: =IF(SUM(R15:AV15)=0,"",SUM(R15:AV15)) -> 720 | AX15: =IFERROR(AW15*O15/1000,"") -> 42.8904 | AY15: =IFERROR(ROUND(AW15*P15/10000,3),"") -> 59.618 | BE15: =AZ15*AW15 -> 0 | BF15: =BA15*AW15 -> 0 | BG15: =BB15*AW15 -> 0 | BH15: =BC15*AW15 -> 0 | BJ15: {=_xlfn.LET(_xlpm.data,$R15:$AV15,_xlpm.starts,{1,8,16,23},_xlpm.lengths,{7,7,8,9},_xlpm.arr,_xlfn.MAP(_xlpm.starts,_xlpm.lengths,_xlfn.LAMBDA(_xlpm.s,_xlpm.l,SUM(INDEX(_xlpm.data,,_xlfn.SEQUENCE(,_xlpm.l,_xlpm.s))))),ROUND(_xlpm.arr*$O15/1000,2))} -> 0 | BK15: 0 | BL15: 14.3 | BM15: 32.17 | BN15: =SUM(BJ15:BM15) -> 46.47 | BO15: 0 | BP15: 0 | BQ15: 0 | BR15: 0 | BT15: {=_xlfn.HSTACK(SUM(INDEX($R15:$AV15,1,1):INDEX($R15:$AV15,1,7)),SUM(INDEX($R15:$AV15,1,7):INDEX($R15:$AV15,1,13)),SUM(INDEX($R15:$AV15,1,16):INDEX($R15:$AV15,1,23)),SUM(INDEX($R15:$AV15,1,23):INDEX($R15:$AV15,1,31)))} -> 0 | BU15: 0 | BV15: 240 | BW15: 540 | BY15: =SUM(R15:X15) -> 0 | BZ15: =SUM(Y15:AE15) -> 0 | CA15: =SUM(AF15:AM15) -> 180 | CB15: =SUM(AN15:AV15) -> 540 | CE15: =ROUND(BY15*$O15/1000,2) -> 0 | CF15: =ROUND(BZ15*$O15/1000,2) -> 0 | CG15: =ROUND(CA15*$O15/1000,2) -> 10.72 | CH15: =ROUND(CB15*$O15/1000,2) -> 32.17 | CI15: =SUM(CE15:CH15) -> 42.89 | CK15: =IFERROR(ROUND(BY15*$P15,2),"") -> 0 | CL15: =IFERROR(ROUND(BZ15*$P15,2),"") -> 0 | CM15: =IFERROR(ROUND(CA15*$P15,2),"") -> 149044.14 | CN15: =IFERROR(ROUND(CB15*$P15,2),"") -> 447132.42 | CO15: =SUM(CK15:CN15) -> 596176.56 | CP15: =VLOOKUP(G15,[2]Sheet1!$C$3:$G$310,5,0) -> #N/A | CQ15: =VLOOKUP(G15,[3]KCBB0101!$C$3:$F$691,4,0) -> 8000
B16: =_xlfn.XLOOKUP(G16,销售需求表!A:A,销售需求表!C:C) -> 北美 | C16: =IFERROR(MID(F16,FIND("R",F16)+1,4),"") -> 22.5 | D16: =B16&C16&"寸" -> 北美22.5寸 | E16: =LEFT(REPLACE(G16,1,2,""),FIND("[",REPLACE(G16,1,2,""))-1)&"-"&MID(REPLACE(G16,1,2,""),FIND("[",REPLACE(G16,1,2,""))+1,FIND("]",REPLACE(G16,1,2,""))-FIND("[",REPLACE(G16,1,2,""))-1) -> 11R22.5-16PR(146/143L)-M-TRAC OSD | F16: =IFERROR(MID(G16,3,FIND("(",G16)-3)&"-"&SUBSTITUTE(MID(G16,FIND("[",G16)+1,FIND("]",G16)-FIND("[",G16)-1),"Strong Guard ",""),"") -> 11R22.5-16PR-M-TRAC OSD | G16: ID11R22.5-16PR(146/143L)[M-TRAC OSD]MASTERTRACK无内 | H16: 2000 | I16: 2 | J16: =IFERROR(LEFT(F16,FIND("-",F16))&MID(F16,FIND("PR",F16,FIND("-",F16))+3,LEN(F16)),F16) -> 11R22.5-M-TRAC OSD | K16: =_xlfn.XLOOKUP(F16,投产规格!E:E,投产规格!D:D,"未投产") -> ✔ | L16: =IFERROR(_xlfn.XLOOKUP(F16,硫化工艺!B:B,硫化工艺!C:C),"") -> 41.5 | M16: =IF(L16="","",L16/(L16+$L$1/60)) -> 0.87676056 | N16: =C16&"全钢" -> 22.5全钢 | O16: =IFERROR(_xlfn.XLOOKUP(F16,轮胎重量!J:J,轮胎重量!G:G),"") -> 59.57 | P16: =O16*13.9 -> 828.023 | Q16: =IFERROR(ROUND(1440/L16*(I16)*M16,0),"") -> 61 | R16: 60 | S16: 60 | T16: 60 | U16: 60 | V16: 60 | W16: 60 | X16: 60 | Y16: 60 | Z16: 60 | AA16: 60 | AB16: 60 | AC16: 60 | AD16: 60 | AE16: 60 | AF16: 60 | AG16: 60 | AH16: 60 | AI16: 60 | AJ16: 60 | AK16: 60 | AL16: 60 | AM16: 60 | AN16: 60 | AO16: 60 | AP16: 60 | AQ16: 60 | AR16: 60 | AS16: 60 | AT16: 60 | AU16: 60 | AV16: 60 | AW16: =IF(SUM(R16:AV16)=0,"",SUM(R16:AV16)) -> 1860 | AX16: =IFERROR(AW16*O16/1000,"") -> 110.8002 | AY16: =IFERROR(ROUND(AW16*P16/10000,3),"") -> 154.012 | BE16: =AZ16*AW16 -> 0 | BF16: =BA16*AW16 -> 0 | BG16: =BB16*AW16 -> 0 | BH16: =BC16*AW16 -> 0 | BJ16: {=_xlfn.LET(_xlpm.data,$R16:$AV16,_xlpm.starts,{1,8,16,23},_xlpm.lengths,{7,7,8,9},_xlpm.arr,_xlfn.MAP(_xlpm.starts,_xlpm.lengths,_xlfn.LAMBDA(_xlpm.s,_xlpm.l,SUM(INDEX(_xlpm.data,,_xlfn.SEQUENCE(,_xlpm.l,_xlpm.s))))),ROUND(_xlpm.arr*$O16/1000,2))} -> 25.02 | BK16: 25.02 | BL16: 28.59 | BM16: 32.17 | BN16: =SUM(BJ16:BM16) -> 110.8 | BO16: 0 | BP16: 0 | BQ16: 0 | BR16: 0 | BT16: {=_xlfn.HSTACK(SUM(INDEX($R16:$AV16,1,1):INDEX($R16:$AV16,1,7)),SUM(INDEX($R16:$AV16,1,7):INDEX($R16:$AV16,1,13)),SUM(INDEX($R16:$AV16,1,16):INDEX($R16:$AV16,1,23)),SUM(INDEX($R16:$AV16,1,23):INDEX($R16:$AV16,1,31)))} -> 420 | BU16: 420 | BV16: 480 | BW16: 540 | BY16: =SUM(R16:X16) -> 420 | BZ16: =SUM(Y16:AE16) -> 420 | CA16: =SUM(AF16:AM16) -> 480 | CB16: =SUM(AN16:AV16) -> 540 | CE16: =ROUND(BY16*$O16/1000,2) -> 25.02 | CF16: =ROUND(BZ16*$O16/1000,2) -> 25.02 | CG16: =ROUND(CA16*$O16/1000,2) -> 28.59 | CH16: =ROUND(CB16*$O16/1000,2) -> 32.17 | CI16: =SUM(CE16:CH16) -> 110.8 | CK16: =IFERROR(ROUND(BY16*$P16,2),"") -> 347769.66 | CL16: =IFERROR(ROUND(BZ16*$P16,2),"") -> 347769.66 | CM16: =IFERROR(ROUND(CA16*$P16,2),"") -> 397451.04 | CN16: =IFERROR(ROUND(CB16*$P16,2),"") -> 447132.42 | CO16: =SUM(CK16:CN16) -> 1540122.8 | CP16: =VLOOKUP(G16,[2]Sheet1!$C$3:$G$310,5,0) -> #N/A | CQ16: =VLOOKUP(G16,[3]KCBB0101!$C$3:$F$691,4,0) -> 8000
B17: =_xlfn.XLOOKUP(G17,销售需求表!A:A,销售需求表!C:C) -> 北美 | C17: =IFERROR(MID(F17,FIND("R",F17)+1,4),"") -> 22.5 | D17: =B17&C17&"寸" -> 北美22.5寸 | E17: =LEFT(REPLACE(G17,1,2,""),FIND("[",REPLACE(G17,1,2,""))-1)&"-"&MID(REPLACE(G17,1,2,""),FIND("[",REPLACE(G17,1,2,""))+1,FIND("]",REPLACE(G17,1,2,""))-FIND("[",REPLACE(G17,1,2,""))-1) -> 11R22.5-16PR(146/143L)-RLINE-S1 | F17: =IFERROR(MID(G17,3,FIND("(",G17)-3)&"-"&SUBSTITUTE(MID(G17,FIND("[",G17)+1,FIND("]",G17)-FIND("[",G17)-1),"Strong Guard ",""),"") -> 11R22.5-16PR-RLINE-S1 | G17: ID11R22.5-16PR(146/143L)[RLINE-S1]REDCLIFF无内 | H17: 280 | J17: =IFERROR(LEFT(F17,FIND("-",F17))&MID(F17,FIND("PR",F17,FIND("-",F17))+3,LEN(F17)),F17) -> 11R22.5-RLINE-S1 | K17: =_xlfn.XLOOKUP(F17,投产规格!E:E,投产规格!D:D,"未投产") -> 未投产 | L17: =IFERROR(_xlfn.XLOOKUP(F17,硫化工艺!B:B,硫化工艺!C:C),"") -> 41 | M17: =IF(L17="","",L17/(L17+$L$1/60)) -> 0.87544484 | N17: =C17&"全钢" -> 22.5全钢 | O17: =IFERROR(_xlfn.XLOOKUP(F17,轮胎重量!J:J,轮胎重量!G:G),"") -> 54.398 | P17: =O17*13.9 -> 756.1322 | Q17: =IFERROR(ROUND(1440/L17*(I17)*M17,0),"") -> 0 | AW17: =IF(SUM(R17:AV17)=0,"",SUM(R17:AV17)) | AX17: =IFERROR(AW17*O17/1000,"") | AY17: =IFERROR(ROUND(AW17*P17/10000,3),"") | BE17: =AZ17*AW17 -> #VALUE! | BF17: =BA17*AW17 -> #VALUE! | BG17: =BB17*AW17 -> #VALUE! | BH17: =BC17*AW17 -> #VALUE! | BJ17: {=_xlfn.LET(_xlpm.data,$R17:$AV17,_xlpm.starts,{1,8,16,23},_xlpm.lengths,{7,7,8,9},_xlpm.arr,_xlfn.MAP(_xlpm.starts,_xlpm.lengths,_xlfn.LAMBDA(_xlpm.s,_xlpm.l,SUM(INDEX(_xlpm.data,,_xlfn.SEQUENCE(,_xlpm.l,_xlpm.s))))),ROUND(_xlpm.arr*$O17/1000,2))} -> 0 | BK17: 0 | BL17: 0 | BM17: 0 | BN17: =SUM(BJ17:BM17) -> 0 | BO17: 0 | BP17: 0 | BQ17: 0 | BR17: 0 | BT17: {=_xlfn.HSTACK(SUM(INDEX($R17:$AV17,1,1):INDEX($R17:$AV17,1,7)),SUM(INDEX($R17:$AV17,1,7):INDEX($R17:$AV17,1,13)),SUM(INDEX($R17:$AV17,1,16):INDEX($R17:$AV17,1,23)),SUM(INDEX($R17:$AV17,1,23):INDEX($R17:$AV17,1,31)))} -> 0 | BU17: 0 | BV17: 0 | BW17: 0 | BY17: =SUM(R17:X17) -> 0 | BZ17: =SUM(Y17:AE17) -> 0 | CA17: =SUM(AF17:AM17) -> 0 | CB17: =SUM(AN17:AV17) -> 0 | CE17: =ROUND(BY17*$O17/1000,2) -> 0 | CF17: =ROUND(BZ17*$O17/1000,2) -> 0 | CG17: =ROUND(CA17*$O17/1000,2) -> 0 | CH17: =ROUND(CB17*$O17/1000,2) -> 0 | CI17: =SUM(CE17:CH17) -> 0 | CK17: =IFERROR(ROUND(BY17*$P17,2),"") -> 0 | CL17: =IFERROR(ROUND(BZ17*$P17,2),"") -> 0 | CM17: =IFERROR(ROUND(CA17*$P17,2),"") -> 0 | CN17: =IFERROR(ROUND(CB17*$P17,2),"") -> 0 | CO17: =SUM(CK17:CN17) -> 0
B18: =_xlfn.XLOOKUP(G18,销售需求表!A:A,销售需求表!C:C) -> 北美 | C18: =IFERROR(MID(F18,FIND("R",F18)+1,4),"") -> 22.5 | D18: =B18&C18&"寸" -> 北美22.5寸 | E18: =LEFT(REPLACE(G18,1,2,""),FIND("[",REPLACE(G18,1,2,""))-1)&"-"&MID(REPLACE(G18,1,2,""),FIND("[",REPLACE(G18,1,2,""))+1,FIND("]",REPLACE(G18,1,2,""))-FIND("[",REPLACE(G18,1,2,""))-1) -> 11R22.5-16PR(146/143L)-Strong Guard H-RD | F18: =IFERROR(MID(G18,3,FIND("(",G18)-3)&"-"&SUBSTITUTE(MID(G18,FIND("[",G18)+1,FIND("]",G18)-FIND("[",G18)-1),"Strong Guard ",""),"") -> 11R22.5-16PR-H-RD | G18: ID11R22.5-16PR(146/143L)[Strong Guard H-RD]HERCULES无内 | H18: 750 | J18: =IFERROR(LEFT(F18,FIND("-",F18))&MID(F18,FIND("PR",F18,FIND("-",F18))+3,LEN(F18)),F18) -> 11R22.5-H-RD | K18: =_xlfn.XLOOKUP(F18,投产规格!E:E,投产规格!D:D,"未投产") -> ✔ | L18: =IFERROR(_xlfn.XLOOKUP(F18,硫化工艺!B:B,硫化工艺!C:C),"") -> 40.5 | M18: =IF(L18="","",L18/(L18+$L$1/60)) -> 0.87410072 | N18: =C18&"全钢" -> 22.5全钢 | O18: =IFERROR(_xlfn.XLOOKUP(F18,轮胎重量!J:J,轮胎重量!G:G),"") -> 54.254 | P18: =IFERROR(_xlfn.XLOOKUP(G18,硫化工艺!I:I,硫化工艺!J:J),"") -> 791.1 | Q18: =IFERROR(ROUND(1440/L18*(I18)*M18,0),"") -> 0 | AH18: 60 | AI18: 60 | AJ18: 60 | AK18: 60 | AL18: 60 | AM18: 60 | AN18: 60 | AO18: 60 | AP18: 60 | AQ18: 60 | AR18: 60 | AS18: 60 | AW18: =IF(SUM(R18:AV18)=0,"",SUM(R18:AV18)) -> 720 | AX18: =IFERROR(AW18*O18/1000,"") -> 39.06288 | AY18: =IFERROR(ROUND(AW18*P18/10000,3),"") -> 56.959 | BE18: =AZ18*AW18 -> 0 | BF18: =BA18*AW18 -> 0 | BG18: =BB18*AW18 -> 0 | BH18: =BC18*AW18 -> 0 | BJ18: {=_xlfn.LET(_xlpm.data,$R18:$AV18,_xlpm.starts,{1,8,16,23},_xlpm.lengths,{7,7,8,9},_xlpm.arr,_xlfn.MAP(_xlpm.starts,_xlpm.lengths,_xlfn.LAMBDA(_xlpm.s,_xlpm.l,SUM(INDEX(_xlpm.data,,_xlfn.SEQUENCE(,_xlpm.l,_xlpm.s))))),ROUND(_xlpm.arr*$O18/1000,2))} -> 0 | BK18: 0 | BL18: 22.79 | BM18: 19.53 | BN18: =SUM(BJ18:BM18) -> 42.32 | BO18: 0 | BP18: 0 | BQ18: 0 | BR18: 0 | BT18: {=_xlfn.HSTACK(SUM(INDEX($R18:$AV18,1,1):INDEX($R18:$AV18,1,7)),SUM(INDEX($R18:$AV18,1,7):INDEX($R18:$AV18,1,13)),SUM(INDEX($R18:$AV18,1,16):INDEX($R18:$AV18,1,23)),SUM(INDEX($R18:$AV18,1,23):INDEX($R18:$AV18,1,31)))} -> 0 | BU18: 0 | BV18: 420 | BW18: 360 | BY18: =SUM(R18:X18) -> 0 | BZ18: =SUM(Y18:AE18) -> 0 | CA18: =SUM(AF18:AM18) -> 360 | CB18: =SUM(AN18:AV18) -> 360 | CE18: =ROUND(BY18*$O18/1000,2) -> 0 | CF18: =ROUND(BZ18*$O18/1000,2) -> 0 | CG18: =ROUND(CA18*$O18/1000,2) -> 19.53 | CH18: =ROUND(CB18*$O18/1000,2) -> 19.53 | CI18: =SUM(CE18:CH18) -> 39.06 | CK18: =IFERROR(ROUND(BY18*$P18,2),"") -> 0 | CL18: =IFERROR(ROUND(BZ18*$P18,2),"") -> 0 | CM18: =IFERROR(ROUND(CA18*$P18,2),"") -> 284796 | CN18: =IFERROR(ROUND(CB18*$P18,2),"") -> 284796 | CO18: =SUM(CK18:CN18) -> 569592 | CP18: =VLOOKUP(G18,[2]Sheet1!$C$3:$G$310,5,0) -> 6000 | CQ18: =VLOOKUP(G18,[3]KCBB0101!$C$3:$F$691,4,0) -> #N/A
B19: =_xlfn.XLOOKUP(G19,销售需求表!A:A,销售需求表!C:C) -> 北美 | C19: =IFERROR(MID(F19,FIND("R",F19)+1,4),"") -> 22.5 | D19: =B19&C19&"寸" -> 北美22.5寸 | E19: =LEFT(REPLACE(G19,1,2,""),FIND("[",REPLACE(G19,1,2,""))-1)&"-"&MID(REPLACE(G19,1,2,""),FIND("[",REPLACE(G19,1,2,""))+1,FIND("]",REPLACE(G19,1,2,""))-FIND("[",REPLACE(G19,1,2,""))-1) -> 11R22.5-16PR(146/143M)-HF1 PlusX | F19: =IFERROR(MID(G19,3,FIND("(",G19)-3)&"-"&SUBSTITUTE(MID(G19,FIND("[",G19)+1,FIND("]",G19)-FIND("[",G19)-1),"Strong Guard ",""),"") -> 11R22.5-16PR-HF1 PlusX | G19: ID11R22.5-16PR(146/143M)[HF1 PlusX]SUPERMAX ECO无内 | H19: 400 | J19: =IFERROR(LEFT(F19,FIND("-",F19))&MID(F19,FIND("PR",F19,FIND("-",F19))+3,LEN(F19)),F19) -> 11R22.5-HF1 PlusX | K19: =_xlfn.XLOOKUP(F19,投产规格!E:E,投产规格!D:D,"未投产") -> ✔ | L19: =IFERROR(_xlfn.XLOOKUP(F19,硫化工艺!B:B,硫化工艺!C:C),"") -> 36 | M19: =IF(L19="","",L19/(L19+$L$1/60)) -> 0.86055777 | N19: =C19&"全钢" -> 22.5全钢 | O19: =IFERROR(_xlfn.XLOOKUP(F19,轮胎重量!J:J,轮胎重量!G:G),"") -> 50.643 | P19: =IFERROR(_xlfn.XLOOKUP(G19,硫化工艺!I:I,硫化工艺!J:J),"") -> 707.12466 | Q19: =IFERROR(ROUND(1440/L19*(I19)*M19,0),"") -> 0 | AS19: 64 | AT19: 64 | AU19: 64 | AV19: 64 | AW19: =IF(SUM(R19:AV19)=0,"",SUM(R19:AV19)) -> 256 | AX19: =IFERROR(AW19*O19/1000,"") -> 12.964608 | AY19: =IFERROR(ROUND(AW19*P19/10000,3),"") -> 18.102 | BE19: =AZ19*AW19 -> 0 | BF19: =BA19*AW19 -> 0 | BG19: =BB19*AW19 -> 0 | BH19: =BC19*AW19 -> 0 | BJ19: {=_xlfn.LET(_xlpm.data,$R19:$AV19,_xlpm.starts,{1,8,16,23},_xlpm.lengths,{7,7,8,9},_xlpm.arr,_xlfn.MAP(_xlpm.starts,_xlpm.lengths,_xlfn.LAMBDA(_xlpm.s,_xlpm.l,SUM(INDEX(_xlpm.data,,_xlfn.SEQUENCE(,_xlpm.l,_xlpm.s))))),ROUND(_xlpm.arr*$O19/1000,2))} -> 0 | BK19: 0 | BL19: 0 | BM19: 12.96 | BN19: =SUM(BJ19:BM19) -> 12.96 | BO19: 0 | BP19: 0 | BQ19: 0 | BR19: 0 | BT19: {=_xlfn.HSTACK(SUM(INDEX($R19:$AV19,1,1):INDEX($R19:$AV19,1,7)),SUM(INDEX($R19:$AV19,1,7):INDEX($R19:$AV19,1,13)),SUM(INDEX($R19:$AV19,1,16):INDEX($R19:$AV19,1,23)),SUM(INDEX($R19:$AV19,1,23):INDEX($R19:$AV19,1,31)))} -> 0 | BU19: 0 | BV19: 0 | BW19: 256 | BY19: =SUM(R19:X19) -> 0 | BZ19: =SUM(Y19:AE19) -> 0 | CA19: =SUM(AF19:AM19) -> 0 | CB19: =SUM(AN19:AV19) -> 256 | CE19: =ROUND(BY19*$O19/1000,2) -> 0 | CF19: =ROUND(BZ19*$O19/1000,2) -> 0 | CG19: =ROUND(CA19*$O19/1000,2) -> 0 | CH19: =ROUND(CB19*$O19/1000,2) -> 12.96 | CI19: =SUM(CE19:CH19) -> 12.96 | CK19: =IFERROR(ROUND(BY19*$P19,2),"") -> 0 | CL19: =IFERROR(ROUND(BZ19*$P19,2),"") -> 0 | CM19: =IFERROR(ROUND(CA19*$P19,2),"") -> 0 | CN19: =IFERROR(ROUND(CB19*$P19,2),"") -> 181023.91 | CO19: =SUM(CK19:CN19) -> 181023.91 | CP19: =VLOOKUP(G19,[2]Sheet1!$C$3:$G$310,5,0) -> #N/A | CQ19: =VLOOKUP(G19,[3]KCBB0101!$C$3:$F$691,4,0) -> 3317
B20: =_xlfn.XLOOKUP(G20,销售需求表!A:A,销售需求表!C:C) -> 北美 | C20: =IFERROR(MID(F20,FIND("R",F20)+1,4),"") -> 22.5 | D20: =B20&C20&"寸" -> 北美22.5寸 | E20: =LEFT(REPLACE(G20,1,2,""),FIND("[",REPLACE(G20,1,2,""))-1)&"-"&MID(REPLACE(G20,1,2,""),FIND("[",REPLACE(G20,1,2,""))+1,FIND("]",REPLACE(G20,1,2,""))-FIND("[",REPLACE(G20,1,2,""))-1) -> 11R22.5-16PR(146/143M)-KOBE APM | F20: =IFERROR(MID(G20,3,FIND("(",G20)-3)&"-"&SUBSTITUTE(MID(G20,FIND("[",G20)+1,FIND("]",G20)-FIND("[",G20)-1),"Strong Guard ",""),"") -> 11R22.5-16PR-KOBE APM | G20: ID11R22.5-16PR(146/143M)[KOBE APM]ITARO无内 | H20: 750 | J20: =IFERROR(LEFT(F20,FIND("-",F20))&MID(F20,FIND("PR",F20,FIND("-",F20))+3,LEN(F20)),F20) -> 11R22.5-KOBE APM | K20: =_xlfn.XLOOKUP(F20,投产规格!E:E,投产规格!D:D,"未投产") -> ✔ | L20: =IFERROR(_xlfn.XLOOKUP(F20,硫化工艺!B:B,硫化工艺!C:C),"") -> 36 | M20: =IF(L20="","",L20/(L20+$L$1/60)) -> 0.86055777 | N20: =C20&"全钢" -> 22.5全钢 | O20: =IFERROR(_xlfn.XLOOKUP(F20,轮胎重量!J:J,轮胎重量!G:G),"") -> 50.643 | P20: =IFERROR(_xlfn.XLOOKUP(G20,硫化工艺!I:I,硫化工艺!J:J),"") -> 699.63706 | Q20: =IFERROR(ROUND(1440/L20*(I20)*M20,0),"") -> 0 | AK20: 66 | AL20: 66 | AM20: 66 | AN20: 66 | AO20: 66 | AP20: 66 | AQ20: 66 | AR20: 66 | AS20: 66 | AT20: 66 | AU20: 66 | AV20: 66 | AW20: =IF(SUM(R20:AV20)=0,"",SUM(R20:AV20)) -> 792 | AX20: =IFERROR(AW20*O20/1000,"") -> 40.109256 | AY20: =IFERROR(ROUND(AW20*P20/10000,3),"") -> 55.411 | BE20: =AZ20*AW20 -> 0 | BF20: =BA20*AW20 -> 0 | BG20: =BB20*AW20 -> 0 | BH20: =BC20*AW20 -> 0 | BJ20: {=_xlfn.LET(_xlpm.data,$R20:$AV20,_xlpm.starts,{1,8,16,23},_xlpm.lengths,{7,7,8,9},_xlpm.arr,_xlfn.MAP(_xlpm.starts,_xlpm.lengths,_xlfn.LAMBDA(_xlpm.s,_xlpm.l,SUM(INDEX(_xlpm.data,,_xlfn.SEQUENCE(,_xlpm.l,_xlpm.s))))),ROUND(_xlpm.arr*$O20/1000,2))} -> 0 | BK20: 0 | BL20: 13.37 | BM20: 30.08 | BN20: =SUM(BJ20:BM20) -> 43.45 | BO20: 0 | BP20: 0 | BQ20: 0 | BR20: 0 | BT20: {=_xlfn.HSTACK(SUM(INDEX($R20:$AV20,1,1):INDEX($R20:$AV20,1,7)),SUM(INDEX($R20:$AV20,1,7):INDEX($R20:$AV20,1,13)),SUM(INDEX($R20:$AV20,1,16):INDEX($R20:$AV20,1,23)),SUM(INDEX($R20:$AV20,1,23):INDEX($R20:$AV20,1,31)))} -> 0 | BU20: 0 | BV20: 264 | BW20: 594 | BY20: =SUM(R20:X20) -> 0 | BZ20: =SUM(Y20:AE20) -> 0 | CA20: =SUM(AF20:AM20) -> 198 | CB20: =SUM(AN20:AV20) -> 594 | CE20: =ROUND(BY20*$O20/1000,2) -> 0 | CF20: =ROUND(BZ20*$O20/1000,2) -> 0 | CG20: =ROUND(CA20*$O20/1000,2) -> 10.03 | CH20: =ROUND(CB20*$O20/1000,2) -> 30.08 | CI20: =SUM(CE20:CH20) -> 40.11 | CK20: =IFERROR(ROUND(BY20*$P20,2),"") -> 0 | CL20: =IFERROR(ROUND(BZ20*$P20,2),"") -> 0 | CM20: =IFERROR(ROUND(CA20*$P20,2),"") -> 138528.14 | CN20: =IFERROR(ROUND(CB20*$P20,2),"") -> 415584.41 | CO20: =SUM(CK20:CN20) -> 554112.55 | CP20: =VLOOKUP(G20,[2]Sheet1!$C$3:$G$310,5,0) -> #N/A | CQ20: =VLOOKUP(G20,[3]KCBB0101!$C$3:$F$691,4,0) -> 6321
B21: =_xlfn.XLOOKUP(G21,销售需求表!A:A,销售需求表!C:C) -> 北美 | C21: =IFERROR(MID(F21,FIND("R",F21)+1,4),"") -> 22.5 | D21: =B21&C21&"寸" -> 北美22.5寸 | E21: =LEFT(REPLACE(G21,1,2,""),FIND("[",REPLACE(G21,1,2,""))-1)&"-"&MID(REPLACE(G21,1,2,""),FIND("[",REPLACE(G21,1,2,""))+1,FIND("]",REPLACE(G21,1,2,""))-FIND("[",REPLACE(G21,1,2,""))-1) -> 11R22.5-16PR(148/145K)-Strong Guard H-MD | F21: =IFERROR(MID(G21,3,FIND("(",G21)-3)&"-"&SUBSTITUTE(MID(G21,FIND("[",G21)+1,FIND("]",G21)-FIND("[",G21)-1),"Strong Guard ",""),"") -> 11R22.5-16PR-H-MD | G21: ID11R22.5-16PR(148/145K)[Strong Guard H-MD]HERCULES无内 | H21: 1100 | I21: 2 | J21: =IFERROR(LEFT(F21,FIND("-",F21))&MID(F21,FIND("PR",F21,FIND("-",F21))+3,LEN(F21)),F21) -> 11R22.5-H-MD | K21: =_xlfn.XLOOKUP(F21,投产规格!E:E,投产规格!D:D,"未投产") -> ✔ | L21: =IFERROR(_xlfn.XLOOKUP(F21,硫化工艺!B:B,硫化工艺!C:C),"") -> 44 | M21: =IF(L21="","",L21/(L21+$L$1/60)) -> 0.88294314 | N21: =C21&"全钢" -> 22.5全钢 | O21: =IFERROR(_xlfn.XLOOKUP(F21,轮胎重量!J:J,轮胎重量!G:G),"") -> 60.324 | P21: =IFERROR(_xlfn.XLOOKUP(G21,硫化工艺!I:I,硫化工艺!J:J),"") -> 869.12269 | Q21: =IFERROR(ROUND(1440/L21*(I21)*M21,0),"") -> 58 | R21: 58 | S21: 58 | T21: 58 | U21: 58 | V21: 58 | W21: 58 | X21: 58 | Y21: 58 | Z21: 58 | AA21: 58 | AB21: 58 | AC21: 58 | AD21: 58 | AE21: 58 | AF21: 58 | AG21: 58 | AW21: =IF(SUM(R21:AV21)=0,"",SUM(R21:AV21)) -> 928 | AX21: =IFERROR(AW21*O21/1000,"") -> 55.980672 | AY21: =IFERROR(ROUND(AW21*P21/10000,3),"") -> 80.655 | BE21: =AZ21*AW21 -> 0 | BF21: =BA21*AW21 -> 0 | BG21: =BB21*AW21 -> 0 | BH21: =BC21*AW21 -> 0 | BJ21: {=_xlfn.LET(_xlpm.data,$R21:$AV21,_xlpm.starts,{1,8,16,23},_xlpm.lengths,{7,7,8,9},_xlpm.arr,_xlfn.MAP(_xlpm.starts,_xlpm.lengths,_xlfn.LAMBDA(_xlpm.s,_xlpm.l,SUM(INDEX(_xlpm.data,,_xlfn.SEQUENCE(,_xlpm.l,_xlpm.s))))),ROUND(_xlpm.arr*$O21/1000,2))} -> 24.49 | BK21: 24.49 | BL21: 3.5 | BM21: 0 | BN21: =SUM(BJ21:BM21) -> 52.48 | BO21: 0 | BP21: 0 | BQ21: 0 | BR21: 0 | BT21: {=_xlfn.HSTACK(SUM(INDEX($R21:$AV21,1,1):INDEX($R21:$AV21,1,7)),SUM(INDEX($R21:$AV21,1,7):INDEX($R21:$AV21,1,13)),SUM(INDEX($R21:$AV21,1,16):INDEX($R21:$AV21,1,23)),SUM(INDEX($R21:$AV21,1,23):INDEX($R21:$AV21,1,31)))} -> 406 | BU21: 406 | BV21: 58 | BW21: 0 | BY21: =SUM(R21:X21) -> 406 | BZ21: =SUM(Y21:AE21) -> 406 | CA21: =SUM(AF21:AM21) -> 116 | CB21: =SUM(AN21:AV21) -> 0 | CE21: =ROUND(BY21*$O21/1000,2) -> 24.49 | CF21: =ROUND(BZ21*$O21/1000,2) -> 24.49 | CG21: =ROUND(CA21*$O21/1000,2) -> 7 | CH21: =ROUND(CB21*$O21/1000,2) -> 0 | CI21: =SUM(CE21:CH21) -> 55.98 | CK21: =IFERROR(ROUND(BY21*$P21,2),"") -> 352863.81 | CL21: =IFERROR(ROUND(BZ21*$P21,2),"") -> 352863.81 | CM21: =IFERROR(ROUND(CA21*$P21,2),"") -> 100818.23 | CN21: =IFERROR(ROUND(CB21*$P21,2),"") -> 0 | CO21: =SUM(CK21:CN21) -> 806545.85 | CP21: =VLOOKUP(G21,[2]Sheet1!$C$3:$G$310,5,0) -> 9000 | CQ21: =VLOOKUP(G21,[3]KCBB0101!$C$3:$F$691,4,0) -> #N/A
B22: =_xlfn.XLOOKUP(G22,销售需求表!A:A,销售需求表!C:C) -> 北美 | C22: =IFERROR(MID(F22,FIND("R",F22)+1,4),"") -> 22.5 | D22: =B22&C22&"寸" -> 北美22.5寸 | E22: =LEFT(REPLACE(G22,1,2,""),FIND("[",REPLACE(G22,1,2,""))-1)&"-"&MID(REPLACE(G22,1,2,""),FIND("[",REPLACE(G22,1,2,""))+1,FIND("]",REPLACE(G22,1,2,""))-FIND("[",REPLACE(G22,1,2,""))-1) -> 11R22.5-16PR(148/145L)-AD716 | F22: =IFERROR(MID(G22,3,FIND("(",G22)-3)&"-"&SUBSTITUTE(MID(G22,FIND("[",G22)+1,FIND("]",G22)-FIND("[",G22)-1),"Strong Guard ",""),"") -> 11R22.5-16PR-AD716 | G22: ID11R22.5-16PR(148/145L)[AD716]GOODRIDE(好运)无内 | H22: 280 | J22: =IFERROR(LEFT(F22,FIND("-",F22))&MID(F22,FIND("PR",F22,FIND("-",F22))+3,LEN(F22)),F22) -> 11R22.5-AD716 | K22: =_xlfn.XLOOKUP(F22,投产规格!E:E,投产规格!D:D,"未投产") -> ✔ | L22: =IFERROR(_xlfn.XLOOKUP(F22,硫化工艺!B:B,硫化工艺!C:C),"") -> 38.5 | M22: =IF(L22="","",L22/(L22+$L$1/60)) -> 0.86842105 | N22: =C22&"全钢" -> 22.5全钢 | O22: =IFERROR(_xlfn.XLOOKUP(F22,轮胎重量!J:J,轮胎重量!G:G),"") -> 55.842 | P22: =IFERROR(_xlfn.XLOOKUP(G22,硫化工艺!I:I,硫化工艺!J:J),"") -> 792.18133 | Q22: =IFERROR(ROUND(1440/L22*(I22)*M22,0),"") -> 0 | AT22: 60 | AU22: 60 | AV22: 60 | AW22: =IF(SUM(R22:AV22)=0,"",SUM(R22:AV22)) -> 180 | AX22: =IFERROR(AW22*O22/1000,"") -> 10.05156 | AY22: =IFERROR(ROUND(AW22*P22/10000,3),"") -> 14.259 | BE22: =AZ22*AW22 -> 0 | BF22: =BA22*AW22 -> 0 | BG22: =BB22*AW22 -> 0 | BH22: =BC22*AW22 -> 0 | BJ22: {=_xlfn.LET(_xlpm.data,$R22:$AV22,_xlpm.starts,{1,8,16,23},_xlpm.lengths,{7,7,8,9},_xlpm.arr,_xlfn.MAP(_xlpm.starts,_xlpm.lengths,_xlfn.LAMBDA(_xlpm.s,_xlpm.l,SUM(INDEX(_xlpm.data,,_xlfn.SEQUENCE(,_xlpm.l,_xlpm.s))))),ROUND(_xlpm.arr*$O22/1000,2))} -> 0 | BK22: 0 | BL22: 0 | BM22: 10.05 | BN22: =SUM(BJ22:BM22) -> 10.05 | BO22: 0 | BP22: 0 | BQ22: 0 | BR22: 0 | BT22: {=_xlfn.HSTACK(SUM(INDEX($R22:$AV22,1,1):INDEX($R22:$AV22,1,7)),SUM(INDEX($R22:$AV22,1,7):INDEX($R22:$AV22,1,13)),SUM(INDEX($R22:$AV22,1,16):INDEX($R22:$AV22,1,23)),SUM(INDEX($R22:$AV22,1,23):INDEX($R22:$AV22,1,31)))} -> 0 | BU22: 0 | BV22: 0 | BW22: 180 | BY22: =SUM(R22:X22) -> 0 | BZ22: =SUM(Y22:AE22) -> 0 | CA22: =SUM(AF22:AM22) -> 0 | CB22: =SUM(AN22:AV22) -> 180 | CE22: =ROUND(BY22*$O22/1000,2) -> 0 | CF22: =ROUND(BZ22*$O22/1000,2) -> 0 | CG22: =ROUND(CA22*$O22/1000,2) -> 0 | CH22: =ROUND(CB22*$O22/1000,2) -> 10.05 | CI22: =SUM(CE22:CH22) -> 10.05 | CK22: =IFERROR(ROUND(BY22*$P22,2),"") -> 0 | CL22: =IFERROR(ROUND(BZ22*$P22,2),"") -> 0 | CM22: =IFERROR(ROUND(CA22*$P22,2),"") -> 0 | CN22: =IFERROR(ROUND(CB22*$P22,2),"") -> 142592.64 | CO22: =SUM(CK22:CN22) -> 142592.64 | CP22: =VLOOKUP(G22,[2]Sheet1!$C$3:$G$310,5,0) -> #N/A | CQ22: =VLOOKUP(G22,[3]KCBB0101!$C$3:$F$691,4,0) -> 4000
B23: =_xlfn.XLOOKUP(G23,销售需求表!A:A,销售需求表!C:C) -> 亚 | C23: =IFERROR(MID(F23,FIND("R",F23)+1,4),"") -> 22.5 | D23: =B23&C23&"寸" -> 亚22.5寸 | E23: =LEFT(REPLACE(G23,1,2,""),FIND("[",REPLACE(G23,1,2,""))-1)&"-"&MID(REPLACE(G23,1,2,""),FIND("[",REPLACE(G23,1,2,""))+1,FIND("]",REPLACE(G23,1,2,""))-FIND("[",REPLACE(G23,1,2,""))-1) -> 11R22.5-16PR(148/145L)-AS858 | F23: =IFERROR(MID(G23,3,FIND("(",G23)-3)&"-"&SUBSTITUTE(MID(G23,FIND("[",G23)+1,FIND("]",G23)-FIND("[",G23)-1),"Strong Guard ",""),"") -> 11R22.5-16PR-AS858 | G23: ID11R22.5-16PR(148/145L)[AS858]GOODRIDE(好运)无内 | H23: 480 | J23: =IFERROR(LEFT(F23,FIND("-",F23))&MID(F23,FIND("PR",F23,FIND("-",F23))+3,LEN(F23)),F23) -> 11R22.5-AS858 | K23: =_xlfn.XLOOKUP(F23,投产规格!E:E,投产规格!D:D,"未投产") -> ✔ | L23: =IFERROR(_xlfn.XLOOKUP(F23,硫化工艺!B:B,硫化工艺!C:C),"") -> 41.5 | M23: =IF(L23="","",L23/(L23+$L$1/60)) -> 0.87676056 | N23: =C23&"全钢" -> 22.5全钢 | O23: =IFERROR(_xlfn.XLOOKUP(F23,轮胎重量!J:J,轮胎重量!G:G),"") -> 57.238 | P23: =IFERROR(_xlfn.XLOOKUP(G23,硫化工艺!I:I,硫化工艺!J:J),"") -> 831.1317 | Q23: =IFERROR(ROUND(1440/L23*(I23)*M23,0),"") -> 0 | AN23: 60 | AO23: 60 | AP23: 60 | AQ23: 60 | AR23: 60 | AS23: 60 | AT23: 60 | AU23: 60 | AV23: 60 | AW23: =IF(SUM(R23:AV23)=0,"",SUM(R23:AV23)) -> 540 | AX23: =IFERROR(AW23*O23/1000,"") -> 30.90852 | AY23: =IFERROR(ROUND(AW23*P23/10000,3),"") -> 44.881 | BE23: =AZ23*AW23 -> 0 | BF23: =BA23*AW23 -> 0 | BG23: =BB23*AW23 -> 0 | BH23: =BC23*AW23 -> 0 | BJ23: {=_xlfn.LET(_xlpm.data,$R23:$AV23,_xlpm.starts,{1,8,16,23},_xlpm.lengths,{7,7,8,9},_xlpm.arr,_xlfn.MAP(_xlpm.starts,_xlpm.lengths,_xlfn.LAMBDA(_xlpm.s,_xlpm.l,SUM(INDEX(_xlpm.data,,_xlfn.SEQUENCE(,_xlpm.l,_xlpm.s))))),ROUND(_xlpm.arr*$O23/1000,2))} -> 0 | BK23: 0 | BL23: 3.43 | BM23: 30.91 | BN23: =SUM(BJ23:BM23) -> 34.34 | BO23: 0 | BP23: 0 | BQ23: 0 | BR23: 0 | BT23: {=_xlfn.HSTACK(SUM(INDEX($R23:$AV23,1,1):INDEX($R23:$AV23,1,7)),SUM(INDEX($R23:$AV23,1,7):INDEX($R23:$AV23,1,13)),SUM(INDEX($R23:$AV23,1,16):INDEX($R23:$AV23,1,23)),SUM(INDEX($R23:$AV23,1,23):INDEX($R23:$AV23,1,31)))} -> 0 | BU23: 0 | BV23: 60 | BW23: 540 | BY23: =SUM(R23:X23) -> 0 | BZ23: =SUM(Y23:AE23) -> 0 | CA23: =SUM(AF23:AM23) -> 0 | CB23: =SUM(AN23:AV23) -> 540 | CE23: =ROUND(BY23*$O23/1000,2) -> 0 | CF23: =ROUND(BZ23*$O23/1000,2) -> 0 | CG23: =ROUND(CA23*$O23/1000,2) -> 0 | CH23: =ROUND(CB23*$O23/1000,2) -> 30.91 | CI23: =SUM(CE23:CH23) -> 30.91 | CK23: =IFERROR(ROUND(BY23*$P23,2),"") -> 0 | CL23: =IFERROR(ROUND(BZ23*$P23,2),"") -> 0 | CM23: =IFERROR(ROUND(CA23*$P23,2),"") -> 0 | CN23: =IFERROR(ROUND(CB23*$P23,2),"") -> 448811.12 | CO23: =SUM(CK23:CN23) -> 448811.12 | CP23: =VLOOKUP(G23,[2]Sheet1!$C$3:$G$310,5,0) -> #N/A | CQ23: =VLOOKUP(G23,[3]KCBB0101!$C$3:$F$691,4,0) -> 6660
B24: =_xlfn.XLOOKUP(G24,销售需求表!A:A,销售需求表!C:C) -> 亚 | C24: =IFERROR(MID(F24,FIND("R",F24)+1,4),"") -> 22.5 | D24: =B24&C24&"寸" -> 亚22.5寸 | E24: =LEFT(REPLACE(G24,1,2,""),FIND("[",REPLACE(G24,1,2,""))-1)&"-"&MID(REPLACE(G24,1,2,""),FIND("[",REPLACE(G24,1,2,""))+1,FIND("]",REPLACE(G24,1,2,""))-FIND("[",REPLACE(G24,1,2,""))-1) -> 11R22.5-16PR(148/145L)-AS868 | F24: =IFERROR(MID(G24,3,FIND("(",G24)-3)&"-"&SUBSTITUTE(MID(G24,FIND("[",G24)+1,FIND("]",G24)-FIND("[",G24)-1),"Strong Guard ",""),"") -> 11R22.5-16PR-AS868 | G24: ID11R22.5-16PR(148/145L)[AS868]金冠无内 | H24: 2600 | I24: 2 | J24: =IFERROR(LEFT(F24,FIND("-",F24))&MID(F24,FIND("PR",F24,FIND("-",F24))+3,LEN(F24)),F24) -> 11R22.5-AS868 | K24: =_xlfn.XLOOKUP(F24,投产规格!E:E,投产规格!D:D,"未投产") -> ✔ | L24: =IFERROR(_xlfn.XLOOKUP(F24,硫化工艺!B:B,硫化工艺!C:C),"") -> 41.5 | M24: =IF(L24="","",L24/(L24+$L$1/60)) -> 0.87676056 | N24: =C24&"全钢" -> 22.5全钢 | O24: =IFERROR(_xlfn.XLOOKUP(F24,轮胎重量!J:J,轮胎重量!G:G),"") -> 57.238 | P24: =IFERROR(_xlfn.XLOOKUP(G24,硫化工艺!I:I,硫化工艺!J:J),"") -> 830.77161 | Q24: =IFERROR(ROUND(1440/L24*(I24)*M24,0),"") -> 61 | R24: 60 | S24: 60 | T24: 60 | U24: 60 | V24: 60 | W24: 60 | X24: 60 | Y24: 60 | Z24: 60 | AA24: 60 | AB24: 60 | AC24: 60 | AD24: 60 | AE24: 60 | AF24: 60 | AG24: 60 | AH24: 60 | AI24: 60 | AJ24: 60 | AK24: 60 | AL24: 60 | AM24: 60 | AN24: 60 | AO24: 60 | AP24: 60 | AQ24: 60 | AR24: 60 | AS24: 60 | AT24: 60 | AU24: 60 | AV24: 60 | AW24: =IF(SUM(R24:AV24)=0,"",SUM(R24:AV24)) -> 1860 | AX24: =IFERROR(AW24*O24/1000,"") -> 106.46268 | AY24: =IFERROR(ROUND(AW24*P24/10000,3),"") -> 154.524 | BE24: =AZ24*AW24 -> 0 | BF24: =BA24*AW24 -> 0 | BG24: =BB24*AW24 -> 0 | BH24: =BC24*AW24 -> 0 | BJ24: {=_xlfn.LET(_xlpm.data,$R24:$AV24,_xlpm.starts,{1,8,16,23},_xlpm.lengths,{7,7,8,9},_xlpm.arr,_xlfn.MAP(_xlpm.starts,_xlpm.lengths,_xlfn.LAMBDA(_xlpm.s,_xlpm.l,SUM(INDEX(_xlpm.data,,_xlfn.SEQUENCE(,_xlpm.l,_xlpm.s))))),ROUND(_xlpm.arr*$O24/1000,2))} -> 24.04 | BK24: 24.04 | BL24: 27.47 | BM24: 30.91 | BN24: =SUM(BJ24:BM24) -> 106.46 | BO24: 0 | BP24: 0 | BQ24: 0 | BR24: 0 | BT24: {=_xlfn.HSTACK(SUM(INDEX($R24:$AV24,1,1):INDEX($R24:$AV24,1,7)),SUM(INDEX($R24:$AV24,1,7):INDEX($R24:$AV24,1,13)),SUM(INDEX($R24:$AV24,1,16):INDEX($R24:$AV24,1,23)),SUM(INDEX($R24:$AV24,1,23):INDEX($R24:$AV24,1,31)))} -> 420 | BU24: 420 | BV24: 480 | BW24: 540 | BY24: =SUM(R24:X24) -> 420 | BZ24: =SUM(Y24:AE24) -> 420 | CA24: =SUM(AF24:AM24) -> 480 | CB24: =SUM(AN24:AV24) -> 540 | CE24: =ROUND(BY24*$O24/1000,2) -> 24.04 | CF24: =ROUND(BZ24*$O24/1000,2) -> 24.04 | CG24: =ROUND(CA24*$O24/1000,2) -> 27.47 | CH24: =ROUND(CB24*$O24/1000,2) -> 30.91 | CI24: =SUM(CE24:CH24) -> 106.46 | CK24: =IFERROR(ROUND(BY24*$P24,2),"") -> 348924.07 | CL24: =IFERROR(ROUND(BZ24*$P24,2),"") -> 348924.07 | CM24: =IFERROR(ROUND(CA24*$P24,2),"") -> 398770.37 | CN24: =IFERROR(ROUND(CB24*$P24,2),"") -> 448616.67 | CO24: =SUM(CK24:CN24) -> 1545235.2 | CP24: =VLOOKUP(G24,[2]Sheet1!$C$3:$G$310,5,0) -> #N/A | CQ24: =VLOOKUP(G24,[3]KCBB0101!$C$3:$F$691,4,0) -> 6581
B25: =_xlfn.XLOOKUP(G25,销售需求表!A:A,销售需求表!C:C) -> 北美 | C25: =IFERROR(MID(F25,FIND("R",F25)+1,4),"") -> 22.5 | D25: =B25&C25&"寸" -> 北美22.5寸 | E25: =LEFT(REPLACE(G25,1,2,""),FIND("[",REPLACE(G25,1,2,""))-1)&"-"&MID(REPLACE(G25,1,2,""),FIND("[",REPLACE(G25,1,2,""))+1,FIND("]",REPLACE(G25,1,2,""))-FIND("[",REPLACE(G25,1,2,""))-1) -> 11R22.5-16PR(148/145L)-AZ599 | F25: =IFERROR(MID(G25,3,FIND("(",G25)-3)&"-"&SUBSTITUTE(MID(G25,FIND("[",G25)+1,FIND("]",G25)-FIND("[",G25)-1),"Strong Guard ",""),"") -> 11R22.5-16PR-AZ599 | G25: ID11R22.5-16PR(148/145L)[AZ599]威狮无内 | H25: 400 | J25: =IFERROR(LEFT(F25,FIND("-",F25))&MID(F25,FIND("PR",F25,FIND("-",F25))+3,LEN(F25)),F25) -> 11R22.5-AZ599 | K25: =_xlfn.XLOOKUP(F25,投产规格!E:E,投产规格!D:D,"未投产") -> ✔ | L25: =IFERROR(_xlfn.XLOOKUP(F25,硫化工艺!B:B,硫化工艺!C:C),"") -> 37.5 | M25: =IF(L25="","",L25/(L25+$L$1/60)) -> 0.86538462 | N25: =C25&"全钢" -> 22.5全钢 | O25: =IFERROR(_xlfn.XLOOKUP(F25,轮胎重量!J:J,轮胎重量!G:G),"") -> 52.059 | P25: =IFERROR(_xlfn.XLOOKUP(G25,硫化工艺!I:I,硫化工艺!J:J),"") -> 747.86585 | Q25: =IFERROR(ROUND(1440/L25*(I25)*M25,0),"") -> 0 | AO25: 60 | AP25: 60 | AQ25: 60 | AR25: 60 | AS25: 60 | AT25: 60 | AU25: 60 | AV25: 60 | AW25: 3000 | AX25: =IFERROR(AW25*O25/1000,"") -> 156.177 | AY25: =IFERROR(ROUND(AW25*P25/10000,3),"") -> 224.36 | BE25: =AZ25*AW25 -> 0 | BF25: =BA25*AW25 -> 0 | BG25: =BB25*AW25 -> 0 | BH25: =BC25*AW25 -> 0 | BJ25: {=_xlfn.LET(_xlpm.data,$R25:$AV25,_xlpm.starts,{1,8,16,23},_xlpm.lengths,{7,7,8,9},_xlpm.arr,_xlfn.MAP(_xlpm.starts,_xlpm.lengths,_xlfn.LAMBDA(_xlpm.s,_xlpm.l,SUM(INDEX(_xlpm.data,,_xlfn.SEQUENCE(,_xlpm.l,_xlpm.s))))),ROUND(_xlpm.arr*$O25/1000,2))} -> 0 | BK25: 0 | BL25: 0 | BM25: 24.99 | BN25: =SUM(BJ25:BM25) -> 24.99 | BO25: 0 | BP25: 0 | BQ25: 0 | BR25: 0 | BT25: {=_xlfn.HSTACK(SUM(INDEX($R25:$AV25,1,1):INDEX($R25:$AV25,1,7)),SUM(INDEX($R25:$AV25,1,7):INDEX($R25:$AV25,1,13)),SUM(INDEX($R25:$AV25,1,16):INDEX($R25:$AV25,1,23)),SUM(INDEX($R25:$AV25,1,23):INDEX($R25:$AV25,1,31)))} -> 0 | BU25: 0 | BV25: 0 | BW25: 480 | BY25: =SUM(R25:X25) -> 0 | BZ25: =SUM(Y25:AE25) -> 0 | CA25: =SUM(AF25:AM25) -> 0 | CB25: =SUM(AN25:AV25) -> 480 | CE25: =ROUND(BY25*$O25/1000,2) -> 0 | CF25: =ROUND(BZ25*$O25/1000,2) -> 0 | CG25: =ROUND(CA25*$O25/1000,2) -> 0 | CH25: =ROUND(CB25*$O25/1000,2) -> 24.99 | CI25: =SUM(CE25:CH25) -> 24.99 | CK25: =IFERROR(ROUND(BY25*$P25,2),"") -> 0 | CL25: =IFERROR(ROUND(BZ25*$P25,2),"") -> 0 | CM25: =IFERROR(ROUND(CA25*$P25,2),"") -> 0 | CN25: =IFERROR(ROUND(CB25*$P25,2),"") -> 358975.61 | CO25: =SUM(CK25:CN25) -> 358975.61 | CP25: =VLOOKUP(G25,[2]Sheet1!$C$3:$G$310,5,0) -> 1740 | CQ25: =VLOOKUP(G25,[3]KCBB0101!$C$3:$F$691,4,0) -> #N/A
B26: =_xlfn.XLOOKUP(G26,销售需求表!A:A,销售需求表!C:C) -> 北美 | C26: =IFERROR(MID(F26,FIND("R",F26)+1,4),"") -> 22.5 | D26: =B26&C26&"寸" -> 北美22.5寸 | E26: =LEFT(REPLACE(G26,1,2,""),FIND("[",REPLACE(G26,1,2,""))-1)&"-"&MID(REPLACE(G26,1,2,""),FIND("[",REPLACE(G26,1,2,""))+1,FIND("]",REPLACE(G26,1,2,""))-FIND("[",REPLACE(G26,1,2,""))-1) -> 11R22.5-16PR(148/145L)-ECO-MILE CSD | F26: =IFERROR(MID(G26,3,FIND("(",G26)-3)&"-"&SUBSTITUTE(MID(G26,FIND("[",G26)+1,FIND("]",G26)-FIND("[",G26)-1),"Strong Guard ",""),"") -> 11R22.5-16PR-ECO-MILE CSD | G26: ID11R22.5-16PR(148/145L)[ECO-MILE CSD]TRAVELSTAR无内 | H26: 400 | J26: =IFERROR(LEFT(F26,FIND("-",F26))&MID(F26,FIND("PR",F26,FIND("-",F26))+3,LEN(F26)),F26) -> 11R22.5-ECO-MILE CSD | K26: =_xlfn.XLOOKUP(F26,投产规格!E:E,投产规格!D:D,"未投产") -> ✔ | L26: =IFERROR(_xlfn.XLOOKUP(F26,硫化工艺!B:B,硫化工艺!C:C),"") -> 41.5 | M26: =IF(L26="","",L26/(L26+$L$1/60)) -> 0.87676056 | N26: =C26&"全钢" -> 22.5全钢 | O26: =IFERROR(_xlfn.XLOOKUP(F26,轮胎重量!J:J,轮胎重量!G:G),"") -> 59.57 | P26: =O26*13.9 -> 828.023 | Q26: =IFERROR(ROUND(1440/L26*(I26)*M26,0),"") -> 0 | AW26: =IF(SUM(R26:AV26)=0,"",SUM(R26:AV26)) | AX26: =IFERROR(AW26*O26/1000,"") | AY26: =IFERROR(ROUND(AW26*P26/10000,3),"") | BE26: =AZ26*AW26 -> #VALUE! | BF26: =BA26*AW26 -> #VALUE! | BG26: =BB26*AW26 -> #VALUE! | BH26: =BC26*AW26 -> #VALUE! | BJ26: {=_xlfn.LET(_xlpm.data,$R26:$AV26,_xlpm.starts,{1,8,16,23},_xlpm.lengths,{7,7,8,9},_xlpm.arr,_xlfn.MAP(_xlpm.starts,_xlpm.lengths,_xlfn.LAMBDA(_xlpm.s,_xlpm.l,SUM(INDEX(_xlpm.data,,_xlfn.SEQUENCE(,_xlpm.l,_xlpm.s))))),ROUND(_xlpm.arr*$O26/1000,2))} -> 0 | BK26: 0 | BL26: 0 | BM26: 0 | BN26: =SUM(BJ26:BM26) -> 0 | BO26: 0 | BP26: 0 | BQ26: 0 | BR26: 0 | BT26: {=_xlfn.HSTACK(SUM(INDEX($R26:$AV26,1,1):INDEX($R26:$AV26,1,7)),SUM(INDEX($R26:$AV26,1,7):INDEX($R26:$AV26,1,13)),SUM(INDEX($R26:$AV26,1,16):INDEX($R26:$AV26,1,23)),SUM(INDEX($R26:$AV26,1,23):INDEX($R26:$AV26,1,31)))} -> 0 | BU26: 0 | BV26: 0 | BW26: 0 | BY26: =SUM(R26:X26) -> 0 | BZ26: =SUM(Y26:AE26) -> 0 | CA26: =SUM(AF26:AM26) -> 0 | CB26: =SUM(AN26:AV26) -> 0 | CE26: =ROUND(BY26*$O26/1000,2) -> 0 | CF26: =ROUND(BZ26*$O26/1000,2) -> 0 | CG26: =ROUND(CA26*$O26/1000,2) -> 0 | CH26: =ROUND(CB26*$O26/1000,2) -> 0 | CI26: =SUM(CE26:CH26) -> 0 | CK26: =IFERROR(ROUND(BY26*$P26,2),"") -> 0 | CL26: =IFERROR(ROUND(BZ26*$P26,2),"") -> 0 | CM26: =IFERROR(ROUND(CA26*$P26,2),"") -> 0 | CN26: =IFERROR(ROUND(CB26*$P26,2),"") -> 0 | CO26: =SUM(CK26:CN26) -> 0
B27: =_xlfn.XLOOKUP(G27,销售需求表!A:A,销售需求表!C:C) -> 北美 | C27: =IFERROR(MID(F27,FIND("R",F27)+1,4),"") -> 22.5 | D27: =B27&C27&"寸" -> 北美22.5寸 | E27: =LEFT(REPLACE(G27,1,2,""),FIND("[",REPLACE(G27,1,2,""))-1)&"-"&MID(REPLACE(G27,1,2,""),FIND("[",REPLACE(G27,1,2,""))+1,FIND("]",REPLACE(G27,1,2,""))-FIND("[",REPLACE(G27,1,2,""))-1) -> 11R22.5-16PR(148/145L)-HD1 Plus | F27: =IFERROR(MID(G27,3,FIND("(",G27)-3)&"-"&SUBSTITUTE(MID(G27,FIND("[",G27)+1,FIND("]",G27)-FIND("[",G27)-1),"Strong Guard ",""),"") -> 11R22.5-16PR-HD1 Plus | G27: ID11R22.5-16PR(148/145L)[HD1 Plus]SUPERMAX无内 | H27: 300 | J27: =IFERROR(LEFT(F27,FIND("-",F27))&MID(F27,FIND("PR",F27,FIND("-",F27))+3,LEN(F27)),F27) -> 11R22.5-HD1 Plus | K27: =_xlfn.XLOOKUP(F27,投产规格!E:E,投产规格!D:D,"未投产") -> ✔ | L27: =IFERROR(_xlfn.XLOOKUP(F27,硫化工艺!B:B,硫化工艺!C:C),"") -> 38.5 | M27: =IF(L27="","",L27/(L27+$L$1/60)) -> 0.86842105 | N27: =C27&"全钢" -> 22.5全钢 | O27: =IFERROR(_xlfn.XLOOKUP(F27,轮胎重量!J:J,轮胎重量!G:G),"") -> 55.842 | P27: =IFERROR(_xlfn.XLOOKUP(G27,硫化工艺!I:I,硫化工艺!J:J),"") -> 792.18133 | Q27: =IFERROR(ROUND(1440/L27*(I27)*M27,0),"") -> 0 | AW27: =IF(SUM(R27:AV27)=0,"",SUM(R27:AV27)) | AX27: =IFERROR(AW27*O27/1000,"") | AY27: =IFERROR(ROUND(AW27*P27/10000,3),"") | BE27: =AZ27*AW27 -> #VALUE! | BF27: =BA27*AW27 -> #VALUE! | BG27: =BB27*AW27 -> #VALUE! | BH27: =BC27*AW27 -> #VALUE! | BJ27: {=_xlfn.LET(_xlpm.data,$R27:$AV27,_xlpm.starts,{1,8,16,23},_xlpm.lengths,{7,7,8,9},_xlpm.arr,_xlfn.MAP(_xlpm.starts,_xlpm.lengths,_xlfn.LAMBDA(_xlpm.s,_xlpm.l,SUM(INDEX(_xlpm.data,,_xlfn.SEQUENCE(,_xlpm.l,_xlpm.s))))),ROUND(_xlpm.arr*$O27/1000,2))} -> 0 | BK27: 0 | BL27: 0 | BM27: 0 | BN27: =SUM(BJ27:BM27) -> 0 | BO27: 0 | BP27: 0 | BQ27: 0 | BR27: 0 | BT27: {=_xlfn.HSTACK(SUM(INDEX($R27:$AV27,1,1):INDEX($R27:$AV27,1,7)),SUM(INDEX($R27:$AV27,1,7):INDEX($R27:$AV27,1,13)),SUM(INDEX($R27:$AV27,1,16):INDEX($R27:$AV27,1,23)),SUM(INDEX($R27:$AV27,1,23):INDEX($R27:$AV27,1,31)))} -> 0 | BU27: 0 | BV27: 0 | BW27: 0 | BY27: =SUM(R27:X27) -> 0 | BZ27: =SUM(Y27:AE27) -> 0 | CA27: =SUM(AF27:AM27) -> 0 | CB27: =SUM(AN27:AV27) -> 0 | CE27: =ROUND(BY27*$O27/1000,2) -> 0 | CF27: =ROUND(BZ27*$O27/1000,2) -> 0 | CG27: =ROUND(CA27*$O27/1000,2) -> 0 | CH27: =ROUND(CB27*$O27/1000,2) -> 0 | CI27: =SUM(CE27:CH27) -> 0 | CK27: =IFERROR(ROUND(BY27*$P27,2),"") -> 0 | CL27: =IFERROR(ROUND(BZ27*$P27,2),"") -> 0 | CM27: =IFERROR(ROUND(CA27*$P27,2),"") -> 0 | CN27: =IFERROR(ROUND(CB27*$P27,2),"") -> 0 | CO27: =SUM(CK27:CN27) -> 0
B28: =_xlfn.XLOOKUP(G28,销售需求表!A:A,销售需求表!C:C) -> 北美 | C28: =IFERROR(MID(F28,FIND("R",F28)+1,4),"") -> 22.5 | D28: =B28&C28&"寸" -> 北美22.5寸 | E28: =LEFT(REPLACE(G28,1,2,""),FIND("[",REPLACE(G28,1,2,""))-1)&"-"&MID(REPLACE(G28,1,2,""),FIND("[",REPLACE(G28,1,2,""))+1,FIND("]",REPLACE(G28,1,2,""))-FIND("[",REPLACE(G28,1,2,""))-1) -> 11R22.5-16PR(148/145L)-HF1 Plus | F28: =IFERROR(MID(G28,3,FIND("(",G28)-3)&"-"&SUBSTITUTE(MID(G28,FIND("[",G28)+1,FIND("]",G28)-FIND("[",G28)-1),"Strong Guard ",""),"") -> 11R22.5-16PR-HF1 Plus | G28: ID11R22.5-16PR(148/145L)[HF1 Plus]SUPERMAX无内 | H28: 500 | J28: =IFERROR(LEFT(F28,FIND("-",F28))&MID(F28,FIND("PR",F28,FIND("-",F28))+3,LEN(F28)),F28) -> 11R22.5-HF1 Plus | K28: =_xlfn.XLOOKUP(F28,投产规格!E:E,投产规格!D:D,"未投产") -> ✔ | L28: =IFERROR(_xlfn.XLOOKUP(F28,硫化工艺!B:B,硫化工艺!C:C),"") -> 37.5 | M28: =IF(L28="","",L28/(L28+$L$1/60)) -> 0.86538462 | N28: =C28&"全钢" -> 22.5全钢 | O28: =IFERROR(_xlfn.XLOOKUP(F28,轮胎重量!J:J,轮胎重量!G:G),"") -> 52.059 | P28: =IFERROR(_xlfn.XLOOKUP(G28,硫化工艺!I:I,硫化工艺!J:J),"") -> 746.39965 | Q28: =IFERROR(ROUND(1440/L28*(I28)*M28,0),"") -> 0 | AW28: =IF(SUM(R28:AV28)=0,"",SUM(R28:AV28)) | AX28: =IFERROR(AW28*O28/1000,"") | AY28: =IFERROR(ROUND(AW28*P28/10000,3),"") | BE28: =AZ28*AW28 -> #VALUE! | BF28: =BA28*AW28 -> #VALUE! | BG28: =BB28*AW28 -> #VALUE! | BH28: =BC28*AW28 -> #VALUE! | BJ28: {=_xlfn.LET(_xlpm.data,$R28:$AV28,_xlpm.starts,{1,8,16,23},_xlpm.lengths,{7,7,8,9},_xlpm.arr,_xlfn.MAP(_xlpm.starts,_xlpm.lengths,_xlfn.LAMBDA(_xlpm.s,_xlpm.l,SUM(INDEX(_xlpm.data,,_xlfn.SEQUENCE(,_xlpm.l,_xlpm.s))))),ROUND(_xlpm.arr*$O28/1000,2))} -> 0 | BK28: 0 | BL28: 0 | BM28: 0 | BN28: =SUM(BJ28:BM28) -> 0 | BO28: 0 | BP28: 0 | BQ28: 0 | BR28: 0 | BT28: {=_xlfn.HSTACK(SUM(INDEX($R28:$AV28,1,1):INDEX($R28:$AV28,1,7)),SUM(INDEX($R28:$AV28,1,7):INDEX($R28:$AV28,1,13)),SUM(INDEX($R28:$AV28,1,16):INDEX($R28:$AV28,1,23)),SUM(INDEX($R28:$AV28,1,23):INDEX($R28:$AV28,1,31)))} -> 0 | BU28: 0 | BV28: 0 | BW28: 0 | BY28: =SUM(R28:X28) -> 0 | BZ28: =SUM(Y28:AE28) -> 0 | CA28: =SUM(AF28:AM28) -> 0 | CB28: =SUM(AN28:AV28) -> 0 | CE28: =ROUND(BY28*$O28/1000,2) -> 0 | CF28: =ROUND(BZ28*$O28/1000,2) -> 0 | CG28: =ROUND(CA28*$O28/1000,2) -> 0 | CH28: =ROUND(CB28*$O28/1000,2) -> 0 | CI28: =SUM(CE28:CH28) -> 0 | CK28: =IFERROR(ROUND(BY28*$P28,2),"") -> 0 | CL28: =IFERROR(ROUND(BZ28*$P28,2),"") -> 0 | CM28: =IFERROR(ROUND(CA28*$P28,2),"") -> 0 | CN28: =IFERROR(ROUND(CB28*$P28,2),"") -> 0 | CO28: =SUM(CK28:CN28) -> 0
B29: =_xlfn.XLOOKUP(G29,销售需求表!A:A,销售需求表!C:C) -> 北美 | C29: =IFERROR(MID(F29,FIND("R",F29)+1,4),"") -> 22.5 | D29: =B29&C29&"寸" -> 北美22.5寸 | E29: =LEFT(REPLACE(G29,1,2,""),FIND("[",REPLACE(G29,1,2,""))-1)&"-"&MID(REPLACE(G29,1,2,""),FIND("[",REPLACE(G29,1,2,""))+1,FIND("]",REPLACE(G29,1,2,""))-FIND("[",REPLACE(G29,1,2,""))-1) -> 11R22.5-16PR(148/145L)-I-28D | F29: =IFERROR(MID(G29,3,FIND("(",G29)-3)&"-"&SUBSTITUTE(MID(G29,FIND("[",G29)+1,FIND("]",G29)-FIND("[",G29)-1),"Strong Guard ",""),"") -> 11R22.5-16PR-I-28D | G29: ID11R22.5-16PR(148/145L)[I-28D]IRONMAN无内 SMARTWAY | H29: 1900 | J29: =IFERROR(LEFT(F29,FIND("-",F29))&MID(F29,FIND("PR",F29,FIND("-",F29))+3,LEN(F29)),F29) -> 11R22.5-I-28D | K29: =_xlfn.XLOOKUP(F29,投产规格!E:E,投产规格!D:D,"未投产") -> ✔ | L29: =IFERROR(_xlfn.XLOOKUP(F29,硫化工艺!B:B,硫化工艺!C:C),"") -> 41.2 | M29: =IF(L29="","",L29/(L29+$L$1/60)) -> 0.87597449 | N29: =C29&"全钢" -> 22.5全钢 | O29: =IFERROR(_xlfn.XLOOKUP(F29,轮胎重量!J:J,轮胎重量!G:G),"") -> 58.509 | P29: =IFERROR(_xlfn.XLOOKUP(G29,硫化工艺!I:I,硫化工艺!J:J),"") -> 852.81862 | Q29: =IFERROR(ROUND(1440/L29*(I29)*M29,0),"") -> 0 | AG29: 120 | AH29: 120 | AI29: 120 | AJ29: 120 | AK29: 120 | AL29: 120 | AM29: 120 | AN29: 120 | AO29: 120 | AP29: 120 | AQ29: 120 | AW29: 3000 | AX29: =IFERROR(AW29*O29/1000,"") -> 175.527 | AY29: =IFERROR(ROUND(AW29*P29/10000,3),"") -> 255.846 | BE29: =AZ29*AW29 -> 0 | BF29: =BA29*AW29 -> 0 | BG29: =BB29*AW29 -> 0 | BH29: =BC29*AW29 -> 0 | BJ29: {=_xlfn.LET(_xlpm.data,$R29:$AV29,_xlpm.starts,{1,8,16,23},_xlpm.lengths,{7,7,8,9},_xlpm.arr,_xlfn.MAP(_xlpm.starts,_xlpm.lengths,_xlfn.LAMBDA(_xlpm.s,_xlpm.l,SUM(INDEX(_xlpm.data,,_xlfn.SEQUENCE(,_xlpm.l,_xlpm.s))))),ROUND(_xlpm.arr*$O29/1000,2))} -> 0 | BK29: 0 | BL29: 56.17 | BM29: 28.08 | BN29: =SUM(BJ29:BM29) -> 84.25 | BO29: 0 | BP29: 0 | BQ29: 0 | BR29: 0 | BT29: {=_xlfn.HSTACK(SUM(INDEX($R29:$AV29,1,1):INDEX($R29:$AV29,1,7)),SUM(INDEX($R29:$AV29,1,7):INDEX($R29:$AV29,1,13)),SUM(INDEX($R29:$AV29,1,16):INDEX($R29:$AV29,1,23)),SUM(INDEX($R29:$AV29,1,23):INDEX($R29:$AV29,1,31)))} -> 0 | BU29: 0 | BV29: 960 | BW29: 480 | BY29: =SUM(R29:X29) -> 0 | BZ29: =SUM(Y29:AE29) -> 0 | CA29: =SUM(AF29:AM29) -> 840 | CB29: =SUM(AN29:AV29) -> 480 | CE29: =ROUND(BY29*$O29/1000,2) -> 0 | CF29: =ROUND(BZ29*$O29/1000,2) -> 0 | CG29: =ROUND(CA29*$O29/1000,2) -> 49.15 | CH29: =ROUND(CB29*$O29/1000,2) -> 28.08 | CI29: =SUM(CE29:CH29) -> 77.23 | CK29: =IFERROR(ROUND(BY29*$P29,2),"") -> 0 | CL29: =IFERROR(ROUND(BZ29*$P29,2),"") -> 0 | CM29: =IFERROR(ROUND(CA29*$P29,2),"") -> 716367.64 | CN29: =IFERROR(ROUND(CB29*$P29,2),"") -> 409352.94 | CO29: =SUM(CK29:CN29) -> 1125720.6 | CP29: =VLOOKUP(G29,[2]Sheet1!$C$3:$G$310,5,0) -> 2800 | CQ29: =VLOOKUP(G29,[3]KCBB0101!$C$3:$F$691,4,0) -> #N/A
B30: =_xlfn.XLOOKUP(G30,销售需求表!A:A,销售需求表!C:C) -> 北美 | C30: =IFERROR(MID(F30,FIND("R",F30)+1,4),"") -> 22.5 | D30: =B30&C30&"寸" -> 北美22.5寸 | E30: =LEFT(REPLACE(G30,1,2,""),FIND("[",REPLACE(G30,1,2,""))-1)&"-"&MID(REPLACE(G30,1,2,""),FIND("[",REPLACE(G30,1,2,""))+1,FIND("]",REPLACE(G30,1,2,""))-FIND("[",REPLACE(G30,1,2,""))-1) -> 11R22.5-16PR(148/145L)-I-31M | F30: =IFERROR(MID(G30,3,FIND("(",G30)-3)&"-"&SUBSTITUTE(MID(G30,FIND("[",G30)+1,FIND("]",G30)-FIND("[",G30)-1),"Strong Guard ",""),"") -> 11R22.5-16PR-I-31M | G30: ID11R22.5-16PR(148/145L)[I-31M]IRONMAN无内 | H30: 1000 | J30: =IFERROR(LEFT(F30,FIND("-",F30))&MID(F30,FIND("PR",F30,FIND("-",F30))+3,LEN(F30)),F30) -> 11R22.5-I-31M | K30: =_xlfn.XLOOKUP(F30,投产规格!E:E,投产规格!D:D,"未投产") -> ✔ | L30: =IFERROR(_xlfn.XLOOKUP(F30,硫化工艺!B:B,硫化工艺!C:C),"") -> 42.7 | M30: =IF(L30="","",L30/(L30+$L$1/60)) -> 0.87980769 | N30: =C30&"全钢" -> 22.5全钢 | O30: =IFERROR(_xlfn.XLOOKUP(F30,轮胎重量!J:J,轮胎重量!G:G),"") -> 56.761 | P30: =IFERROR(_xlfn.XLOOKUP(G30,硫化工艺!I:I,硫化工艺!J:J),"") -> 822.7704 | Q30: =IFERROR(ROUND(1440/L30*(I30)*M30,0),"") -> 0 | AF30: 60 | AG30: 60 | AH30: 60 | AI30: 60 | AJ30: 60 | AK30: 60 | AL30: 60 | AM30: 60 | AN30: 60 | AO30: 60 | AP30: 60 | AQ30: 60 | AR30: 60 | AS30: 60 | AT30: 60 | AU30: 60 | AV30: 60 | AW30: =IF(SUM(R30:AV30)=0,"",SUM(R30:AV30)) -> 1020 | AX30: =IFERROR(AW30*O30/1000,"") -> 57.89622 | AY30: =IFERROR(ROUND(AW30*P30/10000,3),"") -> 83.923 | BE30: =AZ30*AW30 -> 0 | BF30: =BA30*AW30 -> 0 | BG30: =BB30*AW30 -> 0 | BH30: =BC30*AW30 -> 0 | BJ30: {=_xlfn.LET(_xlpm.data,$R30:$AV30,_xlpm.starts,{1,8,16,23},_xlpm.lengths,{7,7,8,9},_xlpm.arr,_xlfn.MAP(_xlpm.starts,_xlpm.lengths,_xlfn.LAMBDA(_xlpm.s,_xlpm.l,SUM(INDEX(_xlpm.data,,_xlfn.SEQUENCE(,_xlpm.l,_xlpm.s))))),ROUND(_xlpm.arr*$O30/1000,2))} -> 0 | BK30: 0 | BL30: 27.25 | BM30: 30.65 | BN30: =SUM(BJ30:BM30) -> 57.9 | BO30: 0 | BP30: 0 | BQ30: 0 | BR30: 0 | BT30: {=_xlfn.HSTACK(SUM(INDEX($R30:$AV30,1,1):INDEX($R30:$AV30,1,7)),SUM(INDEX($R30:$AV30,1,7):INDEX($R30:$AV30,1,13)),SUM(INDEX($R30:$AV30,1,16):INDEX($R30:$AV30,1,23)),SUM(INDEX($R30:$AV30,1,23):INDEX($R30:$AV30,1,31)))} -> 0 | BU30: 0 | BV30: 480 | BW30: 540 | BY30: =SUM(R30:X30) -> 0 | BZ30: =SUM(Y30:AE30) -> 0 | CA30: =SUM(AF30:AM30) -> 480 | CB30: =SUM(AN30:AV30) -> 540 | CE30: =ROUND(BY30*$O30/1000,2) -> 0 | CF30: =ROUND(BZ30*$O30/1000,2) -> 0 | CG30: =ROUND(CA30*$O30/1000,2) -> 27.25 | CH30: =ROUND(CB30*$O30/1000,2) -> 30.65 | CI30: =SUM(CE30:CH30) -> 57.9 | CK30: =IFERROR(ROUND(BY30*$P30,2),"") -> 0 | CL30: =IFERROR(ROUND(BZ30*$P30,2),"") -> 0 | CM30: =IFERROR(ROUND(CA30*$P30,2),"") -> 394929.79 | CN30: =IFERROR(ROUND(CB30*$P30,2),"") -> 444296.02 | CO30: =SUM(CK30:CN30) -> 839225.81 | CP30: =VLOOKUP(G30,[2]Sheet1!$C$3:$G$310,5,0) -> 13900 | CQ30: =VLOOKUP(G30,[3]KCBB0101!$C$3:$F$691,4,0) -> #N/A
B31: =_xlfn.XLOOKUP(G31,销售需求表!A:A,销售需求表!C:C) -> 北美 | C31: =IFERROR(MID(F31,FIND("R",F31)+1,4),"") -> 22.5 | D31: =B31&C31&"寸" -> 北美22.5寸 | E31: =LEFT(REPLACE(G31,1,2,""),FIND("[",REPLACE(G31,1,2,""))-1)&"-"&MID(REPLACE(G31,1,2,""),FIND("[",REPLACE(G31,1,2,""))+1,FIND("]",REPLACE(G31,1,2,""))-FIND("[",REPLACE(G31,1,2,""))-1) -> 11R22.5-16PR(148/145L)-I-37D | F31: =IFERROR(MID(G31,3,FIND("(",G31)-3)&"-"&SUBSTITUTE(MID(G31,FIND("[",G31)+1,FIND("]",G31)-FIND("[",G31)-1),"Strong Guard ",""),"") -> 11R22.5-16PR-I-37D | G31: ID11R22.5-16PR(148/145L)[I-37D]IRONMAN无内 | H31: 1500 | I31: 2 | J31: =IFERROR(LEFT(F31,FIND("-",F31))&MID(F31,FIND("PR",F31,FIND("-",F31))+3,LEN(F31)),F31) -> 11R22.5-I-37D | K31: =_xlfn.XLOOKUP(F31,投产规格!E:E,投产规格!D:D,"未投产") -> ✔ | L31: =IFERROR(_xlfn.XLOOKUP(F31,硫化工艺!B:B,硫化工艺!C:C),"") -> 41.5 | M31: =IF(L31="","",L31/(L31+$L$1/60)) -> 0.87676056 | N31: =C31&"全钢" -> 22.5全钢 | O31: =IFERROR(_xlfn.XLOOKUP(F31,轮胎重量!J:J,轮胎重量!G:G),"") -> 56.877 | P31: =IFERROR(_xlfn.XLOOKUP(G31,硫化工艺!I:I,硫化工艺!J:J),"") -> 833.2023 | Q31: =IFERROR(ROUND(1440/L31*(I31)*M31,0),"") -> 61 | R31: 60 | S31: 60 | T31: 60 | U31: 60 | V31: 60 | W31: 60 | X31: 60 | Y31: 60 | Z31: 60 | AA31: 60 | AB31: 60 | AC31: 60 | AD31: 60 | AE31: 60 | AF31: 60 | AG31: 60 | AH31: 60 | AI31: 60 | AJ31: 60 | AK31: 60 | AL31: 60 | AM31: 60 | AN31: 60 | AW31: =IF(SUM(R31:AV31)=0,"",SUM(R31:AV31)) -> 1380 | AX31: =IFERROR(AW31*O31/1000,"") -> 78.49026 | AY31: =IFERROR(ROUND(AW31*P31/10000,3),"") -> 114.982 | BE31: =AZ31*AW31 -> 0 | BF31: =BA31*AW31 -> 0 | BG31: =BB31*AW31 -> 0 | BH31: =BC31*AW31 -> 0 | BJ31: {=_xlfn.LET(_xlpm.data,$R31:$AV31,_xlpm.starts,{1,8,16,23},_xlpm.lengths,{7,7,8,9},_xlpm.arr,_xlfn.MAP(_xlpm.starts,_xlpm.lengths,_xlfn.LAMBDA(_xlpm.s,_xlpm.l,SUM(INDEX(_xlpm.data,,_xlfn.SEQUENCE(,_xlpm.l,_xlpm.s))))),ROUND(_xlpm.arr*$O31/1000,2))} -> 23.89 | BK31: 23.89 | BL31: 27.3 | BM31: 3.41 | BN31: =SUM(BJ31:BM31) -> 78.49 | BO31: 0 | BP31: 0 | BQ31: 0 | BR31: 0 | BT31: {=_xlfn.HSTACK(SUM(INDEX($R31:$AV31,1,1):INDEX($R31:$AV31,1,7)),SUM(INDEX($R31:$AV31,1,7):INDEX($R31:$AV31,1,13)),SUM(INDEX($R31:$AV31,1,16):INDEX($R31:$AV31,1,23)),SUM(INDEX($R31:$AV31,1,23):INDEX($R31:$AV31,1,31)))} -> 420 | BU31: 420 | BV31: 480 | BW31: 60 | BY31: =SUM(R31:X31) -> 420 | BZ31: =SUM(Y31:AE31) -> 420 | CA31: =SUM(AF31:AM31) -> 480 | CB31: =SUM(AN31:AV31) -> 60 | CE31: =ROUND(BY31*$O31/1000,2) -> 23.89 | CF31: =ROUND(BZ31*$O31/1000,2) -> 23.89 | CG31: =ROUND(CA31*$O31/1000,2) -> 27.3 | CH31: =ROUND(CB31*$O31/1000,2) -> 3.41 | CI31: =SUM(CE31:CH31) -> 78.49 | CK31: =IFERROR(ROUND(BY31*$P31,2),"") -> 349944.97 | CL31: =IFERROR(ROUND(BZ31*$P31,2),"") -> 349944.97 | CM31: =IFERROR(ROUND(CA31*$P31,2),"") -> 399937.1 | CN31: =IFERROR(ROUND(CB31*$P31,2),"") -> 49992.14 | CO31: =SUM(CK31:CN31) -> 1149819.2 | CP31: =VLOOKUP(G31,[2]Sheet1!$C$3:$G$310,5,0) -> 8500 | CQ31: =VLOOKUP(G31,[3]KCBB0101!$C$3:$F$691,4,0) -> #N/A
B32: =_xlfn.XLOOKUP(G32,销售需求表!A:A,销售需求表!C:C) -> 北美 | C32: =IFERROR(MID(F32,FIND("R",F32)+1,4),"") -> 22.5 | D32: =B32&C32&"寸" -> 北美22.5寸 | E32: =LEFT(REPLACE(G32,1,2,""),FIND("[",REPLACE(G32,1,2,""))-1)&"-"&MID(REPLACE(G32,1,2,""),FIND("[",REPLACE(G32,1,2,""))+1,FIND("]",REPLACE(G32,1,2,""))-FIND("[",REPLACE(G32,1,2,""))-1) -> 11R22.5-16PR(148/145L)-I-52A | F32: =IFERROR(MID(G32,3,FIND("(",G32)-3)&"-"&SUBSTITUTE(MID(G32,FIND("[",G32)+1,FIND("]",G32)-FIND("[",G32)-1),"Strong Guard ",""),"") -> 11R22.5-16PR-I-52A | G32: ID11R22.5-16PR(148/145L)[I-52A]IRONMAN无内 SMARTWAY | H32: 450 | I32: 2 | J32: =IFERROR(LEFT(F32,FIND("-",F32))&MID(F32,FIND("PR",F32,FIND("-",F32))+3,LEN(F32)),F32) -> 11R22.5-I-52A | K32: =_xlfn.XLOOKUP(F32,投产规格!E:E,投产规格!D:D,"未投产") -> ✔ | L32: =IFERROR(_xlfn.XLOOKUP(F32,硫化工艺!B:B,硫化工艺!C:C),"") -> 43 | M32: =IF(L32="","",L32/(L32+$L$1/60)) -> 0.88054608 | N32: =C32&"全钢" -> 22.5全钢 | O32: =IFERROR(_xlfn.XLOOKUP(F32,轮胎重量!J:J,轮胎重量!G:G),"") -> 56.433 | P32: =IFERROR(_xlfn.XLOOKUP(G32,硫化工艺!I:I,硫化工艺!J:J),"") -> 830.7152 | Q32: =IFERROR(ROUND(1440/L32*(I32)*M32,0),"") -> 59 | AA32: 60 | AB32: 60 | AC32: 60 | AD32: 60 | AE32: 60 | AF32: 60 | AG32: 60 | AH32: 60 | AI32: 60 | AW32: =IF(SUM(R32:AV32)=0,"",SUM(R32:AV32)) -> 540 | AX32: =IFERROR(AW32*O32/1000,"") -> 30.47382 | AY32: =IFERROR(ROUND(AW32*P32/10000,3),"") -> 44.859 | BE32: =AZ32*AW32 -> 0 | BF32: =BA32*AW32 -> 0 | BG32: =BB32*AW32 -> 0 | BH32: =BC32*AW32 -> 0 | BJ32: {=_xlfn.LET(_xlpm.data,$R32:$AV32,_xlpm.starts,{1,8,16,23},_xlpm.lengths,{7,7,8,9},_xlpm.arr,_xlfn.MAP(_xlpm.starts,_xlpm.lengths,_xlfn.LAMBDA(_xlpm.s,_xlpm.l,SUM(INDEX(_xlpm.data,,_xlfn.SEQUENCE(,_xlpm.l,_xlpm.s))))),ROUND(_xlpm.arr*$O32/1000,2))} -> 0 | BK32: 16.93 | BL32: 10.16 | BM32: 0 | BN32: =SUM(BJ32:BM32) -> 27.09 | BO32: 0 | BP32: 0 | BQ32: 0 | BR32: 0 | BT32: {=_xlfn.HSTACK(SUM(INDEX($R32:$AV32,1,1):INDEX($R32:$AV32,1,7)),SUM(INDEX($R32:$AV32,1,7):INDEX($R32:$AV32,1,13)),SUM(INDEX($R32:$AV32,1,16):INDEX($R32:$AV32,1,23)),SUM(INDEX($R32:$AV32,1,23):INDEX($R32:$AV32,1,31)))} -> 0 | BU32: 240 | BV32: 180 | BW32: 0 | BY32: =SUM(R32:X32) -> 0 | BZ32: =SUM(Y32:AE32) -> 300 | CA32: =SUM(AF32:AM32) -> 240 | CB32: =SUM(AN32:AV32) -> 0 | CE32: =ROUND(BY32*$O32/1000,2) -> 0 | CF32: =ROUND(BZ32*$O32/1000,2) -> 16.93 | CG32: =ROUND(CA32*$O32/1000,2) -> 13.54 | CH32: =ROUND(CB32*$O32/1000,2) -> 0 | CI32: =SUM(CE32:CH32) -> 30.47 | CK32: =IFERROR(ROUND(BY32*$P32,2),"") -> 0 | CL32: =IFERROR(ROUND(BZ32*$P32,2),"") -> 249214.56 | CM32: =IFERROR(ROUND(CA32*$P32,2),"") -> 199371.65 | CN32: =IFERROR(ROUND(CB32*$P32,2),"") -> 0 | CO32: =SUM(CK32:CN32) -> 448586.21 | CP32: =VLOOKUP(G32,[2]Sheet1!$C$3:$G$310,5,0) -> 12462 | CQ32: =VLOOKUP(G32,[3]KCBB0101!$C$3:$F$691,4,0) -> #N/A
B33: =_xlfn.XLOOKUP(G33,销售需求表!A:A,销售需求表!C:C) -> 北美 | C33: =IFERROR(MID(F33,FIND("R",F33)+1,4),"") -> 22.5 | D33: =B33&C33&"寸" -> 北美22.5寸 | E33: =LEFT(REPLACE(G33,1,2,""),FIND("[",REPLACE(G33,1,2,""))-1)&"-"&MID(REPLACE(G33,1,2,""),FIND("[",REPLACE(G33,1,2,""))+1,FIND("]",REPLACE(G33,1,2,""))-FIND("[",REPLACE(G33,1,2,""))-1) -> 11R22.5-16PR(148/145L)-M-TRAC AP | F33: =IFERROR(MID(G33,3,FIND("(",G33)-3)&"-"&SUBSTITUTE(MID(G33,FIND("[",G33)+1,FIND("]",G33)-FIND("[",G33)-1),"Strong Guard ",""),"") -> 11R22.5-16PR-M-TRAC AP | G33: ID11R22.5-16PR(148/145L)[M-TRAC AP]MASTERTRACK无内 | H33: 2000 | J33: =IFERROR(LEFT(F33,FIND("-",F33))&MID(F33,FIND("PR",F33,FIND("-",F33))+3,LEN(F33)),F33) -> 11R22.5-M-TRAC AP | K33: =_xlfn.XLOOKUP(F33,投产规格!E:E,投产规格!D:D,"未投产") -> ✔ | L33: =IFERROR(_xlfn.XLOOKUP(F33,硫化工艺!B:B,硫化工艺!C:C),"") -> 37.5 | M33: =IF(L33="","",L33/(L33+$L$1/60)) -> 0.86538462 | N33: =C33&"全钢" -> 22.5全钢 | O33: =IFERROR(_xlfn.XLOOKUP(F33,轮胎重量!J:J,轮胎重量!G:G),"") -> 52.059 | P33: =IFERROR(_xlfn.XLOOKUP(G33,硫化工艺!I:I,硫化工艺!J:J),"") -> 746.39965 | Q33: =IFERROR(ROUND(1440/L33*(I33)*M33,0),"") -> 0 | AG33: 130 | AH33: 130 | AI33: 130 | AJ33: 130 | AK33: 130 | AL33: 130 | AM33: 130 | AN33: 130 | AW33: =IF(SUM(R33:AV33)=0,"",SUM(R33:AV33)) -> 1040 | AX33: =IFERROR(AW33*O33/1000,"") -> 54.14136 | AY33: =IFERROR(ROUND(AW33*P33/10000,3),"") -> 77.626 | BE33: =AZ33*AW33 -> 0 | BF33: =BA33*AW33 -> 0 | BG33: =BB33*AW33 -> 0 | BH33: =BC33*AW33 -> 0 | BJ33: {=_xlfn.LET(_xlpm.data,$R33:$AV33,_xlpm.starts,{1,8,16,23},_xlpm.lengths,{7,7,8,9},_xlpm.arr,_xlfn.MAP(_xlpm.starts,_xlpm.lengths,_xlfn.LAMBDA(_xlpm.s,_xlpm.l,SUM(INDEX(_xlpm.data,,_xlfn.SEQUENCE(,_xlpm.l,_xlpm.s))))),ROUND(_xlpm.arr*$O33/1000,2))} -> 0 | BK33: 0 | BL33: 54.14 | BM33: 6.77 | BN33: =SUM(BJ33:BM33) -> 60.91 | BO33: 0 | BP33: 0 | BQ33: 0 | BR33: 0 | BT33: {=_xlfn.HSTACK(SUM(INDEX($R33:$AV33,1,1):INDEX($R33:$AV33,1,7)),SUM(INDEX($R33:$AV33,1,7):INDEX($R33:$AV33,1,13)),SUM(INDEX($R33:$AV33,1,16):INDEX($R33:$AV33,1,23)),SUM(INDEX($R33:$AV33,1,23):INDEX($R33:$AV33,1,31)))} -> 0 | BU33: 0 | BV33: 1040 | BW33: 130 | BY33: =SUM(R33:X33) -> 0 | BZ33: =SUM(Y33:AE33) -> 0 | CA33: =SUM(AF33:AM33) -> 910 | CB33: =SUM(AN33:AV33) -> 130 | CE33: =ROUND(BY33*$O33/1000,2) -> 0 | CF33: =ROUND(BZ33*$O33/1000,2) -> 0 | CG33: =ROUND(CA33*$O33/1000,2) -> 47.37 | CH33: =ROUND(CB33*$O33/1000,2) -> 6.77 | CI33: =SUM(CE33:CH33) -> 54.14 | CK33: =IFERROR(ROUND(BY33*$P33,2),"") -> 0 | CL33: =IFERROR(ROUND(BZ33*$P33,2),"") -> 0 | CM33: =IFERROR(ROUND(CA33*$P33,2),"") -> 679223.69 | CN33: =IFERROR(ROUND(CB33*$P33,2),"") -> 97031.96 | CO33: =SUM(CK33:CN33) -> 776255.65 | CP33: =VLOOKUP(G33,[2]Sheet1!$C$3:$G$310,5,0) -> #N/A | CQ33: =VLOOKUP(G33,[3]KCBB0101!$C$3:$F$691,4,0) -> 12240
B34: =_xlfn.XLOOKUP(G34,销售需求表!A:A,销售需求表!C:C) -> 北美 | C34: =IFERROR(MID(F34,FIND("R",F34)+1,4),"") -> 22.5 | D34: =B34&C34&"寸" -> 北美22.5寸 | E34: =LEFT(REPLACE(G34,1,2,""),FIND("[",REPLACE(G34,1,2,""))-1)&"-"&MID(REPLACE(G34,1,2,""),FIND("[",REPLACE(G34,1,2,""))+1,FIND("]",REPLACE(G34,1,2,""))-FIND("[",REPLACE(G34,1,2,""))-1) -> 11R22.5-16PR(148/145L)-M-TRAC CSD | F34: =IFERROR(MID(G34,3,FIND("(",G34)-3)&"-"&SUBSTITUTE(MID(G34,FIND("[",G34)+1,FIND("]",G34)-FIND("[",G34)-1),"Strong Guard ",""),"") -> 11R22.5-16PR-M-TRAC CSD | G34: ID11R22.5-16PR(148/145L)[M-TRAC CSD]MASTERTRACK无内 | H34: 1200 | J34: =IFERROR(LEFT(F34,FIND("-",F34))&MID(F34,FIND("PR",F34,FIND("-",F34))+3,LEN(F34)),F34) -> 11R22.5-M-TRAC CSD | K34: =_xlfn.XLOOKUP(F34,投产规格!E:E,投产规格!D:D,"未投产") -> ✔ | L34: =IFERROR(_xlfn.XLOOKUP(F34,硫化工艺!B:B,硫化工艺!C:C),"") -> 38.5 | M34: =IF(L34="","",L34/(L34+$L$1/60)) -> 0.86842105 | N34: =C34&"全钢" -> 22.5全钢 | O34: =IFERROR(_xlfn.XLOOKUP(F34,轮胎重量!J:J,轮胎重量!G:G),"") -> 55.842 | P34: =IFERROR(_xlfn.XLOOKUP(G34,硫化工艺!I:I,硫化工艺!J:J),"") -> 792.18133 | Q34: =IFERROR(ROUND(1440/L34*(I34)*M34,0),"") -> 0 | AO34: 130 | AP34: 130 | AQ34: 130 | AR34: 130 | AS34: 130 | AT34: 130 | AU34: 130 | AV34: 130 | AW34: =IF(SUM(R34:AV34)=0,"",SUM(R34:AV34)) -> 1040 | AX34: =IFERROR(AW34*O34/1000,"") -> 58.07568 | AY34: =IFERROR(ROUND(AW34*P34/10000,3),"") -> 82.387 | BE34: =AZ34*AW34 -> 0 | BF34: =BA34*AW34 -> 0 | BG34: =BB34*AW34 -> 0 | BH34: =BC34*AW34 -> 0 | BJ34: {=_xlfn.LET(_xlpm.data,$R34:$AV34,_xlpm.starts,{1,8,16,23},_xlpm.lengths,{7,7,8,9},_xlpm.arr,_xlfn.MAP(_xlpm.starts,_xlpm.lengths,_xlfn.LAMBDA(_xlpm.s,_xlpm.l,SUM(INDEX(_xlpm.data,,_xlfn.SEQUENCE(,_xlpm.l,_xlpm.s))))),ROUND(_xlpm.arr*$O34/1000,2))} -> 0 | BK34: 0 | BL34: 0 | BM34: 58.08 | BN34: =SUM(BJ34:BM34) -> 58.08 | BO34: 0 | BP34: 0 | BQ34: 0 | BR34: 0 | BT34: {=_xlfn.HSTACK(SUM(INDEX($R34:$AV34,1,1):INDEX($R34:$AV34,1,7)),SUM(INDEX($R34:$AV34,1,7):INDEX($R34:$AV34,1,13)),SUM(INDEX($R34:$AV34,1,16):INDEX($R34:$AV34,1,23)),SUM(INDEX($R34:$AV34,1,23):INDEX($R34:$AV34,1,31)))} -> 0 | BU34: 0 | BV34: 0 | BW34: 1040 | BY34: =SUM(R34:X34) -> 0 | BZ34: =SUM(Y34:AE34) -> 0 | CA34: =SUM(AF34:AM34) -> 0 | CB34: =SUM(AN34:AV34) -> 1040 | CE34: =ROUND(BY34*$O34/1000,2) -> 0 | CF34: =ROUND(BZ34*$O34/1000,2) -> 0 | CG34: =ROUND(CA34*$O34/1000,2) -> 0 | CH34: =ROUND(CB34*$O34/1000,2) -> 58.08 | CI34: =SUM(CE34:CH34) -> 58.08 | CK34: =IFERROR(ROUND(BY34*$P34,2),"") -> 0 | CL34: =IFERROR(ROUND(BZ34*$P34,2),"") -> 0 | CM34: =IFERROR(ROUND(CA34*$P34,2),"") -> 0 | CN34: =IFERROR(ROUND(CB34*$P34,2),"") -> 823868.59 | CO34: =SUM(CK34:CN34) -> 823868.59 | CP34: =VLOOKUP(G34,[2]Sheet1!$C$3:$G$310,5,0) -> #N/A | CQ34: =VLOOKUP(G34,[3]KCBB0101!$C$3:$F$691,4,0) -> 11167
B35: =_xlfn.XLOOKUP(G35,销售需求表!A:A,销售需求表!C:C) -> 北美 | C35: =IFERROR(MID(F35,FIND("R",F35)+1,4),"") -> 22.5 | D35: =B35&C35&"寸" -> 北美22.5寸 | E35: =LEFT(REPLACE(G35,1,2,""),FIND("[",REPLACE(G35,1,2,""))-1)&"-"&MID(REPLACE(G35,1,2,""),FIND("[",REPLACE(G35,1,2,""))+1,FIND("]",REPLACE(G35,1,2,""))-FIND("[",REPLACE(G35,1,2,""))-1) -> 11R22.5-16PR(148/145L)-ZM41 | F35: =IFERROR(MID(G35,3,FIND("(",G35)-3)&"-"&SUBSTITUTE(MID(G35,FIND("[",G35)+1,FIND("]",G35)-FIND("[",G35)-1),"Strong Guard ",""),"") -> 11R22.5-16PR-ZM41 | G35: ID11R22.5-16PR(148/145L)[ZM41]威狮无内 | H35: 300 | J35: =IFERROR(LEFT(F35,FIND("-",F35))&MID(F35,FIND("PR",F35,FIND("-",F35))+3,LEN(F35)),F35) -> 11R22.5-ZM41 | K35: =_xlfn.XLOOKUP(F35,投产规格!E:E,投产规格!D:D,"未投产") -> ✔ | L35: =IFERROR(_xlfn.XLOOKUP(F35,硫化工艺!B:B,硫化工艺!C:C),"") -> 44 | M35: =IF(L35="","",L35/(L35+$L$1/60)) -> 0.88294314 | N35: =C35&"全钢" -> 22.5全钢 | O35: =IFERROR(_xlfn.XLOOKUP(F35,轮胎重量!J:J,轮胎重量!G:G),"") -> 58.212 | P35: =IFERROR(_xlfn.XLOOKUP(G35,硫化工艺!I:I,硫化工艺!J:J),"") -> 844.47282 | Q35: =IFERROR(ROUND(1440/L35*(I35)*M35,0),"") -> 0 | AW35: =IF(SUM(R35:AV35)=0,"",SUM(R35:AV35)) | AX35: =IFERROR(AW35*O35/1000,"") | AY35: =IFERROR(ROUND(AW35*P35/10000,3),"") | BE35: =AZ35*AW35 -> #VALUE! | BF35: =BA35*AW35 -> #VALUE! | BG35: =BB35*AW35 -> #VALUE! | BH35: =BC35*AW35 -> #VALUE! | BJ35: {=_xlfn.LET(_xlpm.data,$R35:$AV35,_xlpm.starts,{1,8,16,23},_xlpm.lengths,{7,7,8,9},_xlpm.arr,_xlfn.MAP(_xlpm.starts,_xlpm.lengths,_xlfn.LAMBDA(_xlpm.s,_xlpm.l,SUM(INDEX(_xlpm.data,,_xlfn.SEQUENCE(,_xlpm.l,_xlpm.s))))),ROUND(_xlpm.arr*$O35/1000,2))} -> 0 | BK35: 0 | BL35: 0 | BM35: 0 | BN35: =SUM(BJ35:BM35) -> 0 | BO35: 0 | BP35: 0 | BQ35: 0 | BR35: 0 | BT35: {=_xlfn.HSTACK(SUM(INDEX($R35:$AV35,1,1):INDEX($R35:$AV35,1,7)),SUM(INDEX($R35:$AV35,1,7):INDEX($R35:$AV35,1,13)),SUM(INDEX($R35:$AV35,1,16):INDEX($R35:$AV35,1,23)),SUM(INDEX($R35:$AV35,1,23):INDEX($R35:$AV35,1,31)))} -> 0 | BU35: 0 | BV35: 0 | BW35: 0 | BY35: =SUM(R35:X35) -> 0 | BZ35: =SUM(Y35:AE35) -> 0 | CA35: =SUM(AF35:AM35) -> 0 | CB35: =SUM(AN35:AV35) -> 0 | CE35: =ROUND(BY35*$O35/1000,2) -> 0 | CF35: =ROUND(BZ35*$O35/1000,2) -> 0 | CG35: =ROUND(CA35*$O35/1000,2) -> 0 | CH35: =ROUND(CB35*$O35/1000,2) -> 0 | CI35: =SUM(CE35:CH35) -> 0 | CK35: =IFERROR(ROUND(BY35*$P35,2),"") -> 0 | CL35: =IFERROR(ROUND(BZ35*$P35,2),"") -> 0 | CM35: =IFERROR(ROUND(CA35*$P35,2),"") -> 0 | CN35: =IFERROR(ROUND(CB35*$P35,2),"") -> 0 | CO35: =SUM(CK35:CN35) -> 0
B36: =_xlfn.XLOOKUP(G36,销售需求表!A:A,销售需求表!C:C) -> 北美 | C36: =IFERROR(MID(F36,FIND("R",F36)+1,4),"") -> 22.5 | D36: =B36&C36&"寸" -> 北美22.5寸 | E36: =LEFT(REPLACE(G36,1,2,""),FIND("[",REPLACE(G36,1,2,""))-1)&"-"&MID(REPLACE(G36,1,2,""),FIND("[",REPLACE(G36,1,2,""))+1,FIND("]",REPLACE(G36,1,2,""))-FIND("[",REPLACE(G36,1,2,""))-1) -> 11R22.5-16PR(148/145M)-I-19A | F36: =IFERROR(MID(G36,3,FIND("(",G36)-3)&"-"&SUBSTITUTE(MID(G36,FIND("[",G36)+1,FIND("]",G36)-FIND("[",G36)-1),"Strong Guard ",""),"") -> 11R22.5-16PR-I-19A | G36: ID11R22.5-16PR(148/145M)[I-19A]IRONMAN无内 SMARTWAY | H36: 2500 | J36: =IFERROR(LEFT(F36,FIND("-",F36))&MID(F36,FIND("PR",F36,FIND("-",F36))+3,LEN(F36)),F36) -> 11R22.5-I-19A | K36: =_xlfn.XLOOKUP(F36,投产规格!E:E,投产规格!D:D,"未投产") -> ✔ | L36: =IFERROR(_xlfn.XLOOKUP(F36,硫化工艺!B:B,硫化工艺!C:C),"") -> 37 | M36: =IF(L36="","",L36/(L36+$L$1/60)) -> 0.86381323 | N36: =C36&"全钢" -> 22.5全钢 | O36: =IFERROR(_xlfn.XLOOKUP(F36,轮胎重量!J:J,轮胎重量!G:G),"") -> 52.44 | P36: =IFERROR(_xlfn.XLOOKUP(G36,硫化工艺!I:I,硫化工艺!J:J),"") -> 767.7999 | Q36: =IFERROR(ROUND(1440/L36*(I36)*M36,0),"") -> 0 | AG36: 60 | AH36: 60 | AI36: 60 | AJ36: 60 | AK36: 60 | AL36: 60 | AM36: 60 | AN36: 60 | AO36: 120 | AP36: 120 | AQ36: 120 | AR36: 120 | AS36: 120 | AT36: 120 | AU36: 120 | AV36: 120 | AW36: =IF(SUM(R36:AV36)=0,"",SUM(R36:AV36)) -> 1440 | AX36: =IFERROR(AW36*O36/1000,"") -> 75.5136 | AY36: =IFERROR(ROUND(AW36*P36/10000,3),"") -> 110.563 | BE36: =AZ36*AW36 -> 0 | BF36: =BA36*AW36 -> 0 | BG36: =BB36*AW36 -> 0 | BH36: =BC36*AW36 -> 0 | BJ36: {=_xlfn.LET(_xlpm.data,$R36:$AV36,_xlpm.starts,{1,8,16,23},_xlpm.lengths,{7,7,8,9},_xlpm.arr,_xlfn.MAP(_xlpm.starts,_xlpm.lengths,_xlfn.LAMBDA(_xlpm.s,_xlpm.l,SUM(INDEX(_xlpm.data,,_xlfn.SEQUENCE(,_xlpm.l,_xlpm.s))))),ROUND(_xlpm.arr*$O36/1000,2))} -> 0 | BK36: 0 | BL36: 25.17 | BM36: 53.49 | BN36: =SUM(BJ36:BM36) -> 78.66 | BO36: 0 | BP36: 0 | BQ36: 0 | BR36: 0 | BT36: {=_xlfn.HSTACK(SUM(INDEX($R36:$AV36,1,1):INDEX($R36:$AV36,1,7)),SUM(INDEX($R36:$AV36,1,7):INDEX($R36:$AV36,1,13)),SUM(INDEX($R36:$AV36,1,16):INDEX($R36:$AV36,1,23)),SUM(INDEX($R36:$AV36,1,23):INDEX($R36:$AV36,1,31)))} -> 0 | BU36: 0 | BV36: 480 | BW36: 1020 | BY36: =SUM(R36:X36) -> 0 | BZ36: =SUM(Y36:AE36) -> 0 | CA36: =SUM(AF36:AM36) -> 420 | CB36: =SUM(AN36:AV36) -> 1020 | CE36: =ROUND(BY36*$O36/1000,2) -> 0 | CF36: =ROUND(BZ36*$O36/1000,2) -> 0 | CG36: =ROUND(CA36*$O36/1000,2) -> 22.02 | CH36: =ROUND(CB36*$O36/1000,2) -> 53.49 | CI36: =SUM(CE36:CH36) -> 75.51 | CK36: =IFERROR(ROUND(BY36*$P36,2),"") -> 0 | CL36: =IFERROR(ROUND(BZ36*$P36,2),"") -> 0 | CM36: =IFERROR(ROUND(CA36*$P36,2),"") -> 322475.96 | CN36: =IFERROR(ROUND(CB36*$P36,2),"") -> 783155.9 | CO36: =SUM(CK36:CN36) -> 1105631.9 | CP36: =VLOOKUP(G36,[2]Sheet1!$C$3:$G$310,5,0) -> 10500 | CQ36: =VLOOKUP(G36,[3]KCBB0101!$C$3:$F$691,4,0) -> #N/A
B37: =_xlfn.XLOOKUP(G37,销售需求表!A:A,销售需求表!C:C) -> 北美 | C37: =IFERROR(MID(F37,FIND("R",F37)+1,4),"") -> 22.5 | D37: =B37&C37&"寸" -> 北美22.5寸 | E37: =LEFT(REPLACE(G37,1,2,""),FIND("[",REPLACE(G37,1,2,""))-1)&"-"&MID(REPLACE(G37,1,2,""),FIND("[",REPLACE(G37,1,2,""))+1,FIND("]",REPLACE(G37,1,2,""))-FIND("[",REPLACE(G37,1,2,""))-1) -> 11R22.5-16PR(148/145M)-I-61S | F37: =IFERROR(MID(G37,3,FIND("(",G37)-3)&"-"&SUBSTITUTE(MID(G37,FIND("[",G37)+1,FIND("]",G37)-FIND("[",G37)-1),"Strong Guard ",""),"") -> 11R22.5-16PR-I-61S | G37: ID11R22.5-16PR(148/145M)[I-61S]IRONMAN无内 SMARTWAY | H37: 150 | J37: =IFERROR(LEFT(F37,FIND("-",F37))&MID(F37,FIND("PR",F37,FIND("-",F37))+3,LEN(F37)),F37) -> 11R22.5-I-61S | K37: =_xlfn.XLOOKUP(F37,投产规格!E:E,投产规格!D:D,"未投产") -> ✔ | L37: =IFERROR(_xlfn.XLOOKUP(F37,硫化工艺!B:B,硫化工艺!C:C),"") -> 37 | M37: =IF(L37="","",L37/(L37+$L$1/60)) -> 0.86381323 | N37: =C37&"全钢" -> 22.5全钢 | O37: =IFERROR(_xlfn.XLOOKUP(F37,轮胎重量!J:J,轮胎重量!G:G),"") -> 52.44 | P37: =IFERROR(_xlfn.XLOOKUP(G37,硫化工艺!I:I,硫化工艺!J:J),"") -> 766.4909 | Q37: =IFERROR(ROUND(1440/L37*(I37)*M37,0),"") -> 0 | AW37: =IF(SUM(R37:AV37)=0,"",SUM(R37:AV37)) | AX37: =IFERROR(AW37*O37/1000,"") | AY37: =IFERROR(ROUND(AW37*P37/10000,3),"") | BE37: =AZ37*AW37 -> #VALUE! | BF37: =BA37*AW37 -> #VALUE! | BG37: =BB37*AW37 -> #VALUE! | BH37: =BC37*AW37 -> #VALUE! | BJ37: {=_xlfn.LET(_xlpm.data,$R37:$AV37,_xlpm.starts,{1,8,16,23},_xlpm.lengths,{7,7,8,9},_xlpm.arr,_xlfn.MAP(_xlpm.starts,_xlpm.lengths,_xlfn.LAMBDA(_xlpm.s,_xlpm.l,SUM(INDEX(_xlpm.data,,_xlfn.SEQUENCE(,_xlpm.l,_xlpm.s))))),ROUND(_xlpm.arr*$O37/1000,2))} -> 0 | BK37: 0 | BL37: 0 | BM37: 0 | BN37: =SUM(BJ37:BM37) -> 0 | BO37: 0 | BP37: 0 | BQ37: 0 | BR37: 0 | BT37: {=_xlfn.HSTACK(SUM(INDEX($R37:$AV37,1,1):INDEX($R37:$AV37,1,7)),SUM(INDEX($R37:$AV37,1,7):INDEX($R37:$AV37,1,13)),SUM(INDEX($R37:$AV37,1,16):INDEX($R37:$AV37,1,23)),SUM(INDEX($R37:$AV37,1,23):INDEX($R37:$AV37,1,31)))} -> 0 | BU37: 0 | BV37: 0 | BW37: 0 | BY37: =SUM(R37:X37) -> 0 | BZ37: =SUM(Y37:AE37) -> 0 | CA37: =SUM(AF37:AM37) -> 0 | CB37: =SUM(AN37:AV37) -> 0 | CE37: =ROUND(BY37*$O37/1000,2) -> 0 | CF37: =ROUND(BZ37*$O37/1000,2) -> 0 | CG37: =ROUND(CA37*$O37/1000,2) -> 0 | CH37: =ROUND(CB37*$O37/1000,2) -> 0 | CI37: =SUM(CE37:CH37) -> 0 | CK37: =IFERROR(ROUND(BY37*$P37,2),"") -> 0 | CL37: =IFERROR(ROUND(BZ37*$P37,2),"") -> 0 | CM37: =IFERROR(ROUND(CA37*$P37,2),"") -> 0 | CN37: =IFERROR(ROUND(CB37*$P37,2),"") -> 0 | CO37: =SUM(CK37:CN37) -> 0
B38: =_xlfn.XLOOKUP(G38,销售需求表!A:A,销售需求表!C:C) -> 北美 | C38: =IFERROR(MID(F38,FIND("R",F38)+1,4),"") -> 22.5 | D38: =B38&C38&"寸" -> 北美22.5寸 | E38: =LEFT(REPLACE(G38,1,2,""),FIND("[",REPLACE(G38,1,2,""))-1)&"-"&MID(REPLACE(G38,1,2,""),FIND("[",REPLACE(G38,1,2,""))+1,FIND("]",REPLACE(G38,1,2,""))-FIND("[",REPLACE(G38,1,2,""))-1) -> 11R22.5-16PR(148/145M)-M-TRAC MST | F38: =IFERROR(MID(G38,3,FIND("(",G38)-3)&"-"&SUBSTITUTE(MID(G38,FIND("[",G38)+1,FIND("]",G38)-FIND("[",G38)-1),"Strong Guard ",""),"") -> 11R22.5-16PR-M-TRAC MST | G38: ID11R22.5-16PR(148/145M)[M-TRAC MST]MASTERTRACK无内 | H38: 200 | J38: =IFERROR(LEFT(F38,FIND("-",F38))&MID(F38,FIND("PR",F38,FIND("-",F38))+3,LEN(F38)),F38) -> 11R22.5-M-TRAC MST | K38: =_xlfn.XLOOKUP(F38,投产规格!E:E,投产规格!D:D,"未投产") -> 未投产 | L38: =IFERROR(_xlfn.XLOOKUP(F38,硫化工艺!B:B,硫化工艺!C:C),"") -> 36.5 | M38: =IF(L38="","",L38/(L38+$L$1/60)) -> 0.86220472 | N38: =C38&"全钢" -> 22.5全钢 | O38: =IFERROR(_xlfn.XLOOKUP(F38,轮胎重量!J:J,轮胎重量!G:G),"") -> 59.57 | P38: =O38*13.9 -> 828.023 | Q38: =IFERROR(ROUND(1440/L38*(I38)*M38,0),"") -> 0 | AW38: =IF(SUM(R38:AV38)=0,"",SUM(R38:AV38)) | AX38: =IFERROR(AW38*O38/1000,"") | AY38: =IFERROR(ROUND(AW38*P38/10000,3),"") | BE38: =AZ38*AW38 -> #VALUE! | BF38: =BA38*AW38 -> #VALUE! | BG38: =BB38*AW38 -> #VALUE! | BH38: =BC38*AW38 -> #VALUE! | BJ38: {=_xlfn.LET(_xlpm.data,$R38:$AV38,_xlpm.starts,{1,8,16,23},_xlpm.lengths,{7,7,8,9},_xlpm.arr,_xlfn.MAP(_xlpm.starts,_xlpm.lengths,_xlfn.LAMBDA(_xlpm.s,_xlpm.l,SUM(INDEX(_xlpm.data,,_xlfn.SEQUENCE(,_xlpm.l,_xlpm.s))))),ROUND(_xlpm.arr*$O38/1000,2))} -> 0 | BK38: 0 | BL38: 0 | BM38: 0 | BN38: =SUM(BJ38:BM38) -> 0 | BO38: 0 | BP38: 0 | BQ38: 0 | BR38: 0 | BT38: {=_xlfn.HSTACK(SUM(INDEX($R38:$AV38,1,1):INDEX($R38:$AV38,1,7)),SUM(INDEX($R38:$AV38,1,7):INDEX($R38:$AV38,1,13)),SUM(INDEX($R38:$AV38,1,16):INDEX($R38:$AV38,1,23)),SUM(INDEX($R38:$AV38,1,23):INDEX($R38:$AV38,1,31)))} -> 0 | BU38: 0 | BV38: 0 | BW38: 0 | BY38: =SUM(R38:X38) -> 0 | BZ38: =SUM(Y38:AE38) -> 0 | CA38: =SUM(AF38:AM38) -> 0 | CB38: =SUM(AN38:AV38) -> 0 | CE38: =ROUND(BY38*$O38/1000,2) -> 0 | CF38: =ROUND(BZ38*$O38/1000,2) -> 0 | CG38: =ROUND(CA38*$O38/1000,2) -> 0 | CH38: =ROUND(CB38*$O38/1000,2) -> 0 | CI38: =SUM(CE38:CH38) -> 0 | CK38: =IFERROR(ROUND(BY38*$P38,2),"") -> 0 | CL38: =IFERROR(ROUND(BZ38*$P38,2),"") -> 0 | CM38: =IFERROR(ROUND(CA38*$P38,2),"") -> 0 | CN38: =IFERROR(ROUND(CB38*$P38,2),"") -> 0 | CO38: =SUM(CK38:CN38) -> 0
B39: =_xlfn.XLOOKUP(G39,销售需求表!A:A,销售需求表!C:C) -> 亚 | C39: =IFERROR(MID(F39,FIND("R",F39)+1,4),"") -> 22.5 | D39: =B39&C39&"寸" -> 亚22.5寸 | E39: =LEFT(REPLACE(G39,1,2,""),FIND("[",REPLACE(G39,1,2,""))-1)&"-"&MID(REPLACE(G39,1,2,""),FIND("[",REPLACE(G39,1,2,""))+1,FIND("]",REPLACE(G39,1,2,""))-FIND("[",REPLACE(G39,1,2,""))-1) -> 11R22.5-18PR(149/146L)-AS858 | F39: =IFERROR(MID(G39,3,FIND("(",G39)-3)&"-"&SUBSTITUTE(MID(G39,FIND("[",G39)+1,FIND("]",G39)-FIND("[",G39)-1),"Strong Guard ",""),"") -> 11R22.5-18PR-AS858 | G39: ID11R22.5-18PR(149/146L)[AS858]雅度无内 | H39: 780 | J39: =IFERROR(LEFT(F39,FIND("-",F39))&MID(F39,FIND("PR",F39,FIND("-",F39))+3,LEN(F39)),F39) -> 11R22.5-AS858 | K39: =_xlfn.XLOOKUP(F39,投产规格!E:E,投产规格!D:D,"未投产") -> ✔ | L39: =IFERROR(_xlfn.XLOOKUP(F39,硫化工艺!B:B,硫化工艺!C:C),"") -> 41.5 | M39: =IF(L39="","",L39/(L39+$L$1/60)) -> 0.87676056 | N39: =C39&"全钢" -> 22.5全钢 | O39: =IFERROR(_xlfn.XLOOKUP(F39,轮胎重量!J:J,轮胎重量!G:G),"") -> 58.955 | P39: =IFERROR(_xlfn.XLOOKUP(G39,硫化工艺!I:I,硫化工艺!J:J),"") -> 850.44764 | Q39: =IFERROR(ROUND(1440/L39*(I39)*M39,0),"") -> 0 | AW39: =IF(SUM(R39:AV39)=0,"",SUM(R39:AV39)) | AX39: =IFERROR(AW39*O39/1000,"") | AY39: =IFERROR(ROUND(AW39*P39/10000,3),"") | AZ39: 459.15 | BA39: 29.49 | BB39: 50.29 | BC39: 52.01 | BE39: =AZ39*AW39 -> #VALUE! | BF39: =BA39*AW39 -> #VALUE! | BG39: =BB39*AW39 -> #VALUE! | BH39: =BC39*AW39 -> #VALUE! | BJ39: {=_xlfn.LET(_xlpm.data,$R39:$AV39,_xlpm.starts,{1,8,16,23},_xlpm.lengths,{7,7,8,9},_xlpm.arr,_xlfn.MAP(_xlpm.starts,_xlpm.lengths,_xlfn.LAMBDA(_xlpm.s,_xlpm.l,SUM(INDEX(_xlpm.data,,_xlfn.SEQUENCE(,_xlpm.l,_xlpm.s))))),ROUND(_xlpm.arr*$O39/1000,2))} -> 0 | BK39: 0 | BL39: 0 | BM39: 0 | BN39: =SUM(BJ39:BM39) -> 0 | BO39: 0 | BP39: 0 | BQ39: 0 | BR39: 0 | BT39: {=_xlfn.HSTACK(SUM(INDEX($R39:$AV39,1,1):INDEX($R39:$AV39,1,7)),SUM(INDEX($R39:$AV39,1,7):INDEX($R39:$AV39,1,13)),SUM(INDEX($R39:$AV39,1,16):INDEX($R39:$AV39,1,23)),SUM(INDEX($R39:$AV39,1,23):INDEX($R39:$AV39,1,31)))} -> 0 | BU39: 0 | BV39: 0 | BW39: 0 | BY39: =SUM(R39:X39) -> 0 | BZ39: =SUM(Y39:AE39) -> 0 | CA39: =SUM(AF39:AM39) -> 0 | CB39: =SUM(AN39:AV39) -> 0 | CE39: =ROUND(BY39*$O39/1000,2) -> 0 | CF39: =ROUND(BZ39*$O39/1000,2) -> 0 | CG39: =ROUND(CA39*$O39/1000,2) -> 0 | CH39: =ROUND(CB39*$O39/1000,2) -> 0 | CI39: =SUM(CE39:CH39) -> 0 | CK39: =IFERROR(ROUND(BY39*$P39,2),"") -> 0 | CL39: =IFERROR(ROUND(BZ39*$P39,2),"") -> 0 | CM39: =IFERROR(ROUND(CA39*$P39,2),"") -> 0 | CN39: =IFERROR(ROUND(CB39*$P39,2),"") -> 0 | CO39: =SUM(CK39:CN39) -> 0
B40: =_xlfn.XLOOKUP(G40,销售需求表!A:A,销售需求表!C:C) -> 亚 | C40: =IFERROR(MID(F40,FIND("R",F40)+1,4),"") -> 22.5 | D40: =B40&C40&"寸" -> 亚22.5寸 | E40: =LEFT(REPLACE(G40,1,2,""),FIND("[",REPLACE(G40,1,2,""))-1)&"-"&MID(REPLACE(G40,1,2,""),FIND("[",REPLACE(G40,1,2,""))+1,FIND("]",REPLACE(G40,1,2,""))-FIND("[",REPLACE(G40,1,2,""))-1) -> 11R22.5-18PR(149/146L)-AZ850 | F40: =IFERROR(MID(G40,3,FIND("(",G40)-3)&"-"&SUBSTITUTE(MID(G40,FIND("[",G40)+1,FIND("]",G40)-FIND("[",G40)-1),"Strong Guard ",""),"") -> 11R22.5-18PR-AZ850 | G40: ID11R22.5-18PR(149/146L)[AZ850]雅度无内 | H40: 600 | J40: =IFERROR(LEFT(F40,FIND("-",F40))&MID(F40,FIND("PR",F40,FIND("-",F40))+3,LEN(F40)),F40) -> 11R22.5-AZ850 | K40: =_xlfn.XLOOKUP(F40,投产规格!E:E,投产规格!D:D,"未投产") -> ✔ | L40: =IFERROR(_xlfn.XLOOKUP(F40,硫化工艺!B:B,硫化工艺!C:C),"") -> 38 | M40: =IF(L40="","",L40/(L40+$L$1/60)) -> 0.86692015 | N40: =C40&"全钢" -> 22.5全钢 | O40: =IFERROR(_xlfn.XLOOKUP(F40,轮胎重量!J:J,轮胎重量!G:G),"") -> 57.52 | P40: =IFERROR(_xlfn.XLOOKUP(G40,硫化工艺!I:I,硫化工艺!J:J),"") -> 820.18917 | Q40: =IFERROR(ROUND(1440/L40*(I40)*M40,0),"") -> 0 | AW40: =IF(SUM(R40:AV40)=0,"",SUM(R40:AV40)) | AX40: =IFERROR(AW40*O40/1000,"") | AY40: =IFERROR(ROUND(AW40*P40/10000,3),"") | AZ40: 459.15 | BA40: 29.49 | BB40: 50.29 | BC40: 52.01 | BE40: =AZ40*AW40 -> #VALUE! | BF40: =BA40*AW40 -> #VALUE! | BG40: =BB40*AW40 -> #VALUE! | BH40: =BC40*AW40 -> #VALUE! | BJ40: {=_xlfn.LET(_xlpm.data,$R40:$AV40,_xlpm.starts,{1,8,16,23},_xlpm.lengths,{7,7,8,9},_xlpm.arr,_xlfn.MAP(_xlpm.starts,_xlpm.lengths,_xlfn.LAMBDA(_xlpm.s,_xlpm.l,SUM(INDEX(_xlpm.data,,_xlfn.SEQUENCE(,_xlpm.l,_xlpm.s))))),ROUND(_xlpm.arr*$O40/1000,2))} -> 0 | BK40: 0 | BL40: 0 | BM40: 0 | BN40: =SUM(BJ40:BM40) -> 0 | BO40: 0 | BP40: 0 | BQ40: 0 | BR40: 0 | BT40: {=_xlfn.HSTACK(SUM(INDEX($R40:$AV40,1,1):INDEX($R40:$AV40,1,7)),SUM(INDEX($R40:$AV40,1,7):INDEX($R40:$AV40,1,13)),SUM(INDEX($R40:$AV40,1,16):INDEX($R40:$AV40,1,23)),SUM(INDEX($R40:$AV40,1,23):INDEX($R40:$AV40,1,31)))} -> 0 | BU40: 0 | BV40: 0 | BW40: 0 | BY40: =SUM(R40:X40) -> 0 | BZ40: =SUM(Y40:AE40) -> 0 | CA40: =SUM(AF40:AM40) -> 0 | CB40: =SUM(AN40:AV40) -> 0 | CE40: =ROUND(BY40*$O40/1000,2) -> 0 | CF40: =ROUND(BZ40*$O40/1000,2) -> 0 | CG40: =ROUND(CA40*$O40/1000,2) -> 0 | CH40: =ROUND(CB40*$O40/1000,2) -> 0 | CI40: =SUM(CE40:CH40) -> 0 | CK40: =IFERROR(ROUND(BY40*$P40,2),"") -> 0 | CL40: =IFERROR(ROUND(BZ40*$P40,2),"") -> 0 | CM40: =IFERROR(ROUND(CA40*$P40,2),"") -> 0 | CN40: =IFERROR(ROUND(CB40*$P40,2),"") -> 0 | CO40: =SUM(CK40:CN40) -> 0
B41: =_xlfn.XLOOKUP(G41,销售需求表!A:A,销售需求表!C:C) -> 亚 | C41: =IFERROR(MID(F41,FIND("R",F41)+1,4),"") -> 22.5 | D41: =B41&C41&"寸" -> 亚22.5寸 | E41: =LEFT(REPLACE(G41,1,2,""),FIND("[",REPLACE(G41,1,2,""))-1)&"-"&MID(REPLACE(G41,1,2,""),FIND("[",REPLACE(G41,1,2,""))+1,FIND("]",REPLACE(G41,1,2,""))-FIND("[",REPLACE(G41,1,2,""))-1) -> 11R22.5-18PR(149/146L)-YTB-50 | F41: =IFERROR(MID(G41,3,FIND("(",G41)-3)&"-"&SUBSTITUTE(MID(G41,FIND("[",G41)+1,FIND("]",G41)-FIND("[",G41)-1),"Strong Guard ",""),"") -> 11R22.5-18PR-YTB-50 | G41: ID11R22.5-18PR(149/146L)[YTB-50]雅度无内 | H41: 100 | J41: =IFERROR(LEFT(F41,FIND("-",F41))&MID(F41,FIND("PR",F41,FIND("-",F41))+3,LEN(F41)),F41) -> 11R22.5-YTB-50 | K41: =_xlfn.XLOOKUP(F41,投产规格!E:E,投产规格!D:D,"未投产") -> 未投产 | L41: =IFERROR(_xlfn.XLOOKUP(F41,硫化工艺!B:B,硫化工艺!C:C),"") -> 38 | M41: =IF(L41="","",L41/(L41+$L$1/60)) -> 0.86692015 | N41: =C41&"全钢" -> 22.5全钢 | O41: =IFERROR(_xlfn.XLOOKUP(F41,轮胎重量!J:J,轮胎重量!G:G),"") -> 59.57 | P41: =O41*13.9 -> 828.023 | Q41: =IFERROR(ROUND(1440/L41*(I41)*M41,0),"") -> 0 | AW41: =IF(SUM(R41:AV41)=0,"",SUM(R41:AV41)) | AX41: =IFERROR(AW41*O41/1000,"") | AY41: =IFERROR(ROUND(AW41*P41/10000,3),"") | AZ41: 449.18 | BA41: 29.42 | BB41: 49.09 | BC41: 52.13 | BE41: =AZ41*AW41 -> #VALUE! | BF41: =BA41*AW41 -> #VALUE! | BG41: =BB41*AW41 -> #VALUE! | BH41: =BC41*AW41 -> #VALUE! | BJ41: {=_xlfn.LET(_xlpm.data,$R41:$AV41,_xlpm.starts,{1,8,16,23},_xlpm.lengths,{7,7,8,9},_xlpm.arr,_xlfn.MAP(_xlpm.starts,_xlpm.lengths,_xlfn.LAMBDA(_xlpm.s,_xlpm.l,SUM(INDEX(_xlpm.data,,_xlfn.SEQUENCE(,_xlpm.l,_xlpm.s))))),ROUND(_xlpm.arr*$O41/1000,2))} -> 0 | BK41: 0 | BL41: 0 | BM41: 0 | BN41: =SUM(BJ41:BM41) -> 0 | BO41: 0 | BP41: 0 | BQ41: 0 | BR41: 0 | BT41: {=_xlfn.HSTACK(SUM(INDEX($R41:$AV41,1,1):INDEX($R41:$AV41,1,7)),SUM(INDEX($R41:$AV41,1,7):INDEX($R41:$AV41,1,13)),SUM(INDEX($R41:$AV41,1,16):INDEX($R41:$AV41,1,23)),SUM(INDEX($R41:$AV41,1,23):INDEX($R41:$AV41,1,31)))} -> 0 | BU41: 0 | BV41: 0 | BW41: 0 | BY41: =SUM(R41:X41) -> 0 | BZ41: =SUM(Y41:AE41) -> 0 | CA41: =SUM(AF41:AM41) -> 0 | CB41: =SUM(AN41:AV41) -> 0 | CE41: =ROUND(BY41*$O41/1000,2) -> 0 | CF41: =ROUND(BZ41*$O41/1000,2) -> 0 | CG41: =ROUND(CA41*$O41/1000,2) -> 0 | CH41: =ROUND(CB41*$O41/1000,2) -> 0 | CI41: =SUM(CE41:CH41) -> 0 | CK41: =IFERROR(ROUND(BY41*$P41,2),"") -> 0 | CL41: =IFERROR(ROUND(BZ41*$P41,2),"") -> 0 | CM41: =IFERROR(ROUND(CA41*$P41,2),"") -> 0 | CN41: =IFERROR(ROUND(CB41*$P41,2),"") -> 0 | CO41: =SUM(CK41:CN41) -> 0
B42: =_xlfn.XLOOKUP(G42,销售需求表!A:A,销售需求表!C:C) -> 亚 | C42: =IFERROR(MID(F42,FIND("R",F42)+1,4),"") -> 22.5 | D42: =B42&C42&"寸" -> 亚22.5寸 | E42: =LEFT(REPLACE(G42,1,2,""),FIND("[",REPLACE(G42,1,2,""))-1)&"-"&MID(REPLACE(G42,1,2,""),FIND("[",REPLACE(G42,1,2,""))+1,FIND("]",REPLACE(G42,1,2,""))-FIND("[",REPLACE(G42,1,2,""))-1) -> 11R22.5-16PR(146/143L)-VD998 | F42: =IFERROR(MID(G42,3,FIND("(",G42)-3)&"-"&SUBSTITUTE(MID(G42,FIND("[",G42)+1,FIND("]",G42)-FIND("[",G42)-1),"Strong Guard ",""),"") -> 11R22.5-16PR-VD998 | G42: ID11R22.5-16PR(146/143L)[VD998]VITOUR无内 | H42: 1000 | I42: 2 | J42: =IFERROR(LEFT(F42,FIND("-",F42))&MID(F42,FIND("PR",F42,FIND("-",F42))+3,LEN(F42)),F42) -> 11R22.5-VD998 | K42: =_xlfn.XLOOKUP(F42,投产规格!E:E,投产规格!D:D,"未投产") -> ✔ | L42: =IFERROR(_xlfn.XLOOKUP(F42,硫化工艺!B:B,硫化工艺!C:C),"") -> 46 | M42: =IF(L42="","",L42/(L42+$L$1/60)) -> 0.88745981 | N42: =C42&"全钢" -> 22.5全钢 | O42: =IFERROR(_xlfn.XLOOKUP(F42,轮胎重量!J:J,轮胎重量!G:G),"") -> 61.881 | P42: =IFERROR(_xlfn.XLOOKUP(G42,硫化工艺!I:I,硫化工艺!J:J),"") -> 892.48631 | Q42: =IFERROR(ROUND(1440/L42*(I42)*M42,0),"") -> 56 | R42: 56 | S42: 56 | T42: 56 | U42: 56 | V42: 56 | W42: 56 | X42: 56 | Y42: 56 | Z42: 56 | AA42: 56 | AB42: 56 | AC42: 56 | AD42: 56 | AE42: 56 | AW42: =IF(SUM(R42:AV42)=0,"",SUM(R42:AV42)) -> 784 | AX42: =IFERROR(AW42*O42/1000,"") -> 48.514704 | AY42: =IFERROR(ROUND(AW42*P42/10000,3),"") -> 69.971 | AZ42: 449.18 | BA42: 29.42 | BB42: 49.09 | BC42: 52.13 | BE42: =AZ42*AW42 -> 352157.12 | BF42: =BA42*AW42 -> 23065.28 | BG42: =BB42*AW42 -> 38486.56 | BH42: =BC42*AW42 -> 40869.92 | BJ42: {=_xlfn.LET(_xlpm.data,$R42:$AV42,_xlpm.starts,{1,8,16,23},_xlpm.lengths,{7,7,8,9},_xlpm.arr,_xlfn.MAP(_xlpm.starts,_xlpm.lengths,_xlfn.LAMBDA(_xlpm.s,_xlpm.l,SUM(INDEX(_xlpm.data,,_xlfn.SEQUENCE(,_xlpm.l,_xlpm.s))))),ROUND(_xlpm.arr*$O42/1000,2))} -> 24.26 | BK42: 24.26 | BL42: 0 | BM42: 0 | BN42: =SUM(BJ42:BM42) -> 48.52 | BO42: 0 | BP42: 0 | BQ42: 0 | BR42: 0 | BT42: {=_xlfn.HSTACK(SUM(INDEX($R42:$AV42,1,1):INDEX($R42:$AV42,1,7)),SUM(INDEX($R42:$AV42,1,7):INDEX($R42:$AV42,1,13)),SUM(INDEX($R42:$AV42,1,16):INDEX($R42:$AV42,1,23)),SUM(INDEX($R42:$AV42,1,23):INDEX($R42:$AV42,1,31)))} -> 392 | BU42: 392 | BV42: 0 | BW42: 0 | BY42: =SUM(R42:X42) -> 392 | BZ42: =SUM(Y42:AE42) -> 392 | CA42: =SUM(AF42:AM42) -> 0 | CB42: =SUM(AN42:AV42) -> 0 | CE42: =ROUND(BY42*$O42/1000,2) -> 24.26 | CF42: =ROUND(BZ42*$O42/1000,2) -> 24.26 | CG42: =ROUND(CA42*$O42/1000,2) -> 0 | CH42: =ROUND(CB42*$O42/1000,2) -> 0 | CI42: =SUM(CE42:CH42) -> 48.52 | CK42: =IFERROR(ROUND(BY42*$P42,2),"") -> 349854.64 | CL42: =IFERROR(ROUND(BZ42*$P42,2),"") -> 349854.64 | CM42: =IFERROR(ROUND(CA42*$P42,2),"") -> 0 | CN42: =IFERROR(ROUND(CB42*$P42,2),"") -> 0 | CO42: =SUM(CK42:CN42) -> 699709.28 | CP42: =VLOOKUP(G42,[2]Sheet1!$C$3:$G$310,5,0) -> 4100 | CQ42: =VLOOKUP(G42,[3]KCBB0101!$C$3:$F$691,4,0) -> #N/A
B43: =_xlfn.XLOOKUP(G43,销售需求表!A:A,销售需求表!C:C) -> 亚 | C43: =IFERROR(MID(F43,FIND("R",F43)+1,4),"") -> 22.5 | D43: =B43&C43&"寸" -> 亚22.5寸 | E43: =LEFT(REPLACE(G43,1,2,""),FIND("[",REPLACE(G43,1,2,""))-1)&"-"&MID(REPLACE(G43,1,2,""),FIND("[",REPLACE(G43,1,2,""))+1,FIND("]",REPLACE(G43,1,2,""))-FIND("[",REPLACE(G43,1,2,""))-1) -> 11R22.5-16PR(146/143M)-VA996 | F43: =IFERROR(MID(G43,3,FIND("(",G43)-3)&"-"&SUBSTITUTE(MID(G43,FIND("[",G43)+1,FIND("]",G43)-FIND("[",G43)-1),"Strong Guard ",""),"") -> 11R22.5-16PR-VA996 | G43: ID11R22.5-16PR(146/143M)[VA996]VITOUR无内 | H43: 1500 | I43: 2 | J43: =IFERROR(LEFT(F43,FIND("-",F43))&MID(F43,FIND("PR",F43,FIND("-",F43))+3,LEN(F43)),F43) -> 11R22.5-VA996 | K43: =_xlfn.XLOOKUP(F43,投产规格!E:E,投产规格!D:D,"未投产") -> ✔ | L43: =IFERROR(_xlfn.XLOOKUP(F43,硫化工艺!B:B,硫化工艺!C:C),"") -> 37 | M43: =IF(L43="","",L43/(L43+$L$1/60)) -> 0.86381323 | N43: =C43&"全钢" -> 22.5全钢 | O43: =IFERROR(_xlfn.XLOOKUP(F43,轮胎重量!J:J,轮胎重量!G:G),"") -> 55.825 | P43: =IFERROR(_xlfn.XLOOKUP(G43,硫化工艺!I:I,硫化工艺!J:J),"") -> 809.9616 | Q43: =IFERROR(ROUND(1440/L43*(I43)*M43,0),"") -> 67 | R43: 66 | S43: 66 | T43: 66 | U43: 66 | V43: 66 | W43: 66 | X43: 66 | Y43: 66 | Z43: 66 | AA43: 66 | AB43: 66 | AC43: 66 | AD43: 66 | AE43: 66 | AF43: 66 | AG43: 66 | AH43: 66 | AI43: 66 | AJ43: 66 | AW43: =IF(SUM(R43:AV43)=0,"",SUM(R43:AV43)) -> 1254 | AX43: =IFERROR(AW43*O43/1000,"") -> 70.00455 | AY43: =IFERROR(ROUND(AW43*P43/10000,3),"") -> 101.569 | AZ43: 449.18 | BA43: 29.42 | BB43: 49.09 | BC43: 52.13 | BE43: =AZ43*AW43 -> 563271.72 | BF43: =BA43*AW43 -> 36892.68 | BG43: =BB43*AW43 -> 61558.86 | BH43: =BC43*AW43 -> 65371.02 | BJ43: {=_xlfn.LET(_xlpm.data,$R43:$AV43,_xlpm.starts,{1,8,16,23},_xlpm.lengths,{7,7,8,9},_xlpm.arr,_xlfn.MAP(_xlpm.starts,_xlpm.lengths,_xlfn.LAMBDA(_xlpm.s,_xlpm.l,SUM(INDEX(_xlpm.data,,_xlfn.SEQUENCE(,_xlpm.l,_xlpm.s))))),ROUND(_xlpm.arr*$O43/1000,2))} -> 25.79 | BK43: 25.79 | BL43: 14.74 | BM43: 0 | BN43: =SUM(BJ43:BM43) -> 66.32 | BO43: 0 | BP43: 0 | BQ43: 0 | BR43: 0 | BT43: {=_xlfn.HSTACK(SUM(INDEX($R43:$AV43,1,1):INDEX($R43:$AV43,1,7)),SUM(INDEX($R43:$AV43,1,7):INDEX($R43:$AV43,1,13)),SUM(INDEX($R43:$AV43,1,16):INDEX($R43:$AV43,1,23)),SUM(INDEX($R43:$AV43,1,23):INDEX($R43:$AV43,1,31)))} -> 462 | BU43: 462 | BV43: 264 | BW43: 0 | BY43: =SUM(R43:X43) -> 462 | BZ43: =SUM(Y43:AE43) -> 462 | CA43: =SUM(AF43:AM43) -> 330 | CB43: =SUM(AN43:AV43) -> 0 | CE43: =ROUND(BY43*$O43/1000,2) -> 25.79 | CF43: =ROUND(BZ43*$O43/1000,2) -> 25.79 | CG43: =ROUND(CA43*$O43/1000,2) -> 18.42 | CH43: =ROUND(CB43*$O43/1000,2) -> 0 | CI43: =SUM(CE43:CH43) -> 70 | CK43: =IFERROR(ROUND(BY43*$P43,2),"") -> 374202.26 | CL43: =IFERROR(ROUND(BZ43*$P43,2),"") -> 374202.26 | CM43: =IFERROR(ROUND(CA43*$P43,2),"") -> 267287.33 | CN43: =IFERROR(ROUND(CB43*$P43,2),"") -> 0 | CO43: =SUM(CK43:CN43) -> 1015691.8 | CP43: =VLOOKUP(G43,[2]Sheet1!$C$3:$G$310,5,0) -> 5700 | CQ43: =VLOOKUP(G43,[3]KCBB0101!$C$3:$F$691,4,0) -> #N/A
B44: =_xlfn.XLOOKUP(G44,销售需求表!A:A,销售需求表!C:C) -> 亚 | C44: =IFERROR(MID(F44,FIND("R",F44)+1,4),"") -> 22.5 | D44: =B44&C44&"寸" -> 亚22.5寸 | E44: =LEFT(REPLACE(G44,1,2,""),FIND("[",REPLACE(G44,1,2,""))-1)&"-"&MID(REPLACE(G44,1,2,""),FIND("[",REPLACE(G44,1,2,""))+1,FIND("]",REPLACE(G44,1,2,""))-FIND("[",REPLACE(G44,1,2,""))-1) -> 11R22.5-16PR(146/143L)-VA991 | F44: =IFERROR(MID(G44,3,FIND("(",G44)-3)&"-"&SUBSTITUTE(MID(G44,FIND("[",G44)+1,FIND("]",G44)-FIND("[",G44)-1),"Strong Guard ",""),"") -> 11R22.5-16PR-VA991 | G44: ID11R22.5-16PR(146/143L)[VA991]VITOUR无内 | H44: 300 | J44: =IFERROR(LEFT(F44,FIND("-",F44))&MID(F44,FIND("PR",F44,FIND("-",F44))+3,LEN(F44)),F44) -> 11R22.5-VA991 | K44: =_xlfn.XLOOKUP(F44,投产规格!E:E,投产规格!D:D,"未投产") -> ✔ | L44: =IFERROR(_xlfn.XLOOKUP(F44,硫化工艺!B:B,硫化工艺!C:C),"") -> 38 | M44: =IF(L44="","",L44/(L44+$L$1/60)) -> 0.86692015 | N44: =C44&"全钢" -> 22.5全钢 | O44: =IFERROR(_xlfn.XLOOKUP(F44,轮胎重量!J:J,轮胎重量!G:G),"") -> 56.978 | P44: =IFERROR(_xlfn.XLOOKUP(G44,硫化工艺!I:I,硫化工艺!J:J),"") -> 821.2171 | Q44: =IFERROR(ROUND(1440/L44*(I44)*M44,0),"") -> 0 | AW44: =IF(SUM(R44:AV44)=0,"",SUM(R44:AV44)) | AX44: =IFERROR(AW44*O44/1000,"") | AY44: =IFERROR(ROUND(AW44*P44/10000,3),"") | AZ44: 449.18 | BA44: 29.42 | BB44: 49.09 | BC44: 52.13 | BE44: =AZ44*AW44 -> #VALUE! | BF44: =BA44*AW44 -> #VALUE! | BG44: =BB44*AW44 -> #VALUE! | BH44: =BC44*AW44 -> #VALUE! | BJ44: {=_xlfn.LET(_xlpm.data,$R44:$AV44,_xlpm.starts,{1,8,16,23},_xlpm.lengths,{7,7,8,9},_xlpm.arr,_xlfn.MAP(_xlpm.starts,_xlpm.lengths,_xlfn.LAMBDA(_xlpm.s,_xlpm.l,SUM(INDEX(_xlpm.data,,_xlfn.SEQUENCE(,_xlpm.l,_xlpm.s))))),ROUND(_xlpm.arr*$O44/1000,2))} -> 0 | BK44: 0 | BL44: 0 | BM44: 0 | BN44: =SUM(BJ44:BM44) -> 0 | BO44: 0 | BP44: 0 | BQ44: 0 | BR44: 0 | BT44: {=_xlfn.HSTACK(SUM(INDEX($R44:$AV44,1,1):INDEX($R44:$AV44,1,7)),SUM(INDEX($R44:$AV44,1,7):INDEX($R44:$AV44,1,13)),SUM(INDEX($R44:$AV44,1,16):INDEX($R44:$AV44,1,23)),SUM(INDEX($R44:$AV44,1,23):INDEX($R44:$AV44,1,31)))} -> 0 | BU44: 0 | BV44: 0 | BW44: 0 | BY44: =SUM(R44:X44) -> 0 | BZ44: =SUM(Y44:AE44) -> 0 | CA44: =SUM(AF44:AM44) -> 0 | CB44: =SUM(AN44:AV44) -> 0 | CE44: =ROUND(BY44*$O44/1000,2) -> 0 | CF44: =ROUND(BZ44*$O44/1000,2) -> 0 | CG44: =ROUND(CA44*$O44/1000,2) -> 0 | CH44: =ROUND(CB44*$O44/1000,2) -> 0 | CI44: =SUM(CE44:CH44) -> 0 | CK44: =IFERROR(ROUND(BY44*$P44,2),"") -> 0 | CL44: =IFERROR(ROUND(BZ44*$P44,2),"") -> 0 | CM44: =IFERROR(ROUND(CA44*$P44,2),"") -> 0 | CN44: =IFERROR(ROUND(CB44*$P44,2),"") -> 0 | CO44: =SUM(CK44:CN44) -> 0
B45: =_xlfn.XLOOKUP(G45,销售需求表!A:A,销售需求表!C:C) -> 亚 | C45: =IFERROR(MID(F45,FIND("R",F45)+1,4),"") -> 22.5 | D45: =B45&C45&"寸" -> 亚22.5寸 | E45: =LEFT(REPLACE(G45,1,2,""),FIND("[",REPLACE(G45,1,2,""))-1)&"-"&MID(REPLACE(G45,1,2,""),FIND("[",REPLACE(G45,1,2,""))+1,FIND("]",REPLACE(G45,1,2,""))-FIND("[",REPLACE(G45,1,2,""))-1) -> 11R22.5-16PR(146/143L)-VD908 | F45: =IFERROR(MID(G45,3,FIND("(",G45)-3)&"-"&SUBSTITUTE(MID(G45,FIND("[",G45)+1,FIND("]",G45)-FIND("[",G45)-1),"Strong Guard ",""),"") -> 11R22.5-16PR-VD908 | G45: ID11R22.5-16PR(146/143L)[VD908]VITOUR无内 | H45: 500 | I45: 2 | J45: =IFERROR(LEFT(F45,FIND("-",F45))&MID(F45,FIND("PR",F45,FIND("-",F45))+3,LEN(F45)),F45) -> 11R22.5-VD908 | K45: =_xlfn.XLOOKUP(F45,投产规格!E:E,投产规格!D:D,"未投产") -> ✔ | L45: =IFERROR(_xlfn.XLOOKUP(F45,硫化工艺!B:B,硫化工艺!C:C),"") -> 46 | M45: =IF(L45="","",L45/(L45+$L$1/60)) -> 0.88745981 | N45: =C45&"全钢" -> 22.5全钢 | O45: =IFERROR(_xlfn.XLOOKUP(F45,轮胎重量!J:J,轮胎重量!G:G),"") -> 61.881 | P45: =IFERROR(_xlfn.XLOOKUP(G45,硫化工艺!I:I,硫化工艺!J:J),"") -> 888.01382 | Q45: =IFERROR(ROUND(1440/L45*(I45)*M45,0),"") -> 56 | R45: 56 | S45: 56 | T45: 56 | U45: 56 | V45: 56 | AW45: =IF(SUM(R45:AV45)=0,"",SUM(R45:AV45)) -> 280 | AX45: =IFERROR(AW45*O45/1000,"") -> 17.32668 | AY45: =IFERROR(ROUND(AW45*P45/10000,3),"") -> 24.864 | AZ45: 449.18 | BA45: 29.42 | BB45: 49.09 | BC45: 52.13 | BE45: =AZ45*AW45 -> 125770.4 | BF45: =BA45*AW45 -> 8237.6 | BG45: =BB45*AW45 -> 13745.2 | BH45: =BC45*AW45 -> 14596.4 | BJ45: {=_xlfn.LET(_xlpm.data,$R45:$AV45,_xlpm.starts,{1,8,16,23},_xlpm.lengths,{7,7,8,9},_xlpm.arr,_xlfn.MAP(_xlpm.starts,_xlpm.lengths,_xlfn.LAMBDA(_xlpm.s,_xlpm.l,SUM(INDEX(_xlpm.data,,_xlfn.SEQUENCE(,_xlpm.l,_xlpm.s))))),ROUND(_xlpm.arr*$O45/1000,2))} -> 17.33 | BK45: 0 | BL45: 0 | BM45: 0 | BN45: =SUM(BJ45:BM45) -> 17.33 | BO45: 0 | BP45: 0 | BQ45: 0 | BR45: 0 | BT45: {=_xlfn.HSTACK(SUM(INDEX($R45:$AV45,1,1):INDEX($R45:$AV45,1,7)),SUM(INDEX($R45:$AV45,1,7):INDEX($R45:$AV45,1,13)),SUM(INDEX($R45:$AV45,1,16):INDEX($R45:$AV45,1,23)),SUM(INDEX($R45:$AV45,1,23):INDEX($R45:$AV45,1,31)))} -> 280 | BU45: 0 | BV45: 0 | BW45: 0 | BY45: =SUM(R45:X45) -> 280 | BZ45: =SUM(Y45:AE45) -> 0 | CA45: =SUM(AF45:AM45) -> 0 | CB45: =SUM(AN45:AV45) -> 0 | CE45: =ROUND(BY45*$O45/1000,2) -> 17.33 | CF45: =ROUND(BZ45*$O45/1000,2) -> 0 | CG45: =ROUND(CA45*$O45/1000,2) -> 0 | CH45: =ROUND(CB45*$O45/1000,2) -> 0 | CI45: =SUM(CE45:CH45) -> 17.33 | CK45: =IFERROR(ROUND(BY45*$P45,2),"") -> 248643.87 | CL45: =IFERROR(ROUND(BZ45*$P45,2),"") -> 0 | CM45: =IFERROR(ROUND(CA45*$P45,2),"") -> 0 | CN45: =IFERROR(ROUND(CB45*$P45,2),"") -> 0 | CO45: =SUM(CK45:CN45) -> 248643.87 | CP45: =VLOOKUP(G45,[2]Sheet1!$C$3:$G$310,5,0) -> 4800 | CQ45: =VLOOKUP(G45,[3]KCBB0101!$C$3:$F$691,4,0) -> #N/A
B46: =_xlfn.XLOOKUP(G46,销售需求表!A:A,销售需求表!C:C) -> 亚 | C46: =IFERROR(MID(F46,FIND("R",F46)+1,4),"") -> 22.5 | D46: =B46&C46&"寸" -> 亚22.5寸 | E46: =LEFT(REPLACE(G46,1,2,""),FIND("[",REPLACE(G46,1,2,""))-1)&"-"&MID(REPLACE(G46,1,2,""),FIND("[",REPLACE(G46,1,2,""))+1,FIND("]",REPLACE(G46,1,2,""))-FIND("[",REPLACE(G46,1,2,""))-1) -> 11R22.5-16PR(146/143L)-VXD932 | F46: =IFERROR(MID(G46,3,FIND("(",G46)-3)&"-"&SUBSTITUTE(MID(G46,FIND("[",G46)+1,FIND("]",G46)-FIND("[",G46)-1),"Strong Guard ",""),"") -> 11R22.5-16PR-VXD932 | G46: ID11R22.5-16PR(146/143L)[VXD932]VITOUR无内 | H46: 800 | J46: =IFERROR(LEFT(F46,FIND("-",F46))&MID(F46,FIND("PR",F46,FIND("-",F46))+3,LEN(F46)),F46) -> 11R22.5-VXD932 | K46: =_xlfn.XLOOKUP(F46,投产规格!E:E,投产规格!D:D,"未投产") -> ✔ | L46: =IFERROR(_xlfn.XLOOKUP(F46,硫化工艺!B:B,硫化工艺!C:C),"") -> 34 | M46: =IF(L46="","",L46/(L46+$L$1/60)) -> 0.85355649 | N46: =C46&"全钢" -> 22.5全钢 | O46: =IFERROR(_xlfn.XLOOKUP(F46,轮胎重量!J:J,轮胎重量!G:G),"") -> 61.154 | P46: =IFERROR(_xlfn.XLOOKUP(G46,硫化工艺!I:I,硫化工艺!J:J),"") -> 892.3572 | Q46: =IFERROR(ROUND(1440/L46*(I46)*M46,0),"") -> 0 | W46: 60 | X46: 60 | Y46: 60 | Z46: 60 | AA46: 60 | AB46: 60 | AC46: 60 | AD46: 60 | AE46: 60 | AF46: 60 | AG46: 60 | AH46: 60 | AI46: 60 | AJ46: 60 | AW46: =IF(SUM(R46:AV46)=0,"",SUM(R46:AV46)) -> 840 | AX46: =IFERROR(AW46*O46/1000,"") -> 51.36936 | AY46: =IFERROR(ROUND(AW46*P46/10000,3),"") -> 74.958 | AZ46: 449.18 | BA46: 29.42 | BB46: 49.09 | BC46: 52.13 | BE46: =AZ46*AW46 -> 377311.2 | BF46: =BA46*AW46 -> 24712.8 | BG46: =BB46*AW46 -> 41235.6 | BH46: =BC46*AW46 -> 43789.2 | BJ46: {=_xlfn.LET(_xlpm.data,$R46:$AV46,_xlpm.starts,{1,8,16,23},_xlpm.lengths,{7,7,8,9},_xlpm.arr,_xlfn.MAP(_xlpm.starts,_xlpm.lengths,_xlfn.LAMBDA(_xlpm.s,_xlpm.l,SUM(INDEX(_xlpm.data,,_xlfn.SEQUENCE(,_xlpm.l,_xlpm.s))))),ROUND(_xlpm.arr*$O46/1000,2))} -> 7.34 | BK46: 25.68 | BL46: 14.68 | BM46: 0 | BN46: =SUM(BJ46:BM46) -> 47.7 | BO46: 0 | BP46: 0 | BQ46: 0 | BR46: 0 | BT46: {=_xlfn.HSTACK(SUM(INDEX($R46:$AV46,1,1):INDEX($R46:$AV46,1,7)),SUM(INDEX($R46:$AV46,1,7):INDEX($R46:$AV46,1,13)),SUM(INDEX($R46:$AV46,1,16):INDEX($R46:$AV46,1,23)),SUM(INDEX($R46:$AV46,1,23):INDEX($R46:$AV46,1,31)))} -> 120 | BU46: 420 | BV46: 240 | BW46: 0 | BY46: =SUM(R46:X46) -> 120 | BZ46: =SUM(Y46:AE46) -> 420 | CA46: =SUM(AF46:AM46) -> 300 | CB46: =SUM(AN46:AV46) -> 0 | CE46: =ROUND(BY46*$O46/1000,2) -> 7.34 | CF46: =ROUND(BZ46*$O46/1000,2) -> 25.68 | CG46: =ROUND(CA46*$O46/1000,2) -> 18.35 | CH46: =ROUND(CB46*$O46/1000,2) -> 0 | CI46: =SUM(CE46:CH46) -> 51.37 | CK46: =IFERROR(ROUND(BY46*$P46,2),"") -> 107082.86 | CL46: =IFERROR(ROUND(BZ46*$P46,2),"") -> 374790.02 | CM46: =IFERROR(ROUND(CA46*$P46,2),"") -> 267707.16 | CN46: =IFERROR(ROUND(CB46*$P46,2),"") -> 0 | CO46: =SUM(CK46:CN46) -> 749580.04 | CP46: =VLOOKUP(G46,[2]Sheet1!$C$3:$G$310,5,0) -> 4300 | CQ46: =VLOOKUP(G46,[3]KCBB0101!$C$3:$F$691,4,0) -> #N/A
B47: =_xlfn.XLOOKUP(G47,销售需求表!A:A,销售需求表!C:C) -> 北美 | C47: =IFERROR(MID(F47,FIND("R",F47)+1,4),"") -> 24.5 | D47: =B47&C47&"寸" -> 北美24.5寸 | E47: =LEFT(REPLACE(G47,1,2,""),FIND("[",REPLACE(G47,1,2,""))-1)&"-"&MID(REPLACE(G47,1,2,""),FIND("[",REPLACE(G47,1,2,""))+1,FIND("]",REPLACE(G47,1,2,""))-FIND("[",REPLACE(G47,1,2,""))-1) -> 11R24.5-14PR(146/143M)-I-48T | F47: =IFERROR(MID(G47,3,FIND("(",G47)-3)&"-"&SUBSTITUTE(MID(G47,FIND("[",G47)+1,FIND("]",G47)-FIND("[",G47)-1),"Strong Guard ",""),"") -> 11R24.5-14PR-I-48T | G47: ID11R24.5-14PR(146/143M)[I-48T]IRONMAN无内 SMARTWAY | H47: 680 | I47: 2 | J47: =IFERROR(LEFT(F47,FIND("-",F47))&MID(F47,FIND("PR",F47,FIND("-",F47))+3,LEN(F47)),F47) -> 11R24.5-I-48T | K47: =_xlfn.XLOOKUP(F47,投产规格!E:E,投产规格!D:D,"未投产") -> ✔ | L47: =IFERROR(_xlfn.XLOOKUP(F47,硫化工艺!B:B,硫化工艺!C:C),"") -> 34.5 | M47: =IF(L47="","",L47/(L47+$L$1/60)) -> 0.8553719 | N47: =C47&"全钢" -> 24.5全钢 | O47: =IFERROR(_xlfn.XLOOKUP(F47,轮胎重量!J:J,轮胎重量!G:G),"") -> 52.323 | P47: =IFERROR(_xlfn.XLOOKUP(G47,硫化工艺!I:I,硫化工艺!J:J),"") -> 758.3513 | Q47: =IFERROR(ROUND(1440/L47*(I47)*M47,0),"") -> 71 | R47: 60 | S47: 60 | T47: 60 | U47: 60 | V47: 60 | W47: 60 | X47: 60 | Y47: 60 | AW47: =IF(SUM(R47:AV47)=0,"",SUM(R47:AV47)) -> 480 | AX47: =IFERROR(AW47*O47/1000,"") -> 25.11504 | AY47: =IFERROR(ROUND(AW47*P47/10000,3),"") -> 36.401 | AZ47: 449.18 | BA47: 29.42 | BB47: 49.09 | BC47: 52.13 | BE47: =AZ47*AW47 -> 215606.4 | BF47: =BA47*AW47 -> 14121.6 | BG47: =BB47*AW47 -> 23563.2 | BH47: =BC47*AW47 -> 25022.4 | BJ47: {=_xlfn.LET(_xlpm.data,$R47:$AV47,_xlpm.starts,{1,8,16,23},_xlpm.lengths,{7,7,8,9},_xlpm.arr,_xlfn.MAP(_xlpm.starts,_xlpm.lengths,_xlfn.LAMBDA(_xlpm.s,_xlpm.l,SUM(INDEX(_xlpm.data,,_xlfn.SEQUENCE(,_xlpm.l,_xlpm.s))))),ROUND(_xlpm.arr*$O47/1000,2))} -> 21.98 | BK47: 3.14 | BL47: 0 | BM47: 0 | BN47: =SUM(BJ47:BM47) -> 25.12 | BO47: 0 | BP47: 0 | BQ47: 0 | BR47: 0 | BT47: {=_xlfn.HSTACK(SUM(INDEX($R47:$AV47,1,1):INDEX($R47:$AV47,1,7)),SUM(INDEX($R47:$AV47,1,7):INDEX($R47:$AV47,1,13)),SUM(INDEX($R47:$AV47,1,16):INDEX($R47:$AV47,1,23)),SUM(INDEX($R47:$AV47,1,23):INDEX($R47:$AV47,1,31)))} -> 420 | BU47: 120 | BV47: 0 | BW47: 0 | BY47: =SUM(R47:X47) -> 420 | BZ47: =SUM(Y47:AE47) -> 60 | CA47: =SUM(AF47:AM47) -> 0 | CB47: =SUM(AN47:AV47) -> 0 | CE47: =ROUND(BY47*$O47/1000,2) -> 21.98 | CF47: =ROUND(BZ47*$O47/1000,2) -> 3.14 | CG47: =ROUND(CA47*$O47/1000,2) -> 0 | CH47: =ROUND(CB47*$O47/1000,2) -> 0 | CI47: =SUM(CE47:CH47) -> 25.12 | CK47: =IFERROR(ROUND(BY47*$P47,2),"") -> 318507.55 | CL47: =IFERROR(ROUND(BZ47*$P47,2),"") -> 45501.08 | CM47: =IFERROR(ROUND(CA47*$P47,2),"") -> 0 | CN47: =IFERROR(ROUND(CB47*$P47,2),"") -> 0 | CO47: =SUM(CK47:CN47) -> 364008.63 | CP47: =VLOOKUP(G47,[2]Sheet1!$C$3:$G$310,5,0) -> 9600 | CQ47: =VLOOKUP(G47,[3]KCBB0101!$C$3:$F$691,4,0) -> #N/A
B48: =_xlfn.XLOOKUP(G48,销售需求表!A:A,销售需求表!C:C) -> 北美 | C48: =IFERROR(MID(F48,FIND("R",F48)+1,4),"") -> 24.5 | D48: =B48&C48&"寸" -> 北美24.5寸 | E48: =LEFT(REPLACE(G48,1,2,""),FIND("[",REPLACE(G48,1,2,""))-1)&"-"&MID(REPLACE(G48,1,2,""),FIND("[",REPLACE(G48,1,2,""))+1,FIND("]",REPLACE(G48,1,2,""))-FIND("[",REPLACE(G48,1,2,""))-1) -> 11R24.5-14PR(146/143M)-Strong Guard H-TL | F48: =IFERROR(MID(G48,3,FIND("(",G48)-3)&"-"&SUBSTITUTE(MID(G48,FIND("[",G48)+1,FIND("]",G48)-FIND("[",G48)-1),"Strong Guard ",""),"") -> 11R24.5-14PR-H-TL | G48: ID11R24.5-14PR(146/143M)[Strong Guard H-TL]HERCULES无内 | H48: 200 | J48: =IFERROR(LEFT(F48,FIND("-",F48))&MID(F48,FIND("PR",F48,FIND("-",F48))+3,LEN(F48)),F48) -> 11R24.5-H-TL | K48: =_xlfn.XLOOKUP(F48,投产规格!E:E,投产规格!D:D,"未投产") -> ✔ | L48: =IFERROR(_xlfn.XLOOKUP(F48,硫化工艺!B:B,硫化工艺!C:C),"") -> 36 | M48: =IF(L48="","",L48/(L48+$L$1/60)) -> 0.86055777 | N48: =C48&"全钢" -> 24.5全钢 | O48: =IFERROR(_xlfn.XLOOKUP(F48,轮胎重量!J:J,轮胎重量!G:G),"") -> 53.228 | P48: =IFERROR(_xlfn.XLOOKUP(G48,硫化工艺!I:I,硫化工艺!J:J),"") -> 769.16852 | Q48: =IFERROR(ROUND(1440/L48*(I48)*M48,0),"") -> 0 | Z48: 60 | AA48: 60 | AB48: 60 | AW48: =IF(SUM(R48:AV48)=0,"",SUM(R48:AV48)) -> 180 | AX48: =IFERROR(AW48*O48/1000,"") -> 9.58104 | AY48: =IFERROR(ROUND(AW48*P48/10000,3),"") -> 13.845 | AZ48: 449.18 | BA48: 29.42 | BB48: 49.09 | BC48: 52.13 | BE48: =AZ48*AW48 -> 80852.4 | BF48: =BA48*AW48 -> 5295.6 | BG48: =BB48*AW48 -> 8836.2 | BH48: =BC48*AW48 -> 9383.4 | BJ48: {=_xlfn.LET(_xlpm.data,$R48:$AV48,_xlpm.starts,{1,8,16,23},_xlpm.lengths,{7,7,8,9},_xlpm.arr,_xlfn.MAP(_xlpm.starts,_xlpm.lengths,_xlfn.LAMBDA(_xlpm.s,_xlpm.l,SUM(INDEX(_xlpm.data,,_xlfn.SEQUENCE(,_xlpm.l,_xlpm.s))))),ROUND(_xlpm.arr*$O48/1000,2))} -> 0 | BK48: 9.58 | BL48: 0 | BM48: 0 | BN48: =SUM(BJ48:BM48) -> 9.58 | BO48: 0 | BP48: 0 | BQ48: 0 | BR48: 0 | BT48: {=_xlfn.HSTACK(SUM(INDEX($R48:$AV48,1,1):INDEX($R48:$AV48,1,7)),SUM(INDEX($R48:$AV48,1,7):INDEX($R48:$AV48,1,13)),SUM(INDEX($R48:$AV48,1,16):INDEX($R48:$AV48,1,23)),SUM(INDEX($R48:$AV48,1,23):INDEX($R48:$AV48,1,31)))} -> 0 | BU48: 180 | BV48: 0 | BW48: 0 | BY48: =SUM(R48:X48) -> 0 | BZ48: =SUM(Y48:AE48) -> 180 | CA48: =SUM(AF48:AM48) -> 0 | CB48: =SUM(AN48:AV48) -> 0 | CE48: =ROUND(BY48*$O48/1000,2) -> 0 | CF48: =ROUND(BZ48*$O48/1000,2) -> 9.58 | CG48: =ROUND(CA48*$O48/1000,2) -> 0 | CH48: =ROUND(CB48*$O48/1000,2) -> 0 | CI48: =SUM(CE48:CH48) -> 9.58 | CK48: =IFERROR(ROUND(BY48*$P48,2),"") -> 0 | CL48: =IFERROR(ROUND(BZ48*$P48,2),"") -> 138450.33 | CM48: =IFERROR(ROUND(CA48*$P48,2),"") -> 0 | CN48: =IFERROR(ROUND(CB48*$P48,2),"") -> 0 | CO48: =SUM(CK48:CN48) -> 138450.33 | CP48: =VLOOKUP(G48,[2]Sheet1!$C$3:$G$310,5,0) -> 7900 | CQ48: =VLOOKUP(G48,[3]KCBB0101!$C$3:$F$691,4,0) -> #N/A
B49: =_xlfn.XLOOKUP(G49,销售需求表!A:A,销售需求表!C:C) -> 北美 | C49: =IFERROR(MID(F49,FIND("R",F49)+1,4),"") -> 24.5 | D49: =B49&C49&"寸" -> 北美24.5寸 | E49: =LEFT(REPLACE(G49,1,2,""),FIND("[",REPLACE(G49,1,2,""))-1)&"-"&MID(REPLACE(G49,1,2,""),FIND("[",REPLACE(G49,1,2,""))+1,FIND("]",REPLACE(G49,1,2,""))-FIND("[",REPLACE(G49,1,2,""))-1) -> 11R24.5-16PR(149/146K)-Strong Guard H-MD | F49: =IFERROR(MID(G49,3,FIND("(",G49)-3)&"-"&SUBSTITUTE(MID(G49,FIND("[",G49)+1,FIND("]",G49)-FIND("[",G49)-1),"Strong Guard ",""),"") -> 11R24.5-16PR-H-MD | G49: ID11R24.5-16PR(149/146K)[Strong Guard H-MD]HERCULES无内 | H49: 350 | J49: =IFERROR(LEFT(F49,FIND("-",F49))&MID(F49,FIND("PR",F49,FIND("-",F49))+3,LEN(F49)),F49) -> 11R24.5-H-MD | K49: =_xlfn.XLOOKUP(F49,投产规格!E:E,投产规格!D:D,"未投产") -> ✔ | L49: =IFERROR(_xlfn.XLOOKUP(F49,硫化工艺!B:B,硫化工艺!C:C),"") -> 42.5 | M49: =IF(L49="","",L49/(L49+$L$1/60)) -> 0.87931034 | N49: =C49&"全钢" -> 24.5全钢 | O49: =IFERROR(_xlfn.XLOOKUP(F49,轮胎重量!J:J,轮胎重量!G:G),"") -> 64.868 | P49: =IFERROR(_xlfn.XLOOKUP(G49,硫化工艺!I:I,硫化工艺!J:J),"") -> 926.05785 | Q49: =IFERROR(ROUND(1440/L49*(I49)*M49,0),"") -> 0 | AA49: 60 | AB49: 60 | AC49: 60 | AD49: 60 | AE49: 60 | AF49: 60 | AW49: =IF(SUM(R49:AV49)=0,"",SUM(R49:AV49)) -> 360 | AX49: =IFERROR(AW49*O49/1000,"") -> 23.35248 | AY49: =IFERROR(ROUND(AW49*P49/10000,3),"") -> 33.338 | AZ49: 449.18 | BA49: 29.42 | BB49: 49.09 | BC49: 52.13 | BE49: =AZ49*AW49 -> 161704.8 | BF49: =BA49*AW49 -> 10591.2 | BG49: =BB49*AW49 -> 17672.4 | BH49: =BC49*AW49 -> 18766.8 | BJ49: {=_xlfn.LET(_xlpm.data,$R49:$AV49,_xlpm.starts,{1,8,16,23},_xlpm.lengths,{7,7,8,9},_xlpm.arr,_xlfn.MAP(_xlpm.starts,_xlpm.lengths,_xlfn.LAMBDA(_xlpm.s,_xlpm.l,SUM(INDEX(_xlpm.data,,_xlfn.SEQUENCE(,_xlpm.l,_xlpm.s))))),ROUND(_xlpm.arr*$O49/1000,2))} -> 0 | BK49: 19.46 | BL49: 0 | BM49: 0 | BN49: =SUM(BJ49:BM49) -> 19.46 | BO49: 22.41 | BP49: 22.41 | BQ49: 25.62 | BR49: 28.82 | BT49: {=_xlfn.HSTACK(SUM(INDEX($R49:$AV49,1,1):INDEX($R49:$AV49,1,7)),SUM(INDEX($R49:$AV49,1,7):INDEX($R49:$AV49,1,13)),SUM(INDEX($R49:$AV49,1,16):INDEX($R49:$AV49,1,23)),SUM(INDEX($R49:$AV49,1,23):INDEX($R49:$AV49,1,31)))} -> 0 | BU49: 240 | BV49: 0 | BW49: 0 | BY49: =SUM(R49:X49) -> 0 | BZ49: =SUM(Y49:AE49) -> 300 | CA49: =SUM(AF49:AM49) -> 60 | CB49: =SUM(AN49:AV49) -> 0 | CE49: =ROUND(BY49*$O49/1000,2) -> 0 | CF49: =ROUND(BZ49*$O49/1000,2) -> 19.46 | CG49: =ROUND(CA49*$O49/1000,2) -> 3.89 | CH49: =ROUND(CB49*$O49/1000,2) -> 0 | CI49: =SUM(CE49:CH49) -> 23.35 | CK49: =IFERROR(ROUND(BY49*$P49,2),"") -> 0 | CL49: =IFERROR(ROUND(BZ49*$P49,2),"") -> 277817.36 | CM49: =IFERROR(ROUND(CA49*$P49,2),"") -> 55563.47 | CN49: =IFERROR(ROUND(CB49*$P49,2),"") -> 0 | CO49: =SUM(CK49:CN49) -> 333380.83 | CP49: =VLOOKUP(G49,[2]Sheet1!$C$3:$G$310,5,0) -> 8400 | CQ49: =VLOOKUP(G49,[3]KCBB0101!$C$3:$F$691,4,0) -> #N/A
B50: =_xlfn.XLOOKUP(G50,销售需求表!A:A,销售需求表!C:C) -> 北美 | C50: =IFERROR(MID(F50,FIND("R",F50)+1,4),"") -> 24.5 | D50: =B50&C50&"寸" -> 北美24.5寸 | E50: =LEFT(REPLACE(G50,1,2,""),FIND("[",REPLACE(G50,1,2,""))-1)&"-"&MID(REPLACE(G50,1,2,""),FIND("[",REPLACE(G50,1,2,""))+1,FIND("]",REPLACE(G50,1,2,""))-FIND("[",REPLACE(G50,1,2,""))-1) -> 11R24.5-16PR(149/146L)-DOMINATE D01 | F50: =IFERROR(MID(G50,3,FIND("(",G50)-3)&"-"&SUBSTITUTE(MID(G50,FIND("[",G50)+1,FIND("]",G50)-FIND("[",G50)-1),"Strong Guard ",""),"") -> 11R24.5-16PR-DOMINATE D01 | G50: ID11R24.5-16PR(149/146L)[DOMINATE D01]BLACKARROW无内 | H50: 250 | J50: =IFERROR(LEFT(F50,FIND("-",F50))&MID(F50,FIND("PR",F50,FIND("-",F50))+3,LEN(F50)),F50) -> 11R24.5-DOMINATE D01 | K50: =_xlfn.XLOOKUP(F50,投产规格!E:E,投产规格!D:D,"未投产") -> 未投产 | L50: =IFERROR(_xlfn.XLOOKUP(F50,硫化工艺!B:B,硫化工艺!C:C),"") -> 37 | M50: =IF(L50="","",L50/(L50+$L$1/60)) -> 0.86381323 | N50: =C50&"全钢" -> 24.5全钢 | O50: =IFERROR(_xlfn.XLOOKUP(F50,轮胎重量!J:J,轮胎重量!G:G),"") -> 62.766 | P50: =O50*13.9 -> 872.4474 | Q50: =IFERROR(ROUND(1440/L50*(I50)*M50,0),"") -> 0 | AW50: =IF(SUM(R50:AV50)=0,"",SUM(R50:AV50)) | AX50: =IFERROR(AW50*O50/1000,"") | AY50: =IFERROR(ROUND(AW50*P50/10000,3),"") | BE50: =AZ50*AW50 -> #VALUE! | BF50: =BA50*AW50 -> #VALUE! | BG50: =BB50*AW50 -> #VALUE! | BH50: =BC50*AW50 -> #VALUE! | BJ50: {=_xlfn.LET(_xlpm.data,$R50:$AV50,_xlpm.starts,{1,8,16,23},_xlpm.lengths,{7,7,8,9},_xlpm.arr,_xlfn.MAP(_xlpm.starts,_xlpm.lengths,_xlfn.LAMBDA(_xlpm.s,_xlpm.l,SUM(INDEX(_xlpm.data,,_xlfn.SEQUENCE(,_xlpm.l,_xlpm.s))))),ROUND(_xlpm.arr*$O50/1000,2))} -> 0 | BK50: 0 | BL50: 0 | BM50: 0 | BN50: =SUM(BJ50:BM50) -> 0 | BO50: 21.08 | BP50: 21.08 | BQ50: 24.09 | BR50: 27.1 | BT50: {=_xlfn.HSTACK(SUM(INDEX($R50:$AV50,1,1):INDEX($R50:$AV50,1,7)),SUM(INDEX($R50:$AV50,1,7):INDEX($R50:$AV50,1,13)),SUM(INDEX($R50:$AV50,1,16):INDEX($R50:$AV50,1,23)),SUM(INDEX($R50:$AV50,1,23):INDEX($R50:$AV50,1,31)))} -> 0 | BU50: 0 | BV50: 0 | BW50: 0 | BY50: =SUM(R50:X50) -> 0 | BZ50: =SUM(Y50:AE50) -> 0 | CA50: =SUM(AF50:AM50) -> 0 | CB50: =SUM(AN50:AV50) -> 0 | CE50: =ROUND(BY50*$O50/1000,2) -> 0 | CF50: =ROUND(BZ50*$O50/1000,2) -> 0 | CG50: =ROUND(CA50*$O50/1000,2) -> 0 | CH50: =ROUND(CB50*$O50/1000,2) -> 0 | CI50: =SUM(CE50:CH50) -> 0 | CK50: =IFERROR(ROUND(BY50*$P50,2),"") -> 0 | CL50: =IFERROR(ROUND(BZ50*$P50,2),"") -> 0 | CM50: =IFERROR(ROUND(CA50*$P50,2),"") -> 0 | CN50: =IFERROR(ROUND(CB50*$P50,2),"") -> 0 | CO50: =SUM(CK50:CN50) -> 0
